⚠ [1236/1542] Replayed SM.Polygon
warning: SM/Polygon.lean:75:42: This simp argument is unused:
  add_left_comm

Hint: Omit it from the simp argument list.
  [apply] simp [edge, shift, add_assoc, add_comm]

Note: This linter can be disabled with `set_option linter.unusedSimpArgs false`
⚠ [1237/1542] Replayed SM.Chirotope
warning: SM/Chirotope.lean:105:62: This simp argument is unused:
  add_left_comm

Hint: Omit it from the simp argument list.
  [apply] simp [turn, chi_shift, sub_eq_add_neg, add_assoc, add_comm]

Note: This linter can be disabled with `set_option linter.unusedSimpArgs false`
⚠ [1240/1542] Replayed SM.Generic
warning: SM/Generic.lean:86:73: Try `simp at hi` instead of `simpa using hi`

Note: This linter can be disabled with `set_option linter.unnecessarySimpa false`
warning: SM/Generic.lean:89:33: Variable name `hn` is not explicitly referenced.

Hint: The binding can be removed (if unused) or named `_` (if used implicitly). Alternatively, prefix the name with `_` to silence this warning:
  [apply] _hn

Note: This linter can be disabled with `set_option linter.unusedVariables false`
⚠ [1245/1542] Replayed SM.G1Consequences
warning: SM/G1Consequences.lean:124:2: Try this: 
  haveI̵

The goal is a proposition, so `have` is preferred over `haveI`.
The difference between `have` and `haveI` is that `haveI` inlines the value.
But this is not relevant for proofs because of proof irrelevance.

Note: This linter can be disabled with `set_option linter.style.haveILetI false`
warning: SM/G1Consequences.lean:125:2: Try this: 
  haveI̵

The goal is a proposition, so `have` is preferred over `haveI`.
The difference between `have` and `haveI` is that `haveI` inlines the value.
But this is not relevant for proofs because of proof irrelevance.

Note: This linter can be disabled with `set_option linter.style.haveILetI false`
⚠ [1251/1542] Replayed SM.CrossingCriterion
warning: SM/CrossingCriterion.lean:107:2: Try this: 
  haveI̵

The goal is a proposition, so `have` is preferred over `haveI`.
The difference between `have` and `haveI` is that `haveI` inlines the value.
But this is not relevant for proofs because of proof irrelevance.

Note: This linter can be disabled with `set_option linter.style.haveILetI false`
⚠ [1252/1542] Replayed SM.Crossings
warning: SM/Crossings.lean:105:2: Try this: 
  haveI̵

The goal is a proposition, so `have` is preferred over `haveI`.
The difference between `have` and `haveI` is that `haveI` inlines the value.
But this is not relevant for proofs because of proof irrelevance.

Note: This linter can be disabled with `set_option linter.style.haveILetI false`
warning: SM/Crossings.lean:106:2: Try this: 
  haveI̵

The goal is a proposition, so `have` is preferred over `haveI`.
The difference between `have` and `haveI` is that `haveI` inlines the value.
But this is not relevant for proofs because of proof irrelevance.

Note: This linter can be disabled with `set_option linter.style.haveILetI false`
warning: SM/Crossings.lean:115:2: Try this: 
  haveI̵

The goal is a proposition, so `have` is preferred over `haveI`.
The difference between `have` and `haveI` is that `haveI` inlines the value.
But this is not relevant for proofs because of proof irrelevance.

Note: This linter can be disabled with `set_option linter.style.haveILetI false`
warning: SM/Crossings.lean:162:2: Try this: 
  haveI̵

The goal is a proposition, so `have` is preferred over `haveI`.
The difference between `have` and `haveI` is that `haveI` inlines the value.
But this is not relevant for proofs because of proof irrelevance.

Note: This linter can be disabled with `set_option linter.style.haveILetI false`
⚠ [1253/1542] Replayed SM.CrossingEquiv
warning: SM/CrossingEquiv.lean:14:46: This simp argument is unused:
  add_assoc

Hint: Omit it from the simp argument list.
  [apply] simp [translateSupport, Finset.image_image]

Note: This linter can be disabled with `set_option linter.unusedSimpArgs false`
warning: SM/CrossingEquiv.lean:54:2: Try this: 
  haveI̵

The goal is a proposition, so `have` is preferred over `haveI`.
The difference between `have` and `haveI` is that `haveI` inlines the value.
But this is not relevant for proofs because of proof irrelevance.

Note: This linter can be disabled with `set_option linter.style.haveILetI false`
warning: SM/CrossingEquiv.lean:64:2: Try this: 
  haveI̵

The goal is a proposition, so `have` is preferred over `haveI`.
The difference between `have` and `haveI` is that `haveI` inlines the value.
But this is not relevant for proofs because of proof irrelevance.

Note: This linter can be disabled with `set_option linter.style.haveILetI false`
warning: SM/CrossingEquiv.lean:65:2: Try this: 
  haveI̵

The goal is a proposition, so `have` is preferred over `haveI`.
The difference between `have` and `haveI` is that `haveI` inlines the value.
But this is not relevant for proofs because of proof irrelevance.

Note: This linter can be disabled with `set_option linter.style.haveILetI false`
⚠ [1630/1788] Replayed SM.GenericTopology
warning: SM/GenericTopology.lean:117:2: Try this: 
  haveI̵

The goal is a proposition, so `have` is preferred over `haveI`.
The difference between `have` and `haveI` is that `haveI` inlines the value.
But this is not relevant for proofs because of proof irrelevance.

Note: This linter can be disabled with `set_option linter.style.haveILetI false`
warning: SM/GenericTopology.lean:118:2: Try this: 
  haveI̵

The goal is a proposition, so `have` is preferred over `haveI`.
The difference between `have` and `haveI` is that `haveI` inlines the value.
But this is not relevant for proofs because of proof irrelevance.

Note: This linter can be disabled with `set_option linter.style.haveILetI false`
⚠ [1718/1788] Replayed SM.Chambers
warning: SM/Chambers.lean:37:2: Try this: 
  letI̵

The goal is a proposition, so `let` is preferred over `letI`.
The difference between `let` and `letI` is that `letI` inlines the value.
But this is not relevant for proofs because of proof irrelevance.

Note: This linter can be disabled with `set_option linter.style.haveILetI false`
warning: SM/Chambers.lean:42:2: Try this: 
  letI̵

The goal is a proposition, so `let` is preferred over `letI`.
The difference between `let` and `letI` is that `letI` inlines the value.
But this is not relevant for proofs because of proof irrelevance.

Note: This linter can be disabled with `set_option linter.style.haveILetI false`
warning: SM/Chambers.lean:50:2: Try this: 
  letI̵

The goal is a proposition, so `let` is preferred over `letI`.
The difference between `let` and `letI` is that `letI` inlines the value.
But this is not relevant for proofs because of proof irrelevance.

Note: This linter can be disabled with `set_option linter.style.haveILetI false`
warning: SM/Chambers.lean:112:2: Try this: 
  haveI̵

The goal is a proposition, so `have` is preferred over `haveI`.
The difference between `have` and `haveI` is that `haveI` inlines the value.
But this is not relevant for proofs because of proof irrelevance.

Note: This linter can be disabled with `set_option linter.style.haveILetI false`
warning: SM/Chambers.lean:113:2: Try this: 
  haveI̵

The goal is a proposition, so `have` is preferred over `haveI`.
The difference between `have` and `haveI` is that `haveI` inlines the value.
But this is not relevant for proofs because of proof irrelevance.

Note: This linter can be disabled with `set_option linter.style.haveILetI false`
warning: SM/Chambers.lean:126:2: Try this: 
  haveI̵

The goal is a proposition, so `have` is preferred over `haveI`.
The difference between `have` and `haveI` is that `haveI` inlines the value.
But this is not relevant for proofs because of proof irrelevance.

Note: This linter can be disabled with `set_option linter.style.haveILetI false`
warning: SM/Chambers.lean:127:2: Try this: 
  haveI̵

The goal is a proposition, so `have` is preferred over `haveI`.
The difference between `have` and `haveI` is that `haveI` inlines the value.
But this is not relevant for proofs because of proof irrelevance.

Note: This linter can be disabled with `set_option linter.style.haveILetI false`
⚠ [1780/2022] Replayed SM.WeakGeneric
warning: SM/WeakGeneric.lean:32:2: Try this: 
  haveI̵

The goal is a proposition, so `have` is preferred over `haveI`.
The difference between `have` and `haveI` is that `haveI` inlines the value.
But this is not relevant for proofs because of proof irrelevance.

Note: This linter can be disabled with `set_option linter.style.haveILetI false`
warning: SM/WeakGeneric.lean:33:2: Try this: 
  haveI̵

The goal is a proposition, so `have` is preferred over `haveI`.
The difference between `have` and `haveI` is that `haveI` inlines the value.
But this is not relevant for proofs because of proof irrelevance.

Note: This linter can be disabled with `set_option linter.style.haveILetI false`
⚠ [2185/2196] Replayed SM.ZeroTriples
warning: SM/ZeroTriples.lean:53:4: Try `simp at hm` instead of `simpa using hm`

Note: This linter can be disabled with `set_option linter.unnecessarySimpa false`
⚠ [2189/2219] Replayed SM.SinglePointTriple
warning: SM/SinglePointTriple.lean:26:0: automatically included section variable(s) unused in theorem `SM.chi_zero_of_vertices_eq`:
  [NeZero n]
consider restructuring your `variable` declarations so that the variables are not in scope or explicitly omit them:
  omit [NeZero n] in theorem ...

Note: This linter can be disabled with `set_option linter.unusedSectionVars false`
warning: SM/SinglePointTriple.lean:55:2: Try this: 
  letI̵

The goal is a proposition, so `let` is preferred over `letI`.
The difference between `let` and `letI` is that `letI` inlines the value.
But this is not relevant for proofs because of proof irrelevance.

Note: This linter can be disabled with `set_option linter.style.haveILetI false`
⚠ [2190/2219] Replayed SM.TurnSupports
warning: SM/TurnSupports.lean:12:0: automatically included section variable(s) unused in theorem `SM.small_natCast_ne_zero`:
  [NeZero n]
consider restructuring your `variable` declarations so that the variables are not in scope or explicitly omit them:
  omit [NeZero n] in theorem ...

Note: This linter can be disabled with `set_option linter.unusedSectionVars false`
warning: SM/TurnSupports.lean:20:2: Try this: 
  letI̵

The goal is a proposition, so `let` is preferred over `letI`.
The difference between `let` and `letI` is that `letI` inlines the value.
But this is not relevant for proofs because of proof irrelevance.

Note: This linter can be disabled with `set_option linter.style.haveILetI false`
warning: SM/TurnSupports.lean:19:0: automatically included section variable(s) unused in theorem `SM.turnSupport_card`:
  [NeZero n]
consider restructuring your `variable` declarations so that the variables are not in scope or explicitly omit them:
  omit [NeZero n] in theorem ...

Note: This linter can be disabled with `set_option linter.unusedSectionVars false`
warning: SM/TurnSupports.lean:54:2: Try this: 
  letI̵

The goal is a proposition, so `let` is preferred over `letI`.
The difference between `let` and `letI` is that `letI` inlines the value.
But this is not relevant for proofs because of proof irrelevance.

Note: This linter can be disabled with `set_option linter.style.haveILetI false`
⚠ [2194/2219] Replayed SM.AffineSegments
warning: SM/AffineSegments.lean:31:41: Variable name `hs0` is not explicitly referenced.

Hint: The binding can be removed (if unused) or named `_` (if used implicitly). Alternatively, prefix the name with `_` to silence this warning:
  [apply] _hs0

Note: This linter can be disabled with `set_option linter.unusedVariables false`
warning: SM/AffineSegments.lean:32:19: Variable name `ht1` is not explicitly referenced.

Hint: The binding can be removed (if unused) or named `_` (if used implicitly). Alternatively, prefix the name with `_` to silence this warning:
  [apply] _ht1

Note: This linter can be disabled with `set_option linter.unusedVariables false`
⚠ [2195/2219] Replayed SM.FlatContacts
warning: SM/FlatContacts.lean:16:2: Try this: 
  letI̵

The goal is a proposition, so `let` is preferred over `letI`.
The difference between `let` and `letI` is that `letI` inlines the value.
But this is not relevant for proofs because of proof irrelevance.

Note: This linter can be disabled with `set_option linter.style.haveILetI false`
⚠ [2196/2219] Replayed SM.FlatCenter
warning: SM/FlatCenter.lean:11:0: automatically included section variable(s) unused in theorem `SM.flat_fusion`:
  [NeZero n]
consider restructuring your `variable` declarations so that the variables are not in scope or explicitly omit them:
  omit [NeZero n] in theorem ...

Note: This linter can be disabled with `set_option linter.unusedSectionVars false`
⚠ [2197/2219] Replayed SM.FlatAdjacent
warning: SM/FlatAdjacent.lean:88:2: Try `simp at hm` instead of `simpa using hm`

Note: This linter can be disabled with `set_option linter.unnecessarySimpa false`
⚠ [2198/2219] Replayed SM.SingleTripleTransverse
warning: SM/SingleTripleTransverse.lean:22:2: Try this: 
  letI̵

The goal is a proposition, so `let` is preferred over `letI`.
The difference between `let` and `letI` is that `letI` inlines the value.
But this is not relevant for proofs because of proof irrelevance.

Note: This linter can be disabled with `set_option linter.style.haveILetI false`
⚠ [2200/2219] Replayed SM.ChamberPaths
warning: SM/ChamberPaths.lean:24:0: automatically included section variable(s) unused in theorem `SM.generic_family_edgeParameter_continuous`:
  [PreconnectedSpace α]
consider restructuring your `variable` declarations so that the variables are not in scope or explicitly omit them:
  omit [PreconnectedSpace α] in theorem ...

Note: This linter can be disabled with `set_option linter.unusedSectionVars false`
⚠ [2201/2219] Replayed SM.CyclicChambers
warning: SM/CyclicChambers.lean:86:2: Try this: 
  haveI̵

The goal is a proposition, so `have` is preferred over `haveI`.
The difference between `have` and `haveI` is that `haveI` inlines the value.
But this is not relevant for proofs because of proof irrelevance.

Note: This linter can be disabled with `set_option linter.style.haveILetI false`
warning: SM/CyclicChambers.lean:87:2: Try this: 
  letI̵

The goal is a proposition, so `let` is preferred over `letI`.
The difference between `let` and `letI` is that `letI` inlines the value.
But this is not relevant for proofs because of proof irrelevance.

Note: This linter can be disabled with `set_option linter.style.haveILetI false`
warning: SM/CyclicChambers.lean:143:2: Try this: 
  haveI̵

The goal is a proposition, so `have` is preferred over `haveI`.
The difference between `have` and `haveI` is that `haveI` inlines the value.
But this is not relevant for proofs because of proof irrelevance.

Note: This linter can be disabled with `set_option linter.style.haveILetI false`
⚠ [2204/2219] Replayed SM.GermSignChange
warning: SM/GermSignChange.lean:25:33: Variable name `hδ` is not explicitly referenced.

Hint: The binding can be removed (if unused) or named `_` (if used implicitly). Alternatively, prefix the name with `_` to silence this warning:
  [apply] _hδ

Note: This linter can be disabled with `set_option linter.unusedVariables false`
⚠ [2207/2219] Replayed SM.ContactIndices
warning: SM/ContactIndices.lean:14:0: automatically included section variable(s) unused in theorem `SM.contactSeparated_iff`:
  [NeZero n]
consider restructuring your `variable` declarations so that the variables are not in scope or explicitly omit them:
  omit [NeZero n] in theorem ...

Note: This linter can be disabled with `set_option linter.unusedSectionVars false`
⚠ [2208/2219] Replayed SM.NonFlatCenter
warning: SM/NonFlatCenter.lean:14:0: automatically included section variable(s) unused in theorem `SM.nonzero_turns_regular`:
  [NeZero n]
consider restructuring your `variable` declarations so that the variables are not in scope or explicitly omit them:
  omit [NeZero n] in theorem ...

Note: This linter can be disabled with `set_option linter.unusedSectionVars false`
warning: SM/NonFlatCenter.lean:33:2: Try this: 
  letI̵

The goal is a proposition, so `let` is preferred over `letI`.
The difference between `let` and `letI` is that `letI` inlines the value.
But this is not relevant for proofs because of proof irrelevance.

Note: This linter can be disabled with `set_option linter.style.haveILetI false`
warning: SM/NonFlatCenter.lean:48:2: Try `simp at hm` instead of `simpa using hm`

Note: This linter can be disabled with `set_option linter.unnecessarySimpa false`
⚠ [2209/2219] Replayed SM.ContactCenter
warning: SM/ContactCenter.lean:14:2: Try this: 
  letI̵

The goal is a proposition, so `let` is preferred over `letI`.
The difference between `let` and `letI` is that `letI` inlines the value.
But this is not relevant for proofs because of proof irrelevance.

Note: This linter can be disabled with `set_option linter.style.haveILetI false`
⚠ [2210/2219] Replayed SM.PureCutIndices
warning: SM/PureCutIndices.lean:27:0: automatically included section variable(s) unused in theorem `SM.noConsecutive_ne_turnSupport`:
  [NeZero n]
consider restructuring your `variable` declarations so that the variables are not in scope or explicitly omit them:
  omit [NeZero n] in theorem ...

Note: This linter can be disabled with `set_option linter.unusedSectionVars false`
warning: SM/PureCutIndices.lean:35:2: Try this: 
  letI̵

The goal is a proposition, so `let` is preferred over `letI`.
The difference between `let` and `letI` is that `letI` inlines the value.
But this is not relevant for proofs because of proof irrelevance.

Note: This linter can be disabled with `set_option linter.style.haveILetI false`
⚠ [2215/2252] Replayed SM.Traversal
warning: SM/Traversal.lean:65:0: Definition `SM.traversalLinearOrder` of class type is semireducible. Most type class instances should be instance-reducible, so consider marking this
definition with `@[instance_reducible]`. If it is intentionally semireducible, this warning can be disabled with `set_option warn.classDefReducibility false`.
warning: SM/Traversal.lean:68:0: Definition `SM.traversalCircularOrder` of class type is semireducible. Most type class instances should be instance-reducible, so consider marking this
definition with `@[instance_reducible]`. If it is intentionally semireducible, this warning can be disabled with `set_option warn.classDefReducibility false`.
⚠ [2216/2252] Replayed SM.GaussVisits
warning: SM/GaussVisits.lean:90:2: Try this: 
  haveI̵

The goal is a proposition, so `have` is preferred over `haveI`.
The difference between `have` and `haveI` is that `haveI` inlines the value.
But this is not relevant for proofs because of proof irrelevance.

Note: This linter can be disabled with `set_option linter.style.haveILetI false`
⚠ [2217/2252] Replayed SM.GaussWord
warning: SM/GaussWord.lean:30:2: Try this: 
  haveI̵

The goal is a proposition, so `have` is preferred over `haveI`.
The difference between `have` and `haveI` is that `haveI` inlines the value.
But this is not relevant for proofs because of proof irrelevance.

Note: This linter can be disabled with `set_option linter.style.haveILetI false`
warning: SM/GaussWord.lean:31:2: Try this: 
  letI̵

The goal is a proposition, so `let` is preferred over `letI`.
The difference between `let` and `letI` is that `letI` inlines the value.
But this is not relevant for proofs because of proof irrelevance.

Note: This linter can be disabled with `set_option linter.style.haveILetI false`
warning: SM/GaussWord.lean:37:2: Try this: 
  haveI̵

The goal is a proposition, so `have` is preferred over `haveI`.
The difference between `have` and `haveI` is that `haveI` inlines the value.
But this is not relevant for proofs because of proof irrelevance.

Note: This linter can be disabled with `set_option linter.style.haveILetI false`
warning: SM/GaussWord.lean:38:2: Try this: 
  letI̵

The goal is a proposition, so `let` is preferred over `letI`.
The difference between `let` and `letI` is that `letI` inlines the value.
But this is not relevant for proofs because of proof irrelevance.

Note: This linter can be disabled with `set_option linter.style.haveILetI false`
warning: SM/GaussWord.lean:50:2: Try this: 
  haveI̵

The goal is a proposition, so `have` is preferred over `haveI`.
The difference between `have` and `haveI` is that `haveI` inlines the value.
But this is not relevant for proofs because of proof irrelevance.

Note: This linter can be disabled with `set_option linter.style.haveILetI false`
warning: SM/GaussWord.lean:51:2: Try this: 
  letI̵

The goal is a proposition, so `let` is preferred over `letI`.
The difference between `let` and `letI` is that `letI` inlines the value.
But this is not relevant for proofs because of proof irrelevance.

Note: This linter can be disabled with `set_option linter.style.haveILetI false`
warning: SM/GaussWord.lean:57:2: Try this: 
  haveI̵

The goal is a proposition, so `have` is preferred over `haveI`.
The difference between `have` and `haveI` is that `haveI` inlines the value.
But this is not relevant for proofs because of proof irrelevance.

Note: This linter can be disabled with `set_option linter.style.haveILetI false`
warning: SM/GaussWord.lean:58:2: Try this: 
  letI̵

The goal is a proposition, so `let` is preferred over `letI`.
The difference between `let` and `letI` is that `letI` inlines the value.
But this is not relevant for proofs because of proof irrelevance.

Note: This linter can be disabled with `set_option linter.style.haveILetI false`
warning: SM/GaussWord.lean:77:2: Try this: 
  haveI̵

The goal is a proposition, so `have` is preferred over `haveI`.
The difference between `have` and `haveI` is that `haveI` inlines the value.
But this is not relevant for proofs because of proof irrelevance.

Note: This linter can be disabled with `set_option linter.style.haveILetI false`
⚠ [2218/2252] Replayed SM.GeometricVisits
warning: SM/GeometricVisits.lean:76:2: Try this: 
  letI̵

The goal is a proposition, so `let` is preferred over `letI`.
The difference between `let` and `letI` is that `letI` inlines the value.
But this is not relevant for proofs because of proof irrelevance.

Note: This linter can be disabled with `set_option linter.style.haveILetI false`
warning: SM/GeometricVisits.lean:82:2: Try this: 
  letI̵

The goal is a proposition, so `let` is preferred over `letI`.
The difference between `let` and `letI` is that `letI` inlines the value.
But this is not relevant for proofs because of proof irrelevance.

Note: This linter can be disabled with `set_option linter.style.haveILetI false`
warning: SM/GeometricVisits.lean:88:2: Try this: 
  letI̵

The goal is a proposition, so `let` is preferred over `letI`.
The difference between `let` and `letI` is that `letI` inlines the value.
But this is not relevant for proofs because of proof irrelevance.

Note: This linter can be disabled with `set_option linter.style.haveILetI false`
⚠ [2222/2252] Replayed SM.GeometricTransport
warning: SM/GeometricTransport.lean:14:0: automatically included section variable(s) unused in theorem `SM.geometric_visitParameterOrder`:
  [NeZero n]
consider restructuring your `variable` declarations so that the variables are not in scope or explicitly omit them:
  omit [NeZero n] in theorem ...

Note: This linter can be disabled with `set_option linter.unusedSectionVars false`
⚠ [2223/2252] Replayed SM.TraversalRelabel
warning: SM/TraversalRelabel.lean:57:24: `if_neg` has been deprecated: Use `ite_eq_right` instead
warning: SM/TraversalRelabel.lean:66:8: `if_pos` has been deprecated: Use `ite_eq_left` instead
warning: SM/TraversalRelabel.lean:68:8: `if_neg` has been deprecated: Use `ite_eq_right` instead
⚠ [2224/2252] Replayed SM.TraversalArcs
warning: SM/TraversalArcs.lean:13:2: Try this: 
  letI̵

The goal is a proposition, so `let` is preferred over `letI`.
The difference between `let` and `letI` is that `letI` inlines the value.
But this is not relevant for proofs because of proof irrelevance.

Note: This linter can be disabled with `set_option linter.style.haveILetI false`
⚠ [2225/2252] Replayed SM.Interlacement
warning: SM/Interlacement.lean:40:2: Try this: 
  haveI̵

The goal is a proposition, so `have` is preferred over `haveI`.
The difference between `have` and `haveI` is that `haveI` inlines the value.
But this is not relevant for proofs because of proof irrelevance.

Note: This linter can be disabled with `set_option linter.style.haveILetI false`
⚠ [2227/2252] Replayed SM.VisitRelabel
warning: SM/VisitRelabel.lean:35:2: Try this: 
  haveI̵

The goal is a proposition, so `have` is preferred over `haveI`.
The difference between `have` and `haveI` is that `haveI` inlines the value.
But this is not relevant for proofs because of proof irrelevance.

Note: This linter can be disabled with `set_option linter.style.haveILetI false`
⚠ [2248/2280] Replayed SM.InterlaceRelabel
warning: SM/InterlaceRelabel.lean:23:2: Try this: 
  haveI̵

The goal is a proposition, so `have` is preferred over `haveI`.
The difference between `have` and `haveI` is that `haveI` inlines the value.
But this is not relevant for proofs because of proof irrelevance.

Note: This linter can be disabled with `set_option linter.style.haveILetI false`
⚠ [2249/2280] Replayed SM.InterlaceSupports
warning: SM/InterlaceSupports.lean:35:2: Try this: 
  haveI̵

The goal is a proposition, so `have` is preferred over `haveI`.
The difference between `have` and `haveI` is that `haveI` inlines the value.
But this is not relevant for proofs because of proof irrelevance.

Note: This linter can be disabled with `set_option linter.style.haveILetI false`
warning: SM/InterlaceSupports.lean:57:2: Try this: 
  haveI̵

The goal is a proposition, so `have` is preferred over `haveI`.
The difference between `have` and `haveI` is that `haveI` inlines the value.
But this is not relevant for proofs because of proof irrelevance.

Note: This linter can be disabled with `set_option linter.style.haveILetI false`
warning: SM/InterlaceSupports.lean:72:2: Try this: 
  haveI̵

The goal is a proposition, so `have` is preferred over `haveI`.
The difference between `have` and `haveI` is that `haveI` inlines the value.
But this is not relevant for proofs because of proof irrelevance.

Note: This linter can be disabled with `set_option linter.style.haveILetI false`
⚠ [2252/2280] Replayed SM.InsertionIndices
warning: SM/InsertionIndices.lean:32:0: automatically included section variable(s) unused in theorem `SM.insertIndex_zero`:
  [NeZero n]
consider restructuring your `variable` declarations so that the variables are not in scope or explicitly omit them:
  omit [NeZero n] in theorem ...

Note: This linter can be disabled with `set_option linter.unusedSectionVars false`
warning: SM/InsertionIndices.lean:34:0: automatically included section variable(s) unused in theorem `SM.insertedIndex_add_one`:
  [NeZero n]
consider restructuring your `variable` declarations so that the variables are not in scope or explicitly omit them:
  omit [NeZero n] in theorem ...

Note: This linter can be disabled with `set_option linter.unusedSectionVars false`
⚠ [2254/2280] Replayed SM.InsertedTuple
warning: SM/InsertedTuple.lean:16:44: `if_pos` has been deprecated: Use `ite_eq_left` instead
warning: SM/InsertedTuple.lean:20:65: `if_false` has been deprecated: Use `ite_false` instead
warning: SM/InsertedTuple.lean:18:0: automatically included section variable(s) unused in theorem `SM.appendVertex_new`:
  [NeZero n]
consider restructuring your `variable` declarations so that the variables are not in scope or explicitly omit them:
  omit [NeZero n] in theorem ...

Note: This linter can be disabled with `set_option linter.unusedSectionVars false`
warning: SM/InsertedTuple.lean:52:8: `if_neg` has been deprecated: Use `ite_eq_right` instead
warning: SM/InsertedTuple.lean:66:59: `if_neg` has been deprecated: Use `ite_eq_right` instead
⚠ [2255/2280] Replayed SM.DeletedTuple
warning: SM/DeletedTuple.lean:16:0: automatically included section variable(s) unused in theorem `SM.deleteVertex_apply`:
  [NeZero n]
consider restructuring your `variable` declarations so that the variables are not in scope or explicitly omit them:
  omit [NeZero n] in theorem ...

Note: This linter can be disabled with `set_option linter.unusedSectionVars false`
warning: SM/DeletedTuple.lean:46:0: automatically included section variable(s) unused in theorem `SM.continuous_deleteVertex`:
  [NeZero n]
consider restructuring your `variable` declarations so that the variables are not in scope or explicitly omit them:
  omit [NeZero n] in theorem ...

Note: This linter can be disabled with `set_option linter.unusedSectionVars false`
⚠ [2259/2280] Replayed SM.G1CrossingStability
warning: SM/G1CrossingStability.lean:12:0: automatically included section variable(s) unused in theorem `SM.chi_locally_constant_of_G1`:
  [NeZero n]
consider restructuring your `variable` declarations so that the variables are not in scope or explicitly omit them:
  omit [NeZero n] in theorem ...

Note: This linter can be disabled with `set_option linter.unusedSectionVars false`
warning: SM/G1CrossingStability.lean:37:0: automatically included section variable(s) unused in theorem `SM.continuousAt_edgeParameter`:
  [NeZero n]
consider restructuring your `variable` declarations so that the variables are not in scope or explicitly omit them:
  omit [NeZero n] in theorem ...

Note: This linter can be disabled with `set_option linter.unusedSectionVars false`
⚠ [2260/2280] Replayed SM.TripleCenter
warning: SM/TripleCenter.lean:11:0: automatically included section variable(s) unused in theorem `SM.isCrossing_of_common_interiors`:
  [NeZero n]
consider restructuring your `variable` declarations so that the variables are not in scope or explicitly omit them:
  omit [NeZero n] in theorem ...

Note: This linter can be disabled with `set_option linter.unusedSectionVars false`
warning: SM/TripleCenter.lean:17:0: automatically included section variable(s) unused in theorem `SM.crossingPoint_eq_edgeParameter`:
  [NeZero n]
consider restructuring your `variable` declarations so that the variables are not in scope or explicitly omit them:
  omit [NeZero n] in theorem ...

Note: This linter can be disabled with `set_option linter.unusedSectionVars false`
warning: SM/TripleCenter.lean:28:2: Try this: 
  letI̵

The goal is a proposition, so `let` is preferred over `letI`.
The difference between `let` and `letI` is that `letI` inlines the value.
But this is not relevant for proofs because of proof irrelevance.

Note: This linter can be disabled with `set_option linter.style.haveILetI false`
warning: SM/TripleCenter.lean:53:2: Try this: 
  letI̵

The goal is a proposition, so `let` is preferred over `letI`.
The difference between `let` and `letI` is that `letI` inlines the value.
But this is not relevant for proofs because of proof irrelevance.

Note: This linter can be disabled with `set_option linter.style.haveILetI false`
warning: SM/TripleCenter.lean:63:2: Try this: 
  letI̵

The goal is a proposition, so `let` is preferred over `letI`.
The difference between `let` and `letI` is that `letI` inlines the value.
But this is not relevant for proofs because of proof irrelevance.

Note: This linter can be disabled with `set_option linter.style.haveILetI false`
warning: SM/TripleCenter.lean:78:2: Try `simp at hmem` instead of `simpa using hmem`

Note: This linter can be disabled with `set_option linter.unnecessarySimpa false`
⚠ [2261/2280] Replayed SM.SortedCut
warning: SM/SortedCut.lean:40:28: `if_pos` has been deprecated: Use `ite_eq_left` instead
warning: SM/SortedCut.lean:40:40: `if_pos` has been deprecated: Use `ite_eq_left` instead
warning: SM/SortedCut.lean:48:28: `if_neg` has been deprecated: Use `ite_eq_right` instead
warning: SM/SortedCut.lean:48:40: `if_neg` has been deprecated: Use `ite_eq_right` instead
warning: SM/SortedCut.lean:61:28: `if_neg` has been deprecated: Use `ite_eq_right` instead
warning: SM/SortedCut.lean:61:40: `if_pos` has been deprecated: Use `ite_eq_left` instead
⚠ [2262/2280] Replayed SM.SortedCompressedCut
warning: SM/SortedCompressedCut.lean:39:28: `if_pos` has been deprecated: Use `ite_eq_left` instead
warning: SM/SortedCompressedCut.lean:39:40: `if_pos` has been deprecated: Use `ite_eq_left` instead
warning: SM/SortedCompressedCut.lean:48:28: `if_neg` has been deprecated: Use `ite_eq_right` instead
warning: SM/SortedCompressedCut.lean:48:40: `if_neg` has been deprecated: Use `ite_eq_right` instead
warning: SM/SortedCompressedCut.lean:62:28: `if_neg` has been deprecated: Use `ite_eq_right` instead
warning: SM/SortedCompressedCut.lean:62:40: `if_pos` has been deprecated: Use `ite_eq_left` instead
⚠ [2264/2280] Replayed SM.GeometricCrossingStability
warning: SM/GeometricCrossingStability.lean:13:0: automatically included section variable(s) unused in theorem `SM.remote_pair_persists_of_geometry`:
  [NeZero n]
consider restructuring your `variable` declarations so that the variables are not in scope or explicitly omit them:
  omit [NeZero n] in theorem ...

Note: This linter can be disabled with `set_option linter.unusedSectionVars false`
⚠ [2265/2420] Replayed SM.FusionIndices
warning: SM/FusionIndices.lean:13:0: automatically included section variable(s) unused in theorem `SM.fusionIndex_deleted`:
  [NeZero n]
consider restructuring your `variable` declarations so that the variables are not in scope or explicitly omit them:
  omit [NeZero n] in theorem ...

Note: This linter can be disabled with `set_option linter.unusedSectionVars false`
warning: SM/FusionIndices.lean:18:19: `if_neg` has been deprecated: Use `ite_eq_right` instead
⚠ [2266/2420] Replayed SM.FusionGeometry
warning: SM/FusionGeometry.lean:16:0: automatically included section variable(s) unused in theorem `SM.fusionScale_pos`:
  [NeZero n]
consider restructuring your `variable` declarations so that the variables are not in scope or explicitly omit them:
  omit [NeZero n] in theorem ...

Note: This linter can be disabled with `set_option linter.unusedSectionVars false`
warning: SM/FusionGeometry.lean:21:0: automatically included section variable(s) unused in theorem `SM.fusionParameter_interior`:
  [NeZero n]
consider restructuring your `variable` declarations so that the variables are not in scope or explicitly omit them:
  omit [NeZero n] in theorem ...

Note: This linter can be disabled with `set_option linter.unusedSectionVars false`
warning: SM/FusionGeometry.lean:62:6: This simp argument is unused:
  edge_deleteVertex_last

Hint: Omit it from the simp argument list.
  [apply] simp only [fusionParameter, ↓reduceIte, edgePoint, deleteVertex_last, edge, neg_add_cancel, deleteVertex_zero]

Note: This linter can be disabled with `set_option linter.unusedSimpArgs false`
warning: SM/FusionGeometry.lean:69:8: This simp argument is unused:
  edge_deleteVertex_last

Hint: Omit it from the simp argument list.
  [apply] simp only [fusionParameter, hk, ↓reduceIte, edgePoint, deleteVertex_last, edge, sub_add_cancel,
    neg_add_cancel, deleteVertex_zero]

Note: This linter can be disabled with `set_option linter.unusedSimpArgs false`
⚠ [2268/2420] Replayed SM.FusionCrossings
warning: SM/FusionCrossings.lean:19:2: Try this: 
  letI̵

The goal is a proposition, so `let` is preferred over `letI`.
The difference between `let` and `letI` is that `letI` inlines the value.
But this is not relevant for proofs because of proof irrelevance.

Note: This linter can be disabled with `set_option linter.style.haveILetI false`
⚠ [2270/2420] Replayed SM.FusionParameterOrder
warning: SM/FusionParameterOrder.lean:11:0: automatically included section variable(s) unused in theorem `SM.fusionParameter_strictMono`:
  [NeZero n]
consider restructuring your `variable` declarations so that the variables are not in scope or explicitly omit them:
  omit [NeZero n] in theorem ...

Note: This linter can be disabled with `set_option linter.unusedSectionVars false`
warning: SM/FusionParameterOrder.lean:24:2: Try this: 
  letI̵

The goal is a proposition, so `let` is preferred over `letI`.
The difference between `let` and `letI` is that `letI` inlines the value.
But this is not relevant for proofs because of proof irrelevance.

Note: This linter can be disabled with `set_option linter.style.haveILetI false`
⚠ [2272/2420] Replayed SM.GeometricOrderStability
warning: SM/GeometricOrderStability.lean:38:0: automatically included section variable(s) unused in theorem `SM.crossingSign_locally_constant_of_geometry`:
  [NeZero n]
consider restructuring your `variable` declarations so that the variables are not in scope or explicitly omit them:
  omit [NeZero n] in theorem ...

Note: This linter can be disabled with `set_option linter.unusedSectionVars false`
⚠ [2273/2420] Replayed SM.GeometricRecords
warning: SM/GeometricRecords.lean:17:2: Try this: 
  letI̵

The goal is a proposition, so `let` is preferred over `letI`.
The difference between `let` and `letI` is that `letI` inlines the value.
But this is not relevant for proofs because of proof irrelevance.

Note: This linter can be disabled with `set_option linter.style.haveILetI false`
⚠ [2278/2420] Replayed SM.FiniteChiStability
warning: SM/FiniteChiStability.lean:13:0: automatically included section variable(s) unused in theorem `SM.chi_locally_constant_of_ne_zero`:
  [NeZero n]
consider restructuring your `variable` declarations so that the variables are not in scope or explicitly omit them:
  omit [NeZero n] in theorem ...

Note: This linter can be disabled with `set_option linter.unusedSectionVars false`
⚠ [2282/2420] Replayed SM.GenericCurveChamber
warning: SM/GenericCurveChamber.lean:30:2: Try this: 
  letI̵

The goal is a proposition, so `let` is preferred over `letI`.
The difference between `let` and `letI` is that `letI` inlines the value.
But this is not relevant for proofs because of proof irrelevance.

Note: This linter can be disabled with `set_option linter.style.haveILetI false`
⚠ [2415/2646] Replayed SM.FlatFusionData
warning: SM/FlatFusionData.lean:56:2: Try this: 
  letI̵

The goal is a proposition, so `let` is preferred over `letI`.
The difference between `let` and `letI` is that `letI` inlines the value.
But this is not relevant for proofs because of proof irrelevance.

Note: This linter can be disabled with `set_option linter.style.haveILetI false`
⚠ [3154/3166] Replayed SM.GaussCyclicGap
warning: SM/GaussCyclicGap.lean:13:0: automatically included section variable(s) unused in theorem `SM.gaussCycle_nodup`:
  [NeZero n]
consider restructuring your `variable` declarations so that the variables are not in scope or explicitly omit them:
  omit [NeZero n] in theorem ...

Note: This linter can be disabled with `set_option linter.unusedSectionVars false`
warning: SM/GaussCyclicGap.lean:16:0: automatically included section variable(s) unused in theorem `SM.mem_gaussCycle`:
  [NeZero n]
consider restructuring your `variable` declarations so that the variables are not in scope or explicitly omit them:
  omit [NeZero n] in theorem ...

Note: This linter can be disabled with `set_option linter.unusedSectionVars false`
warning: SM/GaussCyclicGap.lean:34:2: Try this: 
  letI̵

The goal is a proposition, so `let` is preferred over `letI`.
The difference between `let` and `letI` is that `letI` inlines the value.
But this is not relevant for proofs because of proof irrelevance.

Note: This linter can be disabled with `set_option linter.style.haveILetI false`
⚠ [3156/3166] Replayed SM.CarrierMarks
warning: SM/CarrierMarks.lean:42:0: automatically included section variable(s) unused in theorem `SM.Carrier.markPosition_vertex`:
  [NeZero n]
consider restructuring your `variable` declarations so that the variables are not in scope or explicitly omit them:
  omit [NeZero n] in theorem ...

Note: This linter can be disabled with `set_option linter.unusedSectionVars false`
warning: SM/CarrierMarks.lean:45:0: automatically included section variable(s) unused in theorem `SM.Carrier.markPosition_visit`:
  [NeZero n]
consider restructuring your `variable` declarations so that the variables are not in scope or explicitly omit them:
  omit [NeZero n] in theorem ...

Note: This linter can be disabled with `set_option linter.unusedSectionVars false`
warning: SM/CarrierMarks.lean:49:0: automatically included section variable(s) unused in theorem `SM.Carrier.markPosition_evaluation_vertex`:
  [NeZero n]
consider restructuring your `variable` declarations so that the variables are not in scope or explicitly omit them:
  omit [NeZero n] in theorem ...

Note: This linter can be disabled with `set_option linter.unusedSectionVars false`
warning: SM/CarrierMarks.lean:54:0: automatically included section variable(s) unused in theorem `SM.Carrier.markPosition_evaluation_visit`:
  [NeZero n]
consider restructuring your `variable` declarations so that the variables are not in scope or explicitly omit them:
  omit [NeZero n] in theorem ...

Note: This linter can be disabled with `set_option linter.unusedSectionVars false`
warning: SM/CarrierMarks.lean:60:0: automatically included section variable(s) unused in theorem `SM.Carrier.markPosition_injective`:
  [NeZero n]
consider restructuring your `variable` declarations so that the variables are not in scope or explicitly omit them:
  omit [NeZero n] in theorem ...

Note: This linter can be disabled with `set_option linter.unusedSectionVars false`
warning: SM/CarrierMarks.lean:86:0: automatically included section variable(s) unused in theorem `SM.Carrier.markKey_visit`:
  [NeZero n]
consider restructuring your `variable` declarations so that the variables are not in scope or explicitly omit them:
  omit [NeZero n] in theorem ...

Note: This linter can be disabled with `set_option linter.unusedSectionVars false`
warning: SM/CarrierMarks.lean:107:2: Try this: 
  letI̵

The goal is a proposition, so `let` is preferred over `letI`.
The difference between `let` and `letI` is that `letI` inlines the value.
But this is not relevant for proofs because of proof irrelevance.

Note: This linter can be disabled with `set_option linter.style.haveILetI false`
warning: SM/CarrierMarks.lean:113:2: Try this: 
  letI̵

The goal is a proposition, so `let` is preferred over `letI`.
The difference between `let` and `letI` is that `letI` inlines the value.
But this is not relevant for proofs because of proof irrelevance.

Note: This linter can be disabled with `set_option linter.style.haveILetI false`
warning: SM/CarrierMarks.lean:119:2: Try this: 
  letI̵

The goal is a proposition, so `let` is preferred over `letI`.
The difference between `let` and `letI` is that `letI` inlines the value.
But this is not relevant for proofs because of proof irrelevance.

Note: This linter can be disabled with `set_option linter.style.haveILetI false`
warning: SM/CarrierMarks.lean:125:2: Try this: 
  letI̵

The goal is a proposition, so `let` is preferred over `letI`.
The difference between `let` and `letI` is that `letI` inlines the value.
But this is not relevant for proofs because of proof irrelevance.

Note: This linter can be disabled with `set_option linter.style.haveILetI false`
⚠ [3157/3166] Replayed SM.CarrierSuccessor
warning: SM/CarrierSuccessor.lean:120:2: Try this: 
  letI̵

The goal is a proposition, so `let` is preferred over `letI`.
The difference between `let` and `letI` is that `letI` inlines the value.
But this is not relevant for proofs because of proof irrelevance.

Note: This linter can be disabled with `set_option linter.style.haveILetI false`
⚠ [3158/3166] Replayed SM.CarrierVisitTwin
warning: SM/CarrierVisitTwin.lean:85:2: `if_pos` has been deprecated: Use `ite_eq_left` instead
warning: SM/CarrierVisitTwin.lean:89:2: `if_neg` has been deprecated: Use `ite_eq_right` instead
⚠ [3159/3166] Replayed SM.CarrierSmoothing
warning: SM/CarrierSmoothing.lean:41:0: automatically included section variable(s) unused in theorem `SM.Carrier.selectedMarkPerm_vertex`:
  [NeZero n]
consider restructuring your `variable` declarations so that the variables are not in scope or explicitly omit them:
  omit [NeZero n] in theorem ...

Note: This linter can be disabled with `set_option linter.unusedSectionVars false`
warning: SM/CarrierSmoothing.lean:45:0: automatically included section variable(s) unused in theorem `SM.Carrier.selectedMarkPerm_visit`:
  [NeZero n]
consider restructuring your `variable` declarations so that the variables are not in scope or explicitly omit them:
  omit [NeZero n] in theorem ...

Note: This linter can be disabled with `set_option linter.unusedSectionVars false`
warning: SM/CarrierSmoothing.lean:48:0: automatically included section variable(s) unused in theorem `SM.Carrier.selectedMarkPerm_involutive`:
  [NeZero n]
consider restructuring your `variable` declarations so that the variables are not in scope or explicitly omit them:
  omit [NeZero n] in theorem ...

Note: This linter can be disabled with `set_option linter.unusedSectionVars false`
warning: SM/CarrierSmoothing.lean:64:0: automatically included section variable(s) unused in theorem `SM.Carrier.selectedMarkPerm_commute`:
  [NeZero n]
consider restructuring your `variable` declarations so that the variables are not in scope or explicitly omit them:
  omit [NeZero n] in theorem ...

Note: This linter can be disabled with `set_option linter.unusedSectionVars false`
warning: SM/CarrierSmoothing.lean:72:0: automatically included section variable(s) unused in theorem `SM.Carrier.selectedMarkPerm_union_of_disjoint`:
  [NeZero n]
consider restructuring your `variable` declarations so that the variables are not in scope or explicitly omit them:
  omit [NeZero n] in theorem ...

Note: This linter can be disabled with `set_option linter.unusedSectionVars false`
warning: SM/CarrierSmoothing.lean:183:2: Try this: 
  letI̵

The goal is a proposition, so `let` is preferred over `letI`.
The difference between `let` and `letI` is that `letI` inlines the value.
But this is not relevant for proofs because of proof irrelevance.

Note: This linter can be disabled with `set_option linter.style.haveILetI false`
warning: SM/CarrierSmoothing.lean:184:2: Try this: 
  letI̵

The goal is a proposition, so `let` is preferred over `letI`.
The difference between `let` and `letI` is that `letI` inlines the value.
But this is not relevant for proofs because of proof irrelevance.

Note: This linter can be disabled with `set_option linter.style.haveILetI false`
⚠ [3160/3166] Replayed SM.CarrierSingleSwitch
warning: SM/CarrierSingleSwitch.lean:37:0: automatically included section variable(s) unused in theorem `SM.Carrier.selectedVisitTwin_singleton`:
  [NeZero n]
consider restructuring your `variable` declarations so that the variables are not in scope or explicitly omit them:
  omit [NeZero n] in theorem ...

Note: This linter can be disabled with `set_option linter.unusedSectionVars false`
warning: SM/CarrierSingleSwitch.lean:76:10: This simp argument is unused:
  or_comm

Hint: Omit it from the simp argument list.
  [apply] simp

Note: This linter can be disabled with `set_option linter.unusedSimpArgs false`
⚠ [3163/3166] Replayed SM.CuspDefinition
warning: SM/CuspDefinition.lean:27:0: automatically included section variable(s) unused in theorem `SM.cusp_indices_A`:
  [NeZero n]
consider restructuring your `variable` declarations so that the variables are not in scope or explicitly omit them:
  omit [NeZero n] in theorem ...

Note: This linter can be disabled with `set_option linter.unusedSectionVars false`
warning: SM/CuspDefinition.lean:33:0: automatically included section variable(s) unused in theorem `SM.cusp_indices_B`:
  [NeZero n]
consider restructuring your `variable` declarations so that the variables are not in scope or explicitly omit them:
  omit [NeZero n] in theorem ...

Note: This linter can be disabled with `set_option linter.unusedSectionVars false`
⚠ [3164/3166] Replayed SM.CuspCenter
warning: SM/CuspCenter.lean:49:0: automatically included section variable(s) unused in theorem `SM.cusp_negative_pair`:
  [NeZero n]
consider restructuring your `variable` declarations so that the variables are not in scope or explicitly omit them:
  omit [NeZero n] in theorem ...

Note: This linter can be disabled with `set_option linter.unusedSectionVars false`
⚠ [3165/3166] Replayed SM.CuspParameters
warning: SM/CuspParameters.lean:13:0: automatically included section variable(s) unused in theorem `SM.edgeParameter_reverse_eq_second`:
  [NeZero n]
consider restructuring your `variable` declarations so that the variables are not in scope or explicitly omit them:
  omit [NeZero n] in theorem ...

Note: This linter can be disabled with `set_option linter.unusedSectionVars false`
warning: SM/CuspParameters.lean:91:0: automatically included section variable(s) unused in theorem `SM.continuousAt_edgeParameter_of_det`:
  [NeZero n]
consider restructuring your `variable` declarations so that the variables are not in scope or explicitly omit them:
  omit [NeZero n] in theorem ...

Note: This linter can be disabled with `set_option linter.unusedSectionVars false`
warning: SM/CuspParameters.lean:97:0: automatically included section variable(s) unused in theorem `SM.continuous_cuspDelta`:
  [NeZero n]
consider restructuring your `variable` declarations so that the variables are not in scope or explicitly omit them:
  omit [NeZero n] in theorem ...

Note: This linter can be disabled with `set_option linter.unusedSectionVars false`
⚠ [3166/3200] Replayed SM.RootBoundary
warning: SM/RootBoundary.lean:14:0: automatically included section variable(s) unused in theorem `SM.boundaryIndex_injective`:
  [NeZero n]
consider restructuring your `variable` declarations so that the variables are not in scope or explicitly omit them:
  omit [NeZero n] in theorem ...

Note: This linter can be disabled with `set_option linter.unusedSectionVars false`
warning: SM/RootBoundary.lean:22:0: automatically included section variable(s) unused in theorem `SM.boundaryWord_shift`:
  [NeZero n]
consider restructuring your `variable` declarations so that the variables are not in scope or explicitly omit them:
  omit [NeZero n] in theorem ...

Note: This linter can be disabled with `set_option linter.unusedSectionVars false`
warning: SM/RootBoundary.lean:29:0: automatically included section variable(s) unused in theorem `SM.boundaryWord_first`:
  [NeZero n]
consider restructuring your `variable` declarations so that the variables are not in scope or explicitly omit them:
  omit [NeZero n] in theorem ...

Note: This linter can be disabled with `set_option linter.unusedSectionVars false`
warning: SM/RootBoundary.lean:33:0: automatically included section variable(s) unused in theorem `SM.boundaryWord_last`:
  [NeZero n]
consider restructuring your `variable` declarations so that the variables are not in scope or explicitly omit them:
  omit [NeZero n] in theorem ...

Note: This linter can be disabled with `set_option linter.unusedSectionVars false`
warning: SM/RootBoundary.lean:42:0: automatically included section variable(s) unused in theorem `SM.boundaryWord_leaf_edge`:
  [NeZero n]
consider restructuring your `variable` declarations so that the variables are not in scope or explicitly omit them:
  omit [NeZero n] in theorem ...

Note: This linter can be disabled with `set_option linter.unusedSectionVars false`
warning: SM/RootBoundary.lean:57:0: automatically included section variable(s) unused in theorem `SM.BoundaryInterval.leaves_pos`:
  [NeZero n]
consider restructuring your `variable` declarations so that the variables are not in scope or explicitly omit them:
  omit [NeZero n] in theorem ...

Note: This linter can be disabled with `set_option linter.unusedSectionVars false`
warning: SM/RootBoundary.lean:74:0: automatically included section variable(s) unused in theorem `SM.IntervalComposition.parts_lt`:
  [NeZero n]
consider restructuring your `variable` declarations so that the variables are not in scope or explicitly omit them:
  omit [NeZero n] in theorem ...

Note: This linter can be disabled with `set_option linter.unusedSectionVars false`
⚠ [3167/3200] Replayed SM.FiniteCompositions
warning: SM/FiniteCompositions.lean:32:0: automatically included section variable(s) unused in theorem `SM.IntervalComposition.part_leaves_lt`:
  [NeZero n]
consider restructuring your `variable` declarations so that the variables are not in scope or explicitly omit them:
  omit [NeZero n] in theorem ...

Note: This linter can be disabled with `set_option linter.unusedSectionVars false`
⚠ [3168/3200] Replayed SM.CompositionCutSet
warning: SM/CompositionCutSet.lean:20:7: automatically included section variable(s) unused in theorem `SM.BoundaryCutSet.ext`:
  [NeZero n]
consider restructuring your `variable` declarations so that the variables are not in scope or explicitly omit them:
  omit [NeZero n] in theorem ...

Note: This linter can be disabled with `set_option linter.unusedSectionVars false`
warning: SM/CompositionCutSet.lean:26:0: automatically included section variable(s) unused in theorem `SM.BoundaryCutSet.card_ge_two`:
  [NeZero n]
consider restructuring your `variable` declarations so that the variables are not in scope or explicitly omit them:
  omit [NeZero n] in theorem ...

Note: This linter can be disabled with `set_option linter.unusedSectionVars false`
warning: SM/CompositionCutSet.lean:87:0: automatically included section variable(s) unused in theorem `SM.IntervalComposition.cutSet_card`:
  [NeZero n]
consider restructuring your `variable` declarations so that the variables are not in scope or explicitly omit them:
  omit [NeZero n] in theorem ...

Note: This linter can be disabled with `set_option linter.unusedSectionVars false`
⚠ [3169/3200] Replayed SM.InteriorCutSet
warning: SM/InteriorCutSet.lean:36:0: automatically included section variable(s) unused in theorem `SM.BoundaryCutSet.interior_ofInterior`:
  [NeZero n]
consider restructuring your `variable` declarations so that the variables are not in scope or explicitly omit them:
  omit [NeZero n] in theorem ...

Note: This linter can be disabled with `set_option linter.unusedSectionVars false`
warning: SM/InteriorCutSet.lean:81:0: automatically included section variable(s) unused in theorem `SM.BoundaryCutSet.mem_restrict`:
  [NeZero n]
consider restructuring your `variable` declarations so that the variables are not in scope or explicitly omit them:
  omit [NeZero n] in theorem ...

Note: This linter can be disabled with `set_option linter.unusedSectionVars false`
⚠ [3170/3200] Replayed SM.CompositionSegments
warning: SM/CompositionSegments.lean:9:0: automatically included section variable(s) unused in theorem `SM.IntervalComposition.part_bounds`:
  [NeZero n]
consider restructuring your `variable` declarations so that the variables are not in scope or explicitly omit them:
  omit [NeZero n] in theorem ...

Note: This linter can be disabled with `set_option linter.unusedSectionVars false`
warning: SM/CompositionSegments.lean:18:0: automatically included section variable(s) unused in theorem `SM.IntervalComposition.part_order`:
  [NeZero n]
consider restructuring your `variable` declarations so that the variables are not in scope or explicitly omit them:
  omit [NeZero n] in theorem ...

Note: This linter can be disabled with `set_option linter.unusedSectionVars false`
warning: SM/CompositionSegments.lean:26:0: automatically included section variable(s) unused in theorem `SM.IntervalComposition.exists_halfOpen_part`:
  [NeZero n]
consider restructuring your `variable` declarations so that the variables are not in scope or explicitly omit them:
  omit [NeZero n] in theorem ...

Note: This linter can be disabled with `set_option linter.unusedSectionVars false`
⚠ [3172/3200] Replayed SM.InteriorCutIndex
warning: SM/InteriorCutIndex.lean:12:0: automatically included section variable(s) unused in theorem `SM.IntervalComposition.interiorPosition_injective`:
  [NeZero n]
consider restructuring your `variable` declarations so that the variables are not in scope or explicitly omit them:
  omit [NeZero n] in theorem ...

Note: This linter can be disabled with `set_option linter.unusedSectionVars false`
warning: SM/InteriorCutIndex.lean:21:0: automatically included section variable(s) unused in theorem `SM.IntervalComposition.interiorPosition_mem`:
  [NeZero n]
consider restructuring your `variable` declarations so that the variables are not in scope or explicitly omit them:
  omit [NeZero n] in theorem ...

Note: This linter can be disabled with `set_option linter.unusedSectionVars false`
⚠ [3173/3200] Replayed SM.Gates
warning: SM/Gates.lean:76:2: Try this: 
  letI̵

The goal is a proposition, so `let` is preferred over `letI`.
The difference between `let` and `letI` is that `letI` inlines the value.
But this is not relevant for proofs because of proof irrelevance.

Note: This linter can be disabled with `set_option linter.style.haveILetI false`
warning: SM/Gates.lean:79:0: automatically included section variable(s) unused in theorem `SM.IntervalComposition.binary_near_eq_far`:
  [NeZero n]
consider restructuring your `variable` declarations so that the variables are not in scope or explicitly omit them:
  omit [NeZero n] in theorem ...

Note: This linter can be disabled with `set_option linter.unusedSectionVars false`
warning: SM/Gates.lean:159:0: automatically included section variable(s) unused in theorem `SM.IntervalComposition.nearSign_shift`:
  [NeZero n]
consider restructuring your `variable` declarations so that the variables are not in scope or explicitly omit them:
  omit [NeZero n] in theorem ...

Note: This linter can be disabled with `set_option linter.unusedSectionVars false`
warning: SM/Gates.lean:165:0: automatically included section variable(s) unused in theorem `SM.IntervalComposition.farSign_shift`:
  [NeZero n]
consider restructuring your `variable` declarations so that the variables are not in scope or explicitly omit them:
  omit [NeZero n] in theorem ...

Note: This linter can be disabled with `set_option linter.unusedSectionVars false`
⚠ [3174/3200] Replayed SM.NearFar
warning: SM/NearFar.lean:74:0: automatically included section variable(s) unused in theorem `SM.geometricBoundaryArray_near`:
  [NeZero n]
  [Invertible 2]
consider restructuring your `variable` declarations so that the variables are not in scope or explicitly omit them:
  omit [NeZero n] [Invertible 2] in theorem ...

Note: This linter can be disabled with `set_option linter.unusedSectionVars false`
warning: SM/NearFar.lean:78:0: automatically included section variable(s) unused in theorem `SM.geometricBoundaryArray_far`:
  [NeZero n]
  [Invertible 2]
consider restructuring your `variable` declarations so that the variables are not in scope or explicitly omit them:
  omit [NeZero n] [Invertible 2] in theorem ...

Note: This linter can be disabled with `set_option linter.unusedSectionVars false`
warning: SM/NearFar.lean:100:0: automatically included section variable(s) unused in theorem `SM.geometricBoundaryArray_shift`:
  [NeZero n]
consider restructuring your `variable` declarations so that the variables are not in scope or explicitly omit them:
  omit [NeZero n] in theorem ...

Note: This linter can be disabled with `set_option linter.unusedSectionVars false`
⚠ [3175/3200] Replayed SM.NearFarCutExpansion
warning: SM/NearFarCutExpansion.lean:13:0: automatically included section variable(s) unused in theorem `SM.IntervalComposition.nearFarWeight_marked_expansion`:
  [NeZero n]
consider restructuring your `variable` declarations so that the variables are not in scope or explicitly omit them:
  omit [NeZero n] in theorem ...

Note: This linter can be disabled with `set_option linter.unusedSectionVars false`
⚠ [3176/3200] Replayed SM.TreeCoefficient
warning: SM/TreeCoefficient.lean:93:0: automatically included section variable(s) unused in theorem `SM.IntervalComposition.nearSign_eq_of_chi`:
  [NeZero n]
consider restructuring your `variable` declarations so that the variables are not in scope or explicitly omit them:
  omit [NeZero n] in theorem ...

Note: This linter can be disabled with `set_option linter.unusedSectionVars false`
warning: SM/TreeCoefficient.lean:97:0: automatically included section variable(s) unused in theorem `SM.IntervalComposition.farSign_eq_of_chi`:
  [NeZero n]
consider restructuring your `variable` declarations so that the variables are not in scope or explicitly omit them:
  omit [NeZero n] in theorem ...

Note: This linter can be disabled with `set_option linter.unusedSectionVars false`
⚠ [3177/3200] Replayed SM.UnaryComposition
warning: SM/UnaryComposition.lean:12:0: automatically included section variable(s) unused in theorem `SM.IntervalComposition.eq_single_of_parts_eq_one`:
  [NeZero n]
consider restructuring your `variable` declarations so that the variables are not in scope or explicitly omit them:
  omit [NeZero n] in theorem ...

Note: This linter can be disabled with `set_option linter.unusedSectionVars false`
warning: SM/UnaryComposition.lean:31:0: automatically included section variable(s) unused in theorem `SM.IntervalComposition.single_part`:
  [NeZero n]
consider restructuring your `variable` declarations so that the variables are not in scope or explicitly omit them:
  omit [NeZero n] in theorem ...

Note: This linter can be disabled with `set_option linter.unusedSectionVars false`
⚠ [3178/3226] Replayed SM.ConsecutiveCuts
warning: SM/ConsecutiveCuts.lean:11:0: automatically included section variable(s) unused in theorem `SM.BoundaryInterval.eq_of_endpoints`:
  [NeZero n]
consider restructuring your `variable` declarations so that the variables are not in scope or explicitly omit them:
  omit [NeZero n] in theorem ...

Note: This linter can be disabled with `set_option linter.unusedSectionVars false`
warning: SM/ConsecutiveCuts.lean:30:0: automatically included section variable(s) unused in theorem `SM.BoundaryCutSet.consecutive_restrict_iff`:
  [NeZero n]
consider restructuring your `variable` declarations so that the variables are not in scope or explicitly omit them:
  omit [NeZero n] in theorem ...

Note: This linter can be disabled with `set_option linter.unusedSectionVars false`
warning: SM/ConsecutiveCuts.lean:52:0: automatically included section variable(s) unused in theorem `SM.IntervalComposition.part_consecutive`:
  [NeZero n]
consider restructuring your `variable` declarations so that the variables are not in scope or explicitly omit them:
  omit [NeZero n] in theorem ...

Note: This linter can be disabled with `set_option linter.unusedSectionVars false`
warning: SM/ConsecutiveCuts.lean:64:0: automatically included section variable(s) unused in theorem `SM.IntervalComposition.part_injective`:
  [NeZero n]
consider restructuring your `variable` declarations so that the variables are not in scope or explicitly omit them:
  omit [NeZero n] in theorem ...

Note: This linter can be disabled with `set_option linter.unusedSectionVars false`
⚠ [3180/3226] Replayed SM.ConsecutiveTriples
warning: SM/ConsecutiveTriples.lean:46:0: automatically included section variable(s) unused in theorem `SM.IncreasingBoundaryTriple.eq_of_entries`:
  [NeZero n]
consider restructuring your `variable` declarations so that the variables are not in scope or explicitly omit them:
  omit [NeZero n] in theorem ...

Note: This linter can be disabled with `set_option linter.unusedSectionVars false`
warning: SM/ConsecutiveTriples.lean:70:0: automatically included section variable(s) unused in theorem `SM.IntervalComposition.nearTriple_leftInterval`:
  [NeZero n]
consider restructuring your `variable` declarations so that the variables are not in scope or explicitly omit them:
  omit [NeZero n] in theorem ...

Note: This linter can be disabled with `set_option linter.unusedSectionVars false`
warning: SM/ConsecutiveTriples.lean:74:0: automatically included section variable(s) unused in theorem `SM.IntervalComposition.nearTriple_rightInterval`:
  [NeZero n]
consider restructuring your `variable` declarations so that the variables are not in scope or explicitly omit them:
  omit [NeZero n] in theorem ...

Note: This linter can be disabled with `set_option linter.unusedSectionVars false`
warning: SM/ConsecutiveTriples.lean:83:0: automatically included section variable(s) unused in theorem `SM.IntervalComposition.nearTriple_middle_position`:
  [NeZero n]
consider restructuring your `variable` declarations so that the variables are not in scope or explicitly omit them:
  omit [NeZero n] in theorem ...

Note: This linter can be disabled with `set_option linter.unusedSectionVars false`
⚠ [3181/3226] Replayed SM.RefinedInterior
warning: SM/RefinedInterior.lean:11:0: automatically included section variable(s) unused in theorem `SM.BoundaryCutSet.mem_interior_iff`:
  [NeZero n]
consider restructuring your `variable` declarations so that the variables are not in scope or explicitly omit them:
  omit [NeZero n] in theorem ...

Note: This linter can be disabled with `set_option linter.unusedSectionVars false`
⚠ [3182/3226] Replayed SM.MarkedRefinement
warning: SM/MarkedRefinement.lean:14:0: automatically included section variable(s) unused in theorem `SM.BoundaryCutSet.cuts_subset_iff_interior_subset`:
  [NeZero n]
consider restructuring your `variable` declarations so that the variables are not in scope or explicitly omit them:
  omit [NeZero n] in theorem ...

Note: This linter can be disabled with `set_option linter.unusedSectionVars false`
⚠ [3185/3226] Replayed SM.RefinedWeights
warning: SM/RefinedWeights.lean:52:0: automatically included section variable(s) unused in theorem `SM.IntervalComposition.nearFarWeight_near_only`:
  [NeZero n]
consider restructuring your `variable` declarations so that the variables are not in scope or explicitly omit them:
  omit [NeZero n] in theorem ...

Note: This linter can be disabled with `set_option linter.unusedSectionVars false`
warning: SM/RefinedWeights.lean:56:0: automatically included section variable(s) unused in theorem `SM.IntervalComposition.nearFarWeight_far_only`:
  [NeZero n]
consider restructuring your `variable` declarations so that the variables are not in scope or explicitly omit them:
  omit [NeZero n] in theorem ...

Note: This linter can be disabled with `set_option linter.unusedSectionVars false`
⚠ [3186/3226] Replayed SM.NearFarFactorization
warning: SM/NearFarFactorization.lean:10:0: automatically included section variable(s) unused in theorem `SM.BoundaryCutSet.marked_transport_val`:
  [NeZero n]
consider restructuring your `variable` declarations so that the variables are not in scope or explicitly omit them:
  omit [NeZero n] in theorem ...

Note: This linter can be disabled with `set_option linter.unusedSectionVars false`
⚠ [3188/3226] Replayed SM.NearFarTriangular
warning: SM/NearFarTriangular.lean:17:2: Try this: 
  letI̵

The goal is a proposition, so `let` is preferred over `letI`.
The difference between `let` and `letI` is that `letI` inlines the value.
But this is not relevant for proofs because of proof irrelevance.

Note: This linter can be disabled with `set_option linter.style.haveILetI false`
warning: SM/NearFarTriangular.lean:15:0: automatically included section variable(s) unused in theorem `SM.IntervalComposition.nearFarWeight_one`:
  [NeZero n]
consider restructuring your `variable` declarations so that the variables are not in scope or explicitly omit them:
  omit [NeZero n] in theorem ...

Note: This linter can be disabled with `set_option linter.unusedSectionVars false`
⚠ [3189/3226] Replayed SM.GeometricNearFar
warning: SM/GeometricNearFar.lean:78:4: Try this: 
  letI̵

The goal is a proposition, so `let` is preferred over `letI`.
The difference between `let` and `letI` is that `letI` inlines the value.
But this is not relevant for proofs because of proof irrelevance.

Note: This linter can be disabled with `set_option linter.style.haveILetI false`
warning: SM/GeometricNearFar.lean:85:29: `if_false` has been deprecated: Use `ite_false` instead
⚠ [3190/3226] Replayed SM.FarOnlyOutput
warning: SM/FarOnlyOutput.lean:66:2: Try this: 
  letI̵

The goal is a proposition, so `let` is preferred over `letI`.
The difference between `let` and `letI` is that `letI` inlines the value.
But this is not relevant for proofs because of proof irrelevance.

Note: This linter can be disabled with `set_option linter.style.haveILetI false`
warning: SM/FarOnlyOutput.lean:71:0: automatically included section variable(s) unused in theorem `SM.boundaryUnitArray_leaf`:
  [NeZero n]
  [Invertible 2]
consider restructuring your `variable` declarations so that the variables are not in scope or explicitly omit them:
  omit [NeZero n] [Invertible 2] in theorem ...

Note: This linter can be disabled with `set_option linter.unusedSectionVars false`
⚠ [3191/3226] Replayed SM.IntervalRestriction
warning: SM/IntervalRestriction.lean:21:0: automatically included section variable(s) unused in theorem `SM.BoundaryInterval.globalPosition_strict`:
  [NeZero n]
consider restructuring your `variable` declarations so that the variables are not in scope or explicitly omit them:
  omit [NeZero n] in theorem ...

Note: This linter can be disabled with `set_option linter.unusedSectionVars false`
warning: SM/IntervalRestriction.lean:26:0: automatically included section variable(s) unused in theorem `SM.BoundaryInterval.globalPosition_bounds`:
  [NeZero n]
consider restructuring your `variable` declarations so that the variables are not in scope or explicitly omit them:
  omit [NeZero n] in theorem ...

Note: This linter can be disabled with `set_option linter.unusedSectionVars false`
warning: SM/IntervalRestriction.lean:44:0: automatically included section variable(s) unused in theorem `SM.BoundaryInterval.global_localPosition`:
  [NeZero n]
consider restructuring your `variable` declarations so that the variables are not in scope or explicitly omit them:
  omit [NeZero n] in theorem ...

Note: This linter can be disabled with `set_option linter.unusedSectionVars false`
warning: SM/IntervalRestriction.lean:77:0: automatically included section variable(s) unused in theorem `SM.IntervalComposition.eq_of_parts_cut`:
  [NeZero n]
consider restructuring your `variable` declarations so that the variables are not in scope or explicitly omit them:
  omit [NeZero n] in theorem ...

Note: This linter can be disabled with `set_option linter.unusedSectionVars false`
warning: SM/IntervalRestriction.lean:85:0: automatically included section variable(s) unused in theorem `SM.IntervalComposition.cut_bounds`:
  [NeZero n]
consider restructuring your `variable` declarations so that the variables are not in scope or explicitly omit them:
  omit [NeZero n] in theorem ...

Note: This linter can be disabled with `set_option linter.unusedSectionVars false`
warning: SM/IntervalRestriction.lean:199:0: automatically included section variable(s) unused in theorem `SM.boundaryUnitArray_restrict`:
  [Invertible 2]
consider restructuring your `variable` declarations so that the variables are not in scope or explicitly omit them:
  omit [Invertible 2] in theorem ...

Note: This linter can be disabled with `set_option linter.unusedSectionVars false`
⚠ [3192/3226] Replayed SM.RestrictedWordRoot
warning: SM/RestrictedWordRoot.lean:14:0: automatically included section variable(s) unused in theorem `SM.restrictedWord_boundary`:
  [NeZero n]
consider restructuring your `variable` declarations so that the variables are not in scope or explicitly omit them:
  omit [NeZero n] in theorem ...

Note: This linter can be disabled with `set_option linter.unusedSectionVars false`
warning: SM/RestrictedWordRoot.lean:22:0: automatically included section variable(s) unused in theorem `SM.restrictedWord_first_vertex`:
  [NeZero n]
consider restructuring your `variable` declarations so that the variables are not in scope or explicitly omit them:
  omit [NeZero n] in theorem ...

Note: This linter can be disabled with `set_option linter.unusedSectionVars false`
warning: SM/RestrictedWordRoot.lean:29:0: automatically included section variable(s) unused in theorem `SM.restrictedWord_last_vertex`:
  [NeZero n]
consider restructuring your `variable` declarations so that the variables are not in scope or explicitly omit them:
  omit [NeZero n] in theorem ...

Note: This linter can be disabled with `set_option linter.unusedSectionVars false`
warning: SM/RestrictedWordRoot.lean:63:0: automatically included section variable(s) unused in theorem `SM.geometricBoundaryArray_restrictedWord`:
  [Invertible 2]
consider restructuring your `variable` declarations so that the variables are not in scope or explicitly omit them:
  omit [Invertible 2] in theorem ...

Note: This linter can be disabled with `set_option linter.unusedSectionVars false`
⚠ [3194/3226] Replayed SM.PairVisits
warning: SM/PairVisits.lean:52:2: Try this: 
  letI̵

The goal is a proposition, so `let` is preferred over `letI`.
The difference between `let` and `letI` is that `letI` inlines the value.
But this is not relevant for proofs because of proof irrelevance.

Note: This linter can be disabled with `set_option linter.style.haveILetI false`
⚠ [3199/3226] Replayed SM.NamedWallSides
warning: SM/NamedWallSides.lean:17:0: automatically included section variable(s) unused in theorem `SM.WallGerm.flatRightSide_iff_at`:
  [NeZero n]
consider restructuring your `variable` declarations so that the variables are not in scope or explicitly omit them:
  omit [NeZero n] in theorem ...

Note: This linter can be disabled with `set_option linter.unusedSectionVars false`
warning: SM/NamedWallSides.lean:24:0: automatically included section variable(s) unused in theorem `SM.WallGerm.flatLeftSide_iff_at`:
  [NeZero n]
consider restructuring your `variable` declarations so that the variables are not in scope or explicitly omit them:
  omit [NeZero n] in theorem ...

Note: This linter can be disabled with `set_option linter.unusedSectionVars false`
warning: SM/NamedWallSides.lean:61:0: automatically included section variable(s) unused in theorem `SM.WallGerm.contactSign_eq_at`:
  [NeZero n]
consider restructuring your `variable` declarations so that the variables are not in scope or explicitly omit them:
  omit [NeZero n] in theorem ...

Note: This linter can be disabled with `set_option linter.unusedSectionVars false`
⚠ [3200/3226] Replayed SM.WallRelabelGeometry
warning: SM/WallRelabelGeometry.lean:10:0: automatically included section variable(s) unused in theorem `SM.wall_sub_add_cancel_right`:
  [NeZero n]
consider restructuring your `variable` declarations so that the variables are not in scope or explicitly omit them:
  omit [NeZero n] in theorem ...

Note: This linter can be disabled with `set_option linter.unusedSectionVars false`
warning: SM/WallRelabelGeometry.lean:12:0: automatically included section variable(s) unused in theorem `SM.wall_sub_sub_cancel_right`:
  [NeZero n]
consider restructuring your `variable` declarations so that the variables are not in scope or explicitly omit them:
  omit [NeZero n] in theorem ...

Note: This linter can be disabled with `set_option linter.unusedSectionVars false`
warning: SM/WallRelabelGeometry.lean:14:0: automatically included section variable(s) unused in theorem `SM.wall_translateSupport_injective`:
  [NeZero n]
consider restructuring your `variable` declarations so that the variables are not in scope or explicitly omit them:
  omit [NeZero n] in theorem ...

Note: This linter can be disabled with `set_option linter.unusedSectionVars false`
warning: SM/WallRelabelGeometry.lean:24:0: automatically included section variable(s) unused in theorem `SM.translateSupport_turn`:
  [NeZero n]
consider restructuring your `variable` declarations so that the variables are not in scope or explicitly omit them:
  omit [NeZero n] in theorem ...

Note: This linter can be disabled with `set_option linter.unusedSectionVars false`
warning: SM/WallRelabelGeometry.lean:28:0: automatically included section variable(s) unused in theorem `SM.translateSupport_contact`:
  [NeZero n]
consider restructuring your `variable` declarations so that the variables are not in scope or explicitly omit them:
  omit [NeZero n] in theorem ...

Note: This linter can be disabled with `set_option linter.unusedSectionVars false`
warning: SM/WallRelabelGeometry.lean:32:0: automatically included section variable(s) unused in theorem `SM.translateSupport_three`:
  [NeZero n]
consider restructuring your `variable` declarations so that the variables are not in scope or explicitly omit them:
  omit [NeZero n] in theorem ...

Note: This linter can be disabled with `set_option linter.unusedSectionVars false`
warning: SM/WallRelabelGeometry.lean:36:0: automatically included section variable(s) unused in theorem `SM.contactSeparated_sub`:
  [NeZero n]
consider restructuring your `variable` declarations so that the variables are not in scope or explicitly omit them:
  omit [NeZero n] in theorem ...

Note: This linter can be disabled with `set_option linter.unusedSectionVars false`
warning: SM/WallRelabelGeometry.lean:41:0: automatically included section variable(s) unused in theorem `SM.noConsecutive_translate`:
  [NeZero n]
consider restructuring your `variable` declarations so that the variables are not in scope or explicitly omit them:
  omit [NeZero n] in theorem ...

Note: This linter can be disabled with `set_option linter.unusedSectionVars false`
warning: SM/WallRelabelGeometry.lean:53:0: automatically included section variable(s) unused in theorem `SM.edgeParameter_shift`:
  [NeZero n]
consider restructuring your `variable` declarations so that the variables are not in scope or explicitly omit them:
  omit [NeZero n] in theorem ...

Note: This linter can be disabled with `set_option linter.unusedSectionVars false`
⚠ [3205/3247] Replayed SM.FixedEndpointGate
warning: SM/FixedEndpointGate.lean:47:20: `dif_pos` has been deprecated: Use `dite_eq_left` instead
warning: SM/FixedEndpointGate.lean:42:0: automatically included section variable(s) unused in theorem `SM.IncreasingBoundaryTriple.fixedFarGate_at_interior`:
  [NeZero n]
consider restructuring your `variable` declarations so that the variables are not in scope or explicitly omit them:
  omit [NeZero n] in theorem ...

Note: This linter can be disabled with `set_option linter.unusedSectionVars false`
warning: SM/FixedEndpointGate.lean:53:29: `dif_pos` has been deprecated: Use `dite_eq_left` instead
warning: SM/FixedEndpointGate.lean:54:29: `dif_neg` has been deprecated: Use `dite_eq_right` instead
warning: SM/FixedEndpointGate.lean:50:0: automatically included section variable(s) unused in theorem `SM.IncreasingBoundaryTriple.fixedFarGate_neg`:
  [NeZero n]
consider restructuring your `variable` declarations so that the variables are not in scope or explicitly omit them:
  omit [NeZero n] in theorem ...

Note: This linter can be disabled with `set_option linter.unusedSectionVars false`
⚠ [3207/3247] Replayed SM.FarOnlyLocality
warning: SM/FarOnlyLocality.lean:10:0: automatically included section variable(s) unused in theorem `SM.restrictTripleArray_eq_of_local`:
  [CommRing R]
  [Invertible 2]
consider restructuring your `variable` declarations so that the variables are not in scope or explicitly omit them:
  omit [CommRing R] [Invertible 2] in theorem ...

Note: This linter can be disabled with `set_option linter.unusedSectionVars false`
⚠ [3210/3247] Replayed SM.NamedWallRelabel
warning: SM/NamedWallRelabel.lean:32:63: This simp argument is unused:
  wall_sub_sub_cancel_right

Hint: Omit it from the simp argument list.
  [apply] simp only [shift, sub_add_cancel, wall_sub_add_cancel_right]

Note: This linter can be disabled with `set_option linter.unusedSimpArgs false`
warning: SM/NamedWallRelabel.lean:41:63: This simp argument is unused:
  wall_sub_sub_cancel_right

Hint: Omit it from the simp argument list.
  [apply] simp only [shift, sub_add_cancel, wall_sub_add_cancel_right]

Note: This linter can be disabled with `set_option linter.unusedSimpArgs false`
warning: SM/NamedWallRelabel.lean:69:0: automatically included section variable(s) unused in theorem `SM.WallGerm.flatRightSide_relabel`:
  [NeZero n]
consider restructuring your `variable` declarations so that the variables are not in scope or explicitly omit them:
  omit [NeZero n] in theorem ...

Note: This linter can be disabled with `set_option linter.unusedSectionVars false`
warning: SM/NamedWallRelabel.lean:74:0: automatically included section variable(s) unused in theorem `SM.WallGerm.flatLeftSide_relabel`:
  [NeZero n]
consider restructuring your `variable` declarations so that the variables are not in scope or explicitly omit them:
  omit [NeZero n] in theorem ...

Note: This linter can be disabled with `set_option linter.unusedSectionVars false`
⚠ [3211/3247] Replayed SM.UnorderedWallTriples
warning: SM/UnorderedWallTriples.lean:35:0: automatically included section variable(s) unused in theorem `SM.WallGerm.signChanges_neg`:
  [NeZero n]
consider restructuring your `variable` declarations so that the variables are not in scope or explicitly omit them:
  omit [NeZero n] in theorem ...

Note: This linter can be disabled with `set_option linter.unusedSectionVars false`
warning: SM/UnorderedWallTriples.lean:48:82: This simp argument is unused:
  or_left_comm

Hint: Omit it from the simp argument list.
  [apply] simp [or_comm]

Note: This linter can be disabled with `set_option linter.unusedSimpArgs false`
warning: SM/UnorderedWallTriples.lean:60:82: This simp argument is unused:
  or_left_comm

Hint: Omit it from the simp argument list.
  [apply] simp [or_comm]

Note: This linter can be disabled with `set_option linter.unusedSimpArgs false`
⚠ [3212/3247] Replayed SM.BoundaryTripleSupports
warning: SM/BoundaryTripleSupports.lean:24:0: automatically included section variable(s) unused in theorem `SM.IncreasingBoundaryTriple.positionSet_bounds`:
  [NeZero n]
consider restructuring your `variable` declarations so that the variables are not in scope or explicitly omit them:
  omit [NeZero n] in theorem ...

Note: This linter can be disabled with `set_option linter.unusedSectionVars false`
warning: SM/BoundaryTripleSupports.lean:62:0: automatically included section variable(s) unused in theorem `SM.IncreasingBoundaryTriple.vertexSet_reversed`:
  [NeZero n]
consider restructuring your `variable` declarations so that the variables are not in scope or explicitly omit them:
  omit [NeZero n] in theorem ...

Note: This linter can be disabled with `set_option linter.unusedSectionVars false`
warning: SM/BoundaryTripleSupports.lean:65:41: This simp argument is unused:
  or_left_comm

Hint: Omit it from the simp argument list.
  [apply] simp [vertexSet, positionSet, or_comm, or_assoc]

Note: This linter can be disabled with `set_option linter.unusedSimpArgs false`
⚠ [3213/3247] Replayed SM.CanonicalTripleSigns
warning: SM/CanonicalTripleSigns.lean:20:0: automatically included section variable(s) unused in theorem `SM.canonical_label`:
  [NeZero n]
consider restructuring your `variable` declarations so that the variables are not in scope or explicitly omit them:
  omit [NeZero n] in theorem ...

Note: This linter can be disabled with `set_option linter.unusedSectionVars false`
warning: SM/CanonicalTripleSigns.lean:24:0: automatically included section variable(s) unused in theorem `SM.canonical_label_range`:
  [NeZero n]
consider restructuring your `variable` declarations so that the variables are not in scope or explicitly omit them:
  omit [NeZero n] in theorem ...

Note: This linter can be disabled with `set_option linter.unusedSectionVars false`
warning: SM/CanonicalTripleSigns.lean:66:0: automatically included section variable(s) unused in theorem `SM.sortTriplePositions_sign`:
  [NeZero n]
consider restructuring your `variable` declarations so that the variables are not in scope or explicitly omit them:
  omit [NeZero n] in theorem ...

Note: This linter can be disabled with `set_option linter.unusedSectionVars false`
warning: SM/CanonicalTripleSigns.lean:73:0: automatically included section variable(s) unused in theorem `SM.sortTriplePositions_positionSet`:
  [NeZero n]
consider restructuring your `variable` declarations so that the variables are not in scope or explicitly omit them:
  omit [NeZero n] in theorem ...

Note: This linter can be disabled with `set_option linter.unusedSectionVars false`
warning: SM/CanonicalTripleSigns.lean:78:71: This simp argument is unused:
  or_assoc

Hint: Omit it from the simp argument list.
  [apply] simp [IncreasingBoundaryTriple.positionSet, or_comm, or_left_comm]

Note: This linter can be disabled with `set_option linter.unusedSimpArgs false`
warning: SM/CanonicalTripleSigns.lean:87:0: automatically included section variable(s) unused in theorem `SM.sortTriplePositions_evaluation`:
  [NeZero n]
consider restructuring your `variable` declarations so that the variables are not in scope or explicitly omit them:
  omit [NeZero n] in theorem ...

Note: This linter can be disabled with `set_option linter.unusedSectionVars false`
⚠ [3214/3247] Replayed SM.SoftInsertionIndices
warning: SM/SoftInsertionIndices.lean:56:8: `if_pos` has been deprecated: Use `ite_eq_left` instead
warning: SM/SoftInsertionIndices.lean:60:8: `if_neg` has been deprecated: Use `ite_eq_right` instead
⚠ [3215/3279] Replayed SM.SoftInsertionSuccessors
warning: SM/SoftInsertionSuccessors.lean:45:14: `if_pos` has been deprecated: Use `ite_eq_left` instead
warning: SM/SoftInsertionSuccessors.lean:45:28: `if_pos` has been deprecated: Use `ite_eq_left` instead
warning: SM/SoftInsertionSuccessors.lean:49:14: `if_neg` has been deprecated: Use `ite_eq_right` instead
warning: SM/SoftInsertionSuccessors.lean:49:28: `if_neg` has been deprecated: Use `ite_eq_right` instead
warning: SM/SoftInsertionSuccessors.lean:63:35: `if_pos` has been deprecated: Use `ite_eq_left` instead
warning: SM/SoftInsertionSuccessors.lean:66:35: `if_neg` has been deprecated: Use `ite_eq_right` instead
warning: SM/SoftInsertionSuccessors.lean:82:8: `if_neg` has been deprecated: Use `ite_eq_right` instead
warning: SM/SoftInsertionSuccessors.lean:95:35: `if_pos` has been deprecated: Use `ite_eq_left` instead
⚠ [3216/3279] Replayed SM.SoftInsertionTuple
warning: SM/SoftInsertionTuple.lean:69:0: automatically included section variable(s) unused in theorem `SM.SoftAdmissible.vector_ne_zero`:
  [NeZero n]
consider restructuring your `variable` declarations so that the variables are not in scope or explicitly omit them:
  omit [NeZero n] in theorem ...

Note: This linter can be disabled with `set_option linter.unusedSectionVars false`
⚠ [3217/3279] Replayed SM.SoftParentEdges
warning: SM/SoftParentEdges.lean:95:36: This simp argument is unused:
  false_and

Hint: Omit it from the simp argument list.
  [apply] simp only [softOldIndex_ne_new, ne_eq, not_true_eq_false, and_false]

Note: This linter can be disabled with `set_option linter.unusedSimpArgs false`
⚠ [3222/3279] Replayed SM.SoftFamilyLocalCrossing
warning: SM/SoftFamilyLocalCrossing.lean:47:2: Try this: 
  haveI̵

The goal is a proposition, so `have` is preferred over `haveI`.
The difference between `have` and `haveI` is that `haveI` inlines the value.
But this is not relevant for proofs because of proof irrelevance.

Note: This linter can be disabled with `set_option linter.style.haveILetI false`
warning: SM/SoftFamilyLocalCrossing.lean:81:2: Try this: 
  haveI̵

The goal is a proposition, so `have` is preferred over `haveI`.
The difference between `have` and `haveI` is that `haveI` inlines the value.
But this is not relevant for proofs because of proof irrelevance.

Note: This linter can be disabled with `set_option linter.style.haveILetI false`
warning: SM/SoftFamilyLocalCrossing.lean:116:2: Try this: 
  haveI̵

The goal is a proposition, so `have` is preferred over `haveI`.
The difference between `have` and `haveI` is that `haveI` inlines the value.
But this is not relevant for proofs because of proof irrelevance.

Note: This linter can be disabled with `set_option linter.style.haveILetI false`
⚠ [3223/3279] Replayed SM.SoftEdgeAvoidance
warning: SM/SoftEdgeAvoidance.lean:53:2: Try this: 
  haveI̵

The goal is a proposition, so `have` is preferred over `haveI`.
The difference between `have` and `haveI` is that `haveI` inlines the value.
But this is not relevant for proofs because of proof irrelevance.

Note: This linter can be disabled with `set_option linter.style.haveILetI false`
warning: SM/SoftEdgeAvoidance.lean:103:2: Try this: 
  haveI̵

The goal is a proposition, so `have` is preferred over `haveI`.
The difference between `have` and `haveI` is that `haveI` inlines the value.
But this is not relevant for proofs because of proof irrelevance.

Note: This linter can be disabled with `set_option linter.style.haveILetI false`
warning: SM/SoftEdgeAvoidance.lean:104:2: Try this: 
  haveI̵

The goal is a proposition, so `have` is preferred over `haveI`.
The difference between `have` and `haveI` is that `haveI` inlines the value.
But this is not relevant for proofs because of proof irrelevance.

Note: This linter can be disabled with `set_option linter.style.haveILetI false`
⚠ [3228/3299] Replayed SM.SoftCrossingClassification
warning: SM/SoftCrossingClassification.lean:48:37: Variable name `hn` is not explicitly referenced.

Hint: The binding can be removed (if unused) or named `_` (if used implicitly). Alternatively, prefix the name with `_` to silence this warning:
  [apply] _hn

Note: This linter can be disabled with `set_option linter.unusedVariables false`
warning: SM/SoftCrossingClassification.lean:85:2: Try this: 
  haveI̵

The goal is a proposition, so `have` is preferred over `haveI`.
The difference between `have` and `haveI` is that `haveI` inlines the value.
But this is not relevant for proofs because of proof irrelevance.

Note: This linter can be disabled with `set_option linter.style.haveILetI false`
warning: SM/SoftCrossingClassification.lean:146:2: Try this: 
  haveI̵

The goal is a proposition, so `have` is preferred over `haveI`.
The difference between `have` and `haveI` is that `haveI` inlines the value.
But this is not relevant for proofs because of proof irrelevance.

Note: This linter can be disabled with `set_option linter.style.haveILetI false`
⚠ [3229/3299] Replayed SM.SoftFamilyG2
warning: SM/SoftFamilyG2.lean:52:2: Try this: 
  haveI̵

The goal is a proposition, so `have` is preferred over `haveI`.
The difference between `have` and `haveI` is that `haveI` inlines the value.
But this is not relevant for proofs because of proof irrelevance.

Note: This linter can be disabled with `set_option linter.style.haveILetI false`
warning: SM/SoftFamilyG2.lean:75:2: Try this: 
  haveI̵

The goal is a proposition, so `have` is preferred over `haveI`.
The difference between `have` and `haveI` is that `haveI` inlines the value.
But this is not relevant for proofs because of proof irrelevance.

Note: This linter can be disabled with `set_option linter.style.haveILetI false`
warning: SM/SoftFamilyG2.lean:97:26: `Set.mem_setOf_eq` has been deprecated: Use `Set.mem_ofPred_eq` instead
warning: SM/SoftFamilyG2.lean:137:2: Try this: 
  haveI̵

The goal is a proposition, so `have` is preferred over `haveI`.
The difference between `have` and `haveI` is that `haveI` inlines the value.
But this is not relevant for proofs because of proof irrelevance.

Note: This linter can be disabled with `set_option linter.style.haveILetI false`
warning: SM/SoftFamilyG2.lean:138:2: Try this: 
  haveI̵

The goal is a proposition, so `have` is preferred over `haveI`.
The difference between `have` and `haveI` is that `haveI` inlines the value.
But this is not relevant for proofs because of proof irrelevance.

Note: This linter can be disabled with `set_option linter.style.haveILetI false`
warning: SM/SoftFamilyG2.lean:223:2: Try this: 
  letI̵

The goal is a proposition, so `let` is preferred over `letI`.
The difference between `let` and `letI` is that `letI` inlines the value.
But this is not relevant for proofs because of proof irrelevance.

Note: This linter can be disabled with `set_option linter.style.haveILetI false`
⚠ [3231/3299] Replayed SM.SoftParentOrder
warning: SM/SoftParentOrder.lean:56:2: Try this: 
  haveI̵

The goal is a proposition, so `have` is preferred over `haveI`.
The difference between `have` and `haveI` is that `haveI` inlines the value.
But this is not relevant for proofs because of proof irrelevance.

Note: This linter can be disabled with `set_option linter.style.haveILetI false`
warning: SM/SoftParentOrder.lean:83:10: `if_pos` has been deprecated: Use `ite_eq_left` instead
warning: SM/SoftParentOrder.lean:100:12: `if_neg` has been deprecated: Use `ite_eq_right` instead
⚠ [3234/3299] Replayed SM.CycleFiltering
warning: SM/CycleFiltering.lean:107:30: Variable name `l` is not explicitly referenced.

Hint: The binding can be removed (if unused) or named `_` (if used implicitly). Alternatively, prefix the name with `_` to silence this warning:
  [apply] _l

Note: This linter can be disabled with `set_option linter.unusedVariables false`
⚠ [3240/3299] Replayed SM.GenericDensity
warning: SM/GenericDensity.lean:16:2: Try this: 
  haveI̵

The goal is a proposition, so `have` is preferred over `haveI`.
The difference between `have` and `haveI` is that `haveI` inlines the value.
But this is not relevant for proofs because of proof irrelevance.

Note: This linter can be disabled with `set_option linter.style.haveILetI false`
warning: SM/GenericDensity.lean:17:2: Try this: 
  haveI̵

The goal is a proposition, so `have` is preferred over `haveI`.
The difference between `have` and `haveI` is that `haveI` inlines the value.
But this is not relevant for proofs because of proof irrelevance.

Note: This linter can be disabled with `set_option linter.style.haveILetI false`
warning: SM/GenericDensity.lean:29:2: Try this: 
  haveI̵

The goal is a proposition, so `have` is preferred over `haveI`.
The difference between `have` and `haveI` is that `haveI` inlines the value.
But this is not relevant for proofs because of proof irrelevance.

Note: This linter can be disabled with `set_option linter.style.haveILetI false`
warning: SM/GenericDensity.lean:30:2: Try this: 
  haveI̵

The goal is a proposition, so `have` is preferred over `haveI`.
The difference between `have` and `haveI` is that `haveI` inlines the value.
But this is not relevant for proofs because of proof irrelevance.

Note: This linter can be disabled with `set_option linter.style.haveILetI false`
⚠ [3242/3299] Replayed SM.RegularPerturbation
warning: SM/RegularPerturbation.lean:14:0: automatically included section variable(s) unused in theorem `SM.continuous_cornerRotor_edges`:
  [NeZero n]
consider restructuring your `variable` declarations so that the variables are not in scope or explicitly omit them:
  omit [NeZero n] in theorem ...

Note: This linter can be disabled with `set_option linter.unusedSectionVars false`
⚠ [3248/3326] Replayed SM.CarrierSplitList
warning: SM/CarrierSplitList.lean:90:0: automatically included section variable(s) unused in theorem `SM.Carrier.splitList_child_data`:
  [DecidableEq α]
consider restructuring your `variable` declarations so that the variables are not in scope or explicitly omit them:
  omit [DecidableEq α] in theorem ...

Note: This linter can be disabled with `set_option linter.unusedSectionVars false`
⚠ [3254/3326] Replayed SM.CarrierTrueCorners
warning: SM/CarrierTrueCorners.lean:49:0: automatically included section variable(s) unused in theorem `SM.Carrier.isTrueCorner_vertex`:
  [NeZero n]
consider restructuring your `variable` declarations so that the variables are not in scope or explicitly omit them:
  omit [NeZero n] in theorem ...

Note: This linter can be disabled with `set_option linter.unusedSectionVars false`
warning: SM/CarrierTrueCorners.lean:53:0: automatically included section variable(s) unused in theorem `SM.Carrier.isTrueCorner_visit`:
  [NeZero n]
consider restructuring your `variable` declarations so that the variables are not in scope or explicitly omit them:
  omit [NeZero n] in theorem ...

Note: This linter can be disabled with `set_option linter.unusedSectionVars false`
⚠ [3272/3414] Replayed SM.CarrierMarkedArcLists
warning: SM/CarrierMarkedArcLists.lean:58:2: Try this: 
  letI̵

The goal is a proposition, so `let` is preferred over `letI`.
The difference between `let` and `letI` is that `letI` inlines the value.
But this is not relevant for proofs because of proof irrelevance.

Note: This linter can be disabled with `set_option linter.style.haveILetI false`
warning: SM/CarrierMarkedArcLists.lean:69:2: Try this: 
  letI̵

The goal is a proposition, so `let` is preferred over `letI`.
The difference between `let` and `letI` is that `letI` inlines the value.
But this is not relevant for proofs because of proof irrelevance.

Note: This linter can be disabled with `set_option linter.style.haveILetI false`
⚠ [3278/3414] Replayed SM.Smoothing
warning: SM/Smoothing.lean:1794:34: Variable name `hε` is not explicitly referenced.

Hint: The binding can be removed (if unused) or named `_` (if used implicitly). Alternatively, prefix the name with `_` to silence this warning:
  [apply] _hε

Note: This linter can be disabled with `set_option linter.unusedVariables false`
warning: SM/Smoothing.lean:1800:34: Variable name `hε` is not explicitly referenced.

Hint: The binding can be removed (if unused) or named `_` (if used implicitly). Alternatively, prefix the name with `_` to silence this warning:
  [apply] _hε

Note: This linter can be disabled with `set_option linter.unusedVariables false`
warning: SM/Smoothing.lean:1806:34: Variable name `hε` is not explicitly referenced.

Hint: The binding can be removed (if unused) or named `_` (if used implicitly). Alternatively, prefix the name with `_` to silence this warning:
  [apply] _hε

Note: This linter can be disabled with `set_option linter.unusedVariables false`
warning: SM/Smoothing.lean:1812:34: Variable name `hε` is not explicitly referenced.

Hint: The binding can be removed (if unused) or named `_` (if used implicitly). Alternatively, prefix the name with `_` to silence this warning:
  [apply] _hε

Note: This linter can be disabled with `set_option linter.unusedVariables false`
warning: SM/Smoothing.lean:3700:15: `Set.mem_setOf_eq` has been deprecated: Use `Set.mem_ofPred_eq` instead
warning: SM/Smoothing.lean:4331:0: automatically included section variable(s) unused in theorem `SM.Link.Smoothing.origParam_mem`:
  M
consider restructuring your `variable` declarations so that the variables are not in scope or explicitly omit them:
  omit M in theorem ...

Note: This linter can be disabled with `set_option linter.unusedSectionVars false`
warning: SM/Smoothing.lean:4449:61: Variable name `hq` is not explicitly referenced.

Hint: The binding can be removed (if unused) or named `_` (if used implicitly). Alternatively, prefix the name with `_` to silence this warning:
  [apply] _hq

Note: This linter can be disabled with `set_option linter.unusedVariables false`
⚠ [3364/3414] Replayed SM.EmbeddedRotation
warning: SM/EmbeddedRotation.lean:180:60: Variable name `hk` is not explicitly referenced.

Hint: The binding can be removed (if unused) or named `_` (if used implicitly). Alternatively, prefix the name with `_` to silence this warning:
  [apply] _hk

Note: This linter can be disabled with `set_option linter.unusedVariables false`
warning: SM/EmbeddedRotation.lean:193:59: Variable name `hk` is not explicitly referenced.

Hint: The binding can be removed (if unused) or named `_` (if used implicitly). Alternatively, prefix the name with `_` to silence this warning:
  [apply] _hk

Note: This linter can be disabled with `set_option linter.unusedVariables false`
warning: SM/EmbeddedRotation.lean:224:26: Variable name `hn` is not explicitly referenced.

Hint: The binding can be removed (if unused) or named `_` (if used implicitly). Alternatively, prefix the name with `_` to silence this warning:
  [apply] _hn

Note: This linter can be disabled with `set_option linter.unusedVariables false`
warning: SM/EmbeddedRotation.lean:266:38: Variable name `hn` is not explicitly referenced.

Hint: The binding can be removed (if unused) or named `_` (if used implicitly). Alternatively, prefix the name with `_` to silence this warning:
  [apply] _hn

Note: This linter can be disabled with `set_option linter.unusedVariables false`
warning: SM/EmbeddedRotation.lean:710:5: Variable name `h` is not explicitly referenced.

Hint: The binding can be removed (if unused) or named `_` (if used implicitly). Alternatively, prefix the name with `_` to silence this warning:
  [apply] _h

Note: This linter can be disabled with `set_option linter.unusedVariables false`
warning: SM/EmbeddedRotation.lean:752:5: Variable name `h` is not explicitly referenced.

Hint: The binding can be removed (if unused) or named `_` (if used implicitly). Alternatively, prefix the name with `_` to silence this warning:
  [apply] _h

Note: This linter can be disabled with `set_option linter.unusedVariables false`
warning: SM/EmbeddedRotation.lean:802:77: Variable name `h` is not explicitly referenced.

Hint: The binding can be removed (if unused) or named `_` (if used implicitly). Alternatively, prefix the name with `_` to silence this warning:
  [apply] _h

Note: This linter can be disabled with `set_option linter.unusedVariables false`
warning: SM/EmbeddedRotation.lean:923:58: Variable name `hn` is not explicitly referenced.

Hint: The binding can be removed (if unused) or named `_` (if used implicitly). Alternatively, prefix the name with `_` to silence this warning:
  [apply] _hn

Note: This linter can be disabled with `set_option linter.unusedVariables false`
⚠ [3365/3414] Replayed SM.CumulativeTurns
warning: SM/CumulativeTurns.lean:16:0: automatically included section variable(s) unused in theorem `SM.principalTurn_nat_succ_angle`:
  [NeZero n]
consider restructuring your `variable` declarations so that the variables are not in scope or explicitly omit them:
  omit [NeZero n] in theorem ...

Note: This linter can be disabled with `set_option linter.unusedSectionVars false`
warning: SM/CumulativeTurns.lean:58:0: automatically included section variable(s) unused in theorem `SM.natIndex_ne_zero`:
  [NeZero n]
consider restructuring your `variable` declarations so that the variables are not in scope or explicitly omit them:
  omit [NeZero n] in theorem ...

Note: This linter can be disabled with `set_option linter.unusedSectionVars false`
⚠ [3366/3414] Replayed SM.DirectionProjection
warning: SM/DirectionProjection.lean:41:2: Try `simp at hp` instead of `simpa using hp`

Note: This linter can be disabled with `set_option linter.unnecessarySimpa false`
⚠ [3368/3414] Replayed SM.UniformRotation
warning: SM/UniformRotation.lean:12:0: automatically included section variable(s) unused in theorem `SM.principalTurn_sign`:
  [NeZero n]
consider restructuring your `variable` declarations so that the variables are not in scope or explicitly omit them:
  omit [NeZero n] in theorem ...

Note: This linter can be disabled with `set_option linter.unusedSectionVars false`
warning: SM/UniformRotation.lean:64:26: Variable name `hn` is not explicitly referenced.

Hint: The binding can be removed (if unused) or named `_` (if used implicitly). Alternatively, prefix the name with `_` to silence this warning:
  [apply] _hn

Note: This linter can be disabled with `set_option linter.unusedVariables false`
warning: SM/UniformRotation.lean:65:5: Variable name `hτ` is not explicitly referenced.

Hint: The binding can be removed (if unused) or named `_` (if used implicitly). Alternatively, prefix the name with `_` to silence this warning:
  [apply] _hτ

Note: This linter can be disabled with `set_option linter.unusedVariables false`
⚠ [3369/3429] Replayed SM.CarrierMarkedSegments
warning: SM/CarrierMarkedSegments.lean:58:2: Try this: 
  haveI̵

The goal is a proposition, so `have` is preferred over `haveI`.
The difference between `have` and `haveI` is that `haveI` inlines the value.
But this is not relevant for proofs because of proof irrelevance.

Note: This linter can be disabled with `set_option linter.style.haveILetI false`
warning: SM/CarrierMarkedSegments.lean:76:2: Try this: 
  haveI̵

The goal is a proposition, so `have` is preferred over `haveI`.
The difference between `have` and `haveI` is that `haveI` inlines the value.
But this is not relevant for proofs because of proof irrelevance.

Note: This linter can be disabled with `set_option linter.style.haveILetI false`
⚠ [3370/3429] Replayed SM.CarrierAffineSegments
warning: SM/CarrierAffineSegments.lean:56:0: automatically included section variable(s) unused in theorem `SM.Carrier.edgePoint_sub_edgePoint`:
  [NeZero n]
consider restructuring your `variable` declarations so that the variables are not in scope or explicitly omit them:
  omit [NeZero n] in theorem ...

Note: This linter can be disabled with `set_option linter.unusedSectionVars false`
warning: SM/CarrierAffineSegments.lean:62:0: automatically included section variable(s) unused in theorem `SM.Carrier.edgePoint_affine`:
  [NeZero n]
consider restructuring your `variable` declarations so that the variables are not in scope or explicitly omit them:
  omit [NeZero n] in theorem ...

Note: This linter can be disabled with `set_option linter.unusedSectionVars false`
⚠ [3380/3429] Replayed SM.ContactHalfSizes
warning: SM/ContactHalfSizes.lean:59:0: automatically included section variable(s) unused in theorem `SM.contactDistance_relabel`:
  [NeZero n]
consider restructuring your `variable` declarations so that the variables are not in scope or explicitly omit them:
  omit [NeZero n] in theorem ...

Note: This linter can be disabled with `set_option linter.unusedSectionVars false`
⚠ [3381/3429] Replayed SM.CyclicRangeIndices
warning: SM/CyclicRangeIndices.lean:13:0: automatically included section variable(s) unused in theorem `SM.cyclicRangeIndex_injective`:
  [NeZero n]
consider restructuring your `variable` declarations so that the variables are not in scope or explicitly omit them:
  omit [NeZero n] in theorem ...

Note: This linter can be disabled with `set_option linter.unusedSectionVars false`
warning: SM/CyclicRangeIndices.lean:22:0: automatically included section variable(s) unused in theorem `SM.cyclicRangeIndex_zero`:
  [NeZero n]
  [NeZero k]
consider restructuring your `variable` declarations so that the variables are not in scope or explicitly omit them:
  omit [NeZero n] [NeZero k] in theorem ...

Note: This linter can be disabled with `set_option linter.unusedSectionVars false`
warning: SM/CyclicRangeIndices.lean:38:0: automatically included section variable(s) unused in theorem `SM.cyclicRangeIndex_next`:
  [NeZero n]
consider restructuring your `variable` declarations so that the variables are not in scope or explicitly omit them:
  omit [NeZero n] in theorem ...

Note: This linter can be disabled with `set_option linter.unusedSectionVars false`
warning: SM/CyclicRangeIndices.lean:43:0: automatically included section variable(s) unused in theorem `SM.cyclicRangeIndex_last`:
  [NeZero n]
consider restructuring your `variable` declarations so that the variables are not in scope or explicitly omit them:
  omit [NeZero n] in theorem ...

Note: This linter can be disabled with `set_option linter.unusedSectionVars false`
warning: SM/CyclicRangeIndices.lean:50:0: automatically included section variable(s) unused in theorem `SM.cyclicRangeIndex_offset`:
  [NeZero n]
consider restructuring your `variable` declarations so that the variables are not in scope or explicitly omit them:
  omit [NeZero n] in theorem ...

Note: This linter can be disabled with `set_option linter.unusedSectionVars false`
⚠ [3382/3429] Replayed SM.ContactHalfIndices
warning: SM/ContactHalfIndices.lean:32:0: automatically included section variable(s) unused in theorem `SM.secondHalfSize_le`:
  [NeZero n]
consider restructuring your `variable` declarations so that the variables are not in scope or explicitly omit them:
  omit [NeZero n] in theorem ...

Note: This linter can be disabled with `set_option linter.unusedSectionVars false`
warning: SM/ContactHalfIndices.lean:53:0: automatically included section variable(s) unused in theorem `SM.secondHalfIndex_zero`:
  [NeZero n]
consider restructuring your `variable` declarations so that the variables are not in scope or explicitly omit them:
  omit [NeZero n] in theorem ...

Note: This linter can be disabled with `set_option linter.unusedSectionVars false`
warning: SM/ContactHalfIndices.lean:56:0: automatically included section variable(s) unused in theorem `SM.secondHalfIndex_nonzero`:
  [NeZero n]
consider restructuring your `variable` declarations so that the variables are not in scope or explicitly omit them:
  omit [NeZero n] in theorem ...

Note: This linter can be disabled with `set_option linter.unusedSectionVars false`
warning: SM/ContactHalfIndices.lean:92:2: Try this: 
  haveI̵

The goal is a proposition, so `have` is preferred over `haveI`.
The difference between `have` and `haveI` is that `haveI` inlines the value.
But this is not relevant for proofs because of proof irrelevance.

Note: This linter can be disabled with `set_option linter.style.haveILetI false`
warning: SM/ContactHalfIndices.lean:99:2: Try this: 
  haveI̵

The goal is a proposition, so `have` is preferred over `haveI`.
The difference between `have` and `haveI` is that `haveI` inlines the value.
But this is not relevant for proofs because of proof irrelevance.

Note: This linter can be disabled with `set_option linter.style.haveILetI false`
⚠ [3385/3429] Replayed SM.ContactHalfInteriors
warning: SM/ContactHalfInteriors.lean:71:0: automatically included section variable(s) unused in theorem `SM.g2_of_injective_edge_interior_map`:
  [NeZero n]
consider restructuring your `variable` declarations so that the variables are not in scope or explicitly omit them:
  omit [NeZero n] in theorem ...

Note: This linter can be disabled with `set_option linter.unusedSectionVars false`
⚠ [3386/3429] Replayed SM.Children
warning: SM/Children.lean:34:30: Variable name `hk` is not explicitly referenced.

Hint: The binding can be removed (if unused) or named `_` (if used implicitly). Alternatively, prefix the name with `_` to silence this warning:
  [apply] _hk

Note: This linter can be disabled with `set_option linter.unusedVariables false`
warning: SM/Children.lean:43:30: Variable name `hk` is not explicitly referenced.

Hint: The binding can be removed (if unused) or named `_` (if used implicitly). Alternatively, prefix the name with `_` to silence this warning:
  [apply] _hk

Note: This linter can be disabled with `set_option linter.unusedVariables false`
⚠ [3387/3429] Replayed SM.ChildRelabel
warning: SM/ChildRelabel.lean:11:0: automatically included section variable(s) unused in theorem `SM.deleteVertex_relabel`:
  [NeZero n]
consider restructuring your `variable` declarations so that the variables are not in scope or explicitly omit them:
  omit [NeZero n] in theorem ...

Note: This linter can be disabled with `set_option linter.unusedSectionVars false`
warning: SM/ChildRelabel.lean:18:0: automatically included section variable(s) unused in theorem `SM.firstHalf_relabel`:
  [NeZero n]
consider restructuring your `variable` declarations so that the variables are not in scope or explicitly omit them:
  omit [NeZero n] in theorem ...

Note: This linter can be disabled with `set_option linter.unusedSectionVars false`
warning: SM/ChildRelabel.lean:30:0: automatically included section variable(s) unused in theorem `SM.secondHalf_relabel`:
  [NeZero n]
consider restructuring your `variable` declarations so that the variables are not in scope or explicitly omit them:
  omit [NeZero n] in theorem ...

Note: This linter can be disabled with `set_option linter.unusedSectionVars false`
warning: SM/ChildRelabel.lean:41:31: This simp argument is unused:
  shift

Hint: Omit it from the simp argument list.
  [apply] simp only [hi, ↓reduceIte, sub_add_cancel]

Note: This linter can be disabled with `set_option linter.unusedSimpArgs false`
warning: SM/ChildRelabel.lean:42:31: This simp argument is unused:
  shift

Hint: Omit it from the simp argument list.
  [apply] simp only [hi, ↓reduceIte]

Note: This linter can be disabled with `set_option linter.unusedSimpArgs false`
⚠ [3389/3429] Replayed SM.DeletionHalvesDefinition
warning: SM/DeletionHalvesDefinition.lean:100:30: Variable name `hk` is not explicitly referenced.

Hint: The binding can be removed (if unused) or named `_` (if used implicitly). Alternatively, prefix the name with `_` to silence this warning:
  [apply] _hk

Note: This linter can be disabled with `set_option linter.unusedVariables false`
warning: SM/DeletionHalvesDefinition.lean:102:30: Variable name `hk` is not explicitly referenced.

Hint: The binding can be removed (if unused) or named `_` (if used implicitly). Alternatively, prefix the name with `_` to silence this warning:
  [apply] _hk

Note: This linter can be disabled with `set_option linter.unusedVariables false`
⚠ [3390/3429] Replayed SM.GaussRelabel
warning: SM/GaussRelabel.lean:31:2: Try this: 
  haveI̵

The goal is a proposition, so `have` is preferred over `haveI`.
The difference between `have` and `haveI` is that `haveI` inlines the value.
But this is not relevant for proofs because of proof irrelevance.

Note: This linter can be disabled with `set_option linter.style.haveILetI false`
⚠ [3391/3429] Replayed SM.GaussDefinition
warning: SM/GaussDefinition.lean:66:2: Try this: 
  haveI̵

The goal is a proposition, so `have` is preferred over `haveI`.
The difference between `have` and `haveI` is that `haveI` inlines the value.
But this is not relevant for proofs because of proof irrelevance.

Note: This linter can be disabled with `set_option linter.style.haveILetI false`
⚠ [3392/3429] Replayed SM.GaussFamilyOrder
warning: SM/GaussFamilyOrder.lean:39:2: Try this: 
  haveI̵

The goal is a proposition, so `have` is preferred over `haveI`.
The difference between `have` and `haveI` is that `haveI` inlines the value.
But this is not relevant for proofs because of proof irrelevance.

Note: This linter can be disabled with `set_option linter.style.haveILetI false`
⚠ [3394/3429] Replayed SM.CuspCrossing
warning: SM/CuspCrossing.lean:18:2: Try this: 
  haveI̵

The goal is a proposition, so `have` is preferred over `haveI`.
The difference between `have` and `haveI` is that `haveI` inlines the value.
But this is not relevant for proofs because of proof irrelevance.

Note: This linter can be disabled with `set_option linter.style.haveILetI false`
warning: SM/CuspCrossing.lean:77:2: Try this: 
  haveI̵

The goal is a proposition, so `have` is preferred over `haveI`.
The difference between `have` and `haveI` is that `haveI` inlines the value.
But this is not relevant for proofs because of proof irrelevance.

Note: This linter can be disabled with `set_option linter.style.haveILetI false`
⚠ [3398/3458] Replayed SM.CarriersLemma
warning: SM/CarriersLemma.lean:134:35: Variable name `x` is not explicitly referenced.

Hint: The binding can be removed (if unused) or named `_` (if used implicitly). Alternatively, prefix the name with `_` to silence this warning:
  [apply] _x

Note: This linter can be disabled with `set_option linter.unusedVariables false`
warning: SM/CarriersLemma.lean:135:37: Variable name `x` is not explicitly referenced.

Hint: The binding can be removed (if unused) or named `_` (if used implicitly). Alternatively, prefix the name with `_` to silence this warning:
  [apply] _x

Note: This linter can be disabled with `set_option linter.unusedVariables false`
⚠ [3413/3458] Replayed SM.PositiveLiftDefinition
warning: SM/PositiveLiftDefinition.lean:114:10: Variable name `Γ` is not explicitly referenced.

Hint: The binding can be removed (if unused) or named `_` (if used implicitly). Alternatively, prefix the name with `_` to silence this warning:
  [apply] _Γ

Note: This linter can be disabled with `set_option linter.unusedVariables false`
⚠ [3417/3458] Replayed SM.CuspNeedle
warning: SM/CuspNeedle.lean:75:2: Try this: 
  haveI̵

The goal is a proposition, so `have` is preferred over `haveI`.
The difference between `have` and `haveI` is that `haveI` inlines the value.
But this is not relevant for proofs because of proof irrelevance.

Note: This linter can be disabled with `set_option linter.style.haveILetI false`
⚠ [3418/3458] Replayed SM.CuspUnusedPair
warning: SM/CuspUnusedPair.lean:13:0: automatically included section variable(s) unused in theorem `SM.edgeLine_parameter_of_det_zero`:
  [NeZero n]
consider restructuring your `variable` declarations so that the variables are not in scope or explicitly omit them:
  omit [NeZero n] in theorem ...

Note: This linter can be disabled with `set_option linter.unusedSectionVars false`
warning: SM/CuspUnusedPair.lean:22:0: automatically included section variable(s) unused in theorem `SM.segments_disjoint_of_exterior_line_contact`:
  [NeZero n]
consider restructuring your `variable` declarations so that the variables are not in scope or explicitly omit them:
  omit [NeZero n] in theorem ...

Note: This linter can be disabled with `set_option linter.unusedSectionVars false`
warning: SM/CuspUnusedPair.lean:35:2: Try this: 
  haveI̵

The goal is a proposition, so `have` is preferred over `haveI`.
The difference between `have` and `haveI` is that `haveI` inlines the value.
But this is not relevant for proofs because of proof irrelevance.

Note: This linter can be disabled with `set_option linter.style.haveILetI false`
⚠ [3419/3458] Replayed SM.CuspOtherCrossings
warning: SM/CuspOtherCrossings.lean:45:2: Try this: 
  haveI̵

The goal is a proposition, so `have` is preferred over `haveI`.
The difference between `have` and `haveI` is that `haveI` inlines the value.
But this is not relevant for proofs because of proof irrelevance.

Note: This linter can be disabled with `set_option linter.style.haveILetI false`
⚠ [3421/3458] Replayed SM.CuspSideCrossings
warning: SM/CuspSideCrossings.lean:31:2: Try this: 
  haveI̵

The goal is a proposition, so `have` is preferred over `haveI`.
The difference between `have` and `haveI` is that `haveI` inlines the value.
But this is not relevant for proofs because of proof irrelevance.

Note: This linter can be disabled with `set_option linter.style.haveILetI false`
⚠ [3423/3458] Replayed SM.ThreeEdgeArc
warning: SM/ThreeEdgeArc.lean:10:0: automatically included section variable(s) unused in theorem `SM.traversalBetween_of_key_lt`:
  [NeZero n]
consider restructuring your `variable` declarations so that the variables are not in scope or explicitly omit them:
  omit [NeZero n] in theorem ...

Note: This linter can be disabled with `set_option linter.unusedSectionVars false`
warning: SM/ThreeEdgeArc.lean:65:29: This simp argument is unused:
  sub_eq_zero

Hint: Omit it from the simp argument list.
  [apply] simp only [traversalShift, sub_eq_iff_eq_add, zero_add, add_comm, add_zero]

Note: This linter can be disabled with `set_option linter.unusedSimpArgs false`
warning: SM/ThreeEdgeArc.lean:65:61: This simp argument is unused:
  zero_add

Hint: Omit it from the simp argument list.
  [apply] simp only [traversalShift, sub_eq_zero, sub_eq_iff_eq_add, add_comm, add_zero]

Note: This linter can be disabled with `set_option linter.unusedSimpArgs false`
warning: SM/ThreeEdgeArc.lean:69:0: automatically included section variable(s) unused in theorem `SM.traversalVertex_evaluation`:
  [NeZero n]
consider restructuring your `variable` declarations so that the variables are not in scope or explicitly omit them:
  omit [NeZero n] in theorem ...

Note: This linter can be disabled with `set_option linter.unusedSectionVars false`
⚠ [3424/3458] Replayed SM.ThreeEdgeCrossingArc
warning: SM/ThreeEdgeCrossingArc.lean:51:0: automatically included section variable(s) unused in theorem `SM.remote_three_consecutive_only_ends`:
  [NeZero n]
consider restructuring your `variable` declarations so that the variables are not in scope or explicitly omit them:
  omit [NeZero n] in theorem ...

Note: This linter can be disabled with `set_option linter.unusedSectionVars false`
⚠ [3425/3458] Replayed SM.ThreeEdgeArcThreads
warning: SM/ThreeEdgeArcThreads.lean:10:0: automatically included section variable(s) unused in theorem `SM.twoStepFirstVisit_ne_last`:
  [NeZero n]
consider restructuring your `variable` declarations so that the variables are not in scope or explicitly omit them:
  omit [NeZero n] in theorem ...

Note: This linter can be disabled with `set_option linter.unusedSectionVars false`
⚠ [3426/3458] Replayed SM.ThreeEdgeEmptyArc
warning: SM/ThreeEdgeEmptyArc.lean:11:0: automatically included section variable(s) unused in theorem `SM.twoStepArc_no_newborn_visit`:
  [NeZero n]
consider restructuring your `variable` declarations so that the variables are not in scope or explicitly omit them:
  omit [NeZero n] in theorem ...

Note: This linter can be disabled with `set_option linter.unusedSectionVars false`
⚠ [3427/3458] Replayed SM.ThreeEdgeClosedArc
warning: SM/ThreeEdgeClosedArc.lean:10:0: automatically included section variable(s) unused in theorem `SM.eq_visitPosition_iff`:
  [NeZero n]
consider restructuring your `variable` declarations so that the variables are not in scope or explicitly omit them:
  omit [NeZero n] in theorem ...

Note: This linter can be disabled with `set_option linter.unusedSectionVars false`
⚠ [3428/3458] Replayed SM.CuspEmptyEdge
warning: SM/CuspEmptyEdge.lean:20:2: Try this: 
  haveI̵

The goal is a proposition, so `have` is preferred over `haveI`.
The difference between `have` and `haveI` is that `haveI` inlines the value.
But this is not relevant for proofs because of proof irrelevance.

Note: This linter can be disabled with `set_option linter.style.haveILetI false`
⚠ [3429/3458] Replayed SM.SilentCenter
warning: SM/SilentCenter.lean:10:0: automatically included section variable(s) unused in theorem `SM.weak_of_geometry_turns_vertices`:
  [NeZero n]
consider restructuring your `variable` declarations so that the variables are not in scope or explicitly omit them:
  omit [NeZero n] in theorem ...

Note: This linter can be disabled with `set_option linter.unusedSectionVars false`
⚠ [3431/3458] Replayed SM.SoftNewbornParameters
warning: SM/SoftNewbornParameters.lean:83:2: Try this: 
  haveI̵

The goal is a proposition, so `have` is preferred over `haveI`.
The difference between `have` and `haveI` is that `haveI` inlines the value.
But this is not relevant for proofs because of proof irrelevance.

Note: This linter can be disabled with `set_option linter.style.haveILetI false`
warning: SM/SoftNewbornParameters.lean:94:2: Try this: 
  haveI̵

The goal is a proposition, so `have` is preferred over `haveI`.
The difference between `have` and `haveI` is that `haveI` inlines the value.
But this is not relevant for proofs because of proof irrelevance.

Note: This linter can be disabled with `set_option linter.style.haveILetI false`
warning: SM/SoftNewbornParameters.lean:105:2: Try this: 
  haveI̵

The goal is a proposition, so `have` is preferred over `haveI`.
The difference between `have` and `haveI` is that `haveI` inlines the value.
But this is not relevant for proofs because of proof irrelevance.

Note: This linter can be disabled with `set_option linter.style.haveILetI false`
⚠ [3433/3458] Replayed SM.SoftParentArc
warning: SM/SoftParentArc.lean:81:2: Try this: 
  haveI̵

The goal is a proposition, so `have` is preferred over `haveI`.
The difference between `have` and `haveI` is that `haveI` inlines the value.
But this is not relevant for proofs because of proof irrelevance.

Note: This linter can be disabled with `set_option linter.style.haveILetI false`
warning: SM/SoftParentArc.lean:105:17: This simp argument is unused:
  hkprev

Hint: Omit it from the simp argument list.
  [apply] simp only [Ne.symm hkprev, hkj, Ne.symm hkj, hpj, Ne.symm hpj, false_and, or_false] at h

Note: This linter can be disabled with `set_option linter.unusedSimpArgs false`
warning: SM/SoftParentArc.lean:105:46: This simp argument is unused:
  Ne.symm hkj

Hint: Omit it from the simp argument list.
  [apply] simp only [hkprev, Ne.symm hkprev, hkj, hpj, Ne.symm hpj, false_and, or_false] at h

Note: This linter can be disabled with `set_option linter.unusedSimpArgs false`
warning: SM/SoftParentArc.lean:105:59: This simp argument is unused:
  hpj

Hint: Omit it from the simp argument list.
  [apply] simp only [hkprev, Ne.symm hkprev, hkj, Ne.symm hkj, Ne.symm hpj, false_and, or_false] at h

Note: This linter can be disabled with `set_option linter.unusedSimpArgs false`
⚠ [3434/3458] Replayed SM.SoftNewbornVisits
warning: SM/SoftNewbornVisits.lean:135:2: Try this: 
  haveI̵

The goal is a proposition, so `have` is preferred over `haveI`.
The difference between `have` and `haveI` is that `haveI` inlines the value.
But this is not relevant for proofs because of proof irrelevance.

Note: This linter can be disabled with `set_option linter.style.haveILetI false`
warning: SM/SoftNewbornVisits.lean:191:2: Try this: 
  haveI̵

The goal is a proposition, so `have` is preferred over `haveI`.
The difference between `have` and `haveI` is that `haveI` inlines the value.
But this is not relevant for proofs because of proof irrelevance.

Note: This linter can be disabled with `set_option linter.style.haveILetI false`
⚠ [3440/3481] Replayed SM.CBProducts
warning: SM/CBProducts.lean:85:29: Variable name `hc` is not explicitly referenced.

Hint: The binding can be removed (if unused) or named `_` (if used implicitly). Alternatively, prefix the name with `_` to silence this warning:
  [apply] _hc

Note: This linter can be disabled with `set_option linter.unusedVariables false`
warning: SM/CBProducts.lean:89:0: automatically included section variable(s) unused in theorem `SM.CB.gaussPair_val`:
  [NeZero n]
consider restructuring your `variable` declarations so that the variables are not in scope or explicitly omit them:
  omit [NeZero n] in theorem ...

Note: This linter can be disabled with `set_option linter.unusedSectionVars false`
warning: SM/CBProducts.lean:1741:33: Variable name `hT` is not explicitly referenced.

Hint: The binding can be removed (if unused) or named `_` (if used implicitly). Alternatively, prefix the name with `_` to silence this warning:
  [apply] _hT

Note: This linter can be disabled with `set_option linter.unusedVariables false`
warning: SM/CBProducts.lean:1813:47: `Set.mem_setOf_eq` has been deprecated: Use `Set.mem_ofPred_eq` instead
⚠ [3441/3481] Replayed SM.CuspEmptyDefinition
warning: SM/CuspEmptyDefinition.lean:12:0: automatically included section variable(s) unused in theorem `SM.visitTransport_twoStepFirst`:
  [NeZero n]
consider restructuring your `variable` declarations so that the variables are not in scope or explicitly omit them:
  omit [NeZero n] in theorem ...

Note: This linter can be disabled with `set_option linter.unusedSectionVars false`
warning: SM/CuspEmptyDefinition.lean:17:0: automatically included section variable(s) unused in theorem `SM.visitTransport_twoStepLast`:
  [NeZero n]
consider restructuring your `variable` declarations so that the variables are not in scope or explicitly omit them:
  omit [NeZero n] in theorem ...

Note: This linter can be disabled with `set_option linter.unusedSectionVars false`
⚠ [3442/3481] Replayed SM.CuspRelabel
warning: SM/CuspRelabel.lean:16:0: automatically included section variable(s) unused in theorem `SM.cuspFirst_sub`:
  [NeZero n]
consider restructuring your `variable` declarations so that the variables are not in scope or explicitly omit them:
  omit [NeZero n] in theorem ...

Note: This linter can be disabled with `set_option linter.unusedSectionVars false`
warning: SM/CuspRelabel.lean:33:0: automatically included section variable(s) unused in theorem `SM.isCrossing_shift_support`:
  [NeZero n]
consider restructuring your `variable` declarations so that the variables are not in scope or explicitly omit them:
  omit [NeZero n] in theorem ...

Note: This linter can be disabled with `set_option linter.unusedSectionVars false`
info: SM/CuspRelabel.lean:57:4: Try this:
  [apply] ring_nf
  
  The `ring` tactic failed to close the goal. Use `ring_nf` to obtain a normal form.
    
  Note that `ring` works primarily in *commutative* rings. If you have a noncommutative ring, abelian group or module, consider using `noncomm_ring`, `abel` or `module` instead.
warning: SM/CuspRelabel.lean:49:0: automatically included section variable(s) unused in theorem `SM.visitShift_twoStepFirst`:
  [NeZero n]
consider restructuring your `variable` declarations so that the variables are not in scope or explicitly omit them:
  omit [NeZero n] in theorem ...

Note: This linter can be disabled with `set_option linter.unusedSectionVars false`
info: SM/CuspRelabel.lean:68:4: Try this:
  [apply] ring_nf
  
  The `ring` tactic failed to close the goal. Use `ring_nf` to obtain a normal form.
    
  Note that `ring` works primarily in *commutative* rings. If you have a noncommutative ring, abelian group or module, consider using `noncomm_ring`, `abel` or `module` instead.
warning: SM/CuspRelabel.lean:60:0: automatically included section variable(s) unused in theorem `SM.visitShift_twoStepLast`:
  [NeZero n]
consider restructuring your `variable` declarations so that the variables are not in scope or explicitly omit them:
  omit [NeZero n] in theorem ...

Note: This linter can be disabled with `set_option linter.unusedSectionVars false`
⚠ [3445/3481] Replayed SM.NamedWallsDefinition
warning: SM/NamedWallsDefinition.lean:42:21: Variable name `h` is not explicitly referenced.

Hint: The binding can be removed (if unused) or named `_` (if used implicitly). Alternatively, prefix the name with `_` to silence this warning:
  [apply] _h

Note: This linter can be disabled with `set_option linter.unusedVariables false`
warning: SM/NamedWallsDefinition.lean:45:24: Variable name `h` is not explicitly referenced.

Hint: The binding can be removed (if unused) or named `_` (if used implicitly). Alternatively, prefix the name with `_` to silence this warning:
  [apply] _h

Note: This linter can be disabled with `set_option linter.unusedVariables false`
⚠ [3446/3481] Replayed SM.GaussNextFromEmptyArc
warning: SM/GaussNextFromEmptyArc.lean:135:2: Try this: 
  letI̵

The goal is a proposition, so `let` is preferred over `letI`.
The difference between `let` and `letI` is that `letI` inlines the value.
But this is not relevant for proofs because of proof irrelevance.

Note: This linter can be disabled with `set_option linter.style.haveILetI false`
⚠ [3448/3481] Replayed SM.SoftAttachmentSigns
warning: SM/SoftAttachmentSigns.lean:71:0: automatically included section variable(s) unused in theorem `SM.softAttachment_signs_nonzero`:
  [NeZero n]
consider restructuring your `variable` declarations so that the variables are not in scope or explicitly omit them:
  omit [NeZero n] in theorem ...

Note: This linter can be disabled with `set_option linter.unusedSectionVars false`
warning: SM/SoftAttachmentSigns.lean:83:2: Try this: 
  haveI̵

The goal is a proposition, so `have` is preferred over `haveI`.
The difference between `have` and `haveI` is that `haveI` inlines the value.
But this is not relevant for proofs because of proof irrelevance.

Note: This linter can be disabled with `set_option linter.style.haveILetI false`
⚠ [3449/3481] Replayed SM.SoftFamilyTurns
warning: SM/SoftFamilyTurns.lean:88:2: Try this: 
  haveI̵

The goal is a proposition, so `have` is preferred over `haveI`.
The difference between `have` and `haveI` is that `haveI` inlines the value.
But this is not relevant for proofs because of proof irrelevance.

Note: This linter can be disabled with `set_option linter.style.haveILetI false`
warning: SM/SoftFamilyTurns.lean:121:2: Try this: 
  haveI̵

The goal is a proposition, so `have` is preferred over `haveI`.
The difference between `have` and `haveI` is that `haveI` inlines the value.
But this is not relevant for proofs because of proof irrelevance.

Note: This linter can be disabled with `set_option linter.style.haveILetI false`
⚠ [3451/3481] Replayed SM.SoftSourceSectors
warning: SM/SoftSourceSectors.lean:77:2: Try this: 
  haveI̵

The goal is a proposition, so `have` is preferred over `haveI`.
The difference between `have` and `haveI` is that `haveI` inlines the value.
But this is not relevant for proofs because of proof irrelevance.

Note: This linter can be disabled with `set_option linter.style.haveILetI false`
⚠ [3452/3481] Replayed SM.SoftNewbornVertexArc
warning: SM/SoftNewbornVertexArc.lean:90:2: Try this: 
  haveI̵

The goal is a proposition, so `have` is preferred over `haveI`.
The difference between `have` and `haveI` is that `haveI` inlines the value.
But this is not relevant for proofs because of proof irrelevance.

Note: This linter can be disabled with `set_option linter.style.haveILetI false`
warning: SM/SoftNewbornVertexArc.lean:94:10: `if_pos` has been deprecated: Use `ite_eq_left` instead
warning: SM/SoftNewbornVertexArc.lean:99:10: `if_pos` has been deprecated: Use `ite_eq_left` instead
warning: SM/SoftNewbornVertexArc.lean:106:17: `if_pos` has been deprecated: Use `ite_eq_left` instead
warning: SM/SoftNewbornVertexArc.lean:107:17: `if_neg` has been deprecated: Use `ite_eq_right` instead
warning: SM/SoftNewbornVertexArc.lean:106:17: This simp argument is unused:
  if_pos hj

Hint: Omit it from the simp argument list.
  [apply] simp only [hj, ZMod.val_zero]

Note: This linter can be disabled with `set_option linter.unusedSimpArgs false`
warning: SM/SoftNewbornVertexArc.lean:133:42: `if_pos` has been deprecated: Use `ite_eq_left` instead
warning: SM/SoftNewbornVertexArc.lean:143:36: `if_neg` has been deprecated: Use `ite_eq_right` instead
⚠ [3453/3481] Replayed SM.SoftInheritedCrossingData
warning: SM/SoftInheritedCrossingData.lean:157:9: Variable name `hQ` is not explicitly referenced.

Hint: The binding can be removed (if unused) or named `_` (if used implicitly). Alternatively, prefix the name with `_` to silence this warning:
  [apply] _hQ

Note: This linter can be disabled with `set_option linter.unusedVariables false`
⚠ [3454/3481] Replayed SM.SoftDuplicationIndices
warning: SM/SoftDuplicationIndices.lean:68:8: `if_pos` has been deprecated: Use `ite_eq_left` instead
warning: SM/SoftDuplicationIndices.lean:73:8: `if_neg` has been deprecated: Use `ite_eq_right` instead
warning: SM/SoftDuplicationIndices.lean:90:8: `if_pos` has been deprecated: Use `ite_eq_left` instead
warning: SM/SoftDuplicationIndices.lean:94:8: `if_neg` has been deprecated: Use `ite_eq_right` instead
⚠ [3455/3481] Replayed SM.SoftDuplicationCutFibers
warning: SM/SoftDuplicationCutFibers.lean:47:0: automatically included section variable(s) unused in theorem `SM.SoftDuplication.exists_position_in_interval`:
  [NeZero n]
consider restructuring your `variable` declarations so that the variables are not in scope or explicitly omit them:
  omit [NeZero n] in theorem ...

Note: This linter can be disabled with `set_option linter.unusedSectionVars false`
warning: SM/SoftDuplicationCutFibers.lean:137:0: automatically included section variable(s) unused in theorem `SM.SoftDuplication.mem_expandCuts`:
  [NeZero n]
consider restructuring your `variable` declarations so that the variables are not in scope or explicitly omit them:
  omit [NeZero n] in theorem ...

Note: This linter can be disabled with `set_option linter.unusedSectionVars false`
warning: SM/SoftDuplicationCutFibers.lean:234:0: automatically included section variable(s) unused in theorem `SM.SoftDuplication.cutFiber_subset_pair`:
  [NeZero n]
consider restructuring your `variable` declarations so that the variables are not in scope or explicitly omit them:
  omit [NeZero n] in theorem ...

Note: This linter can be disabled with `set_option linter.unusedSectionVars false`
warning: SM/SoftDuplicationCutFibers.lean:242:0: automatically included section variable(s) unused in theorem `SM.SoftDuplication.cutFiber_empty_iff`:
  [NeZero n]
consider restructuring your `variable` declarations so that the variables are not in scope or explicitly omit them:
  omit [NeZero n] in theorem ...

Note: This linter can be disabled with `set_option linter.unusedSectionVars false`
⚠ [3456/3481] Replayed SM.SoftDuplicationPresentations
warning: SM/SoftDuplicationPresentations.lean:46:0: automatically included section variable(s) unused in theorem `SM.SoftDuplication.cutSubsetPair_cases`:
  [NeZero n]
consider restructuring your `variable` declarations so that the variables are not in scope or explicitly omit them:
  omit [NeZero n] in theorem ...

Note: This linter can be disabled with `set_option linter.unusedSectionVars false`
warning: SM/SoftDuplicationPresentations.lean:83:0: automatically included section variable(s) unused in theorem `SM.SoftDuplication.cutFiberCondition_empty`:
  [NeZero n]
consider restructuring your `variable` declarations so that the variables are not in scope or explicitly omit them:
  omit [NeZero n] in theorem ...

Note: This linter can be disabled with `set_option linter.unusedSectionVars false`
warning: SM/SoftDuplicationPresentations.lean:93:48: This simp argument is unused:
  iff_false

Hint: Omit it from the simp argument list.
  [apply] simp only [Finset.not_nonempty_empty, hs, not_false_eq_true]

Note: This linter can be disabled with `set_option linter.unusedSimpArgs false`
warning: SM/SoftDuplicationPresentations.lean:93:59: This simp argument is unused:
  not_false_eq_true

Hint: Omit it from the simp argument list.
  [apply] simp only [Finset.not_nonempty_empty, hs, iff_false]

Note: This linter can be disabled with `set_option linter.unusedSimpArgs false`
warning: SM/SoftDuplicationPresentations.lean:158:27: Try `simp at ha` instead of `simpa using ha`

Note: This linter can be disabled with `set_option linter.unnecessarySimpa false`
warning: SM/SoftDuplicationPresentations.lean:197:27: Try `simp at hb` instead of `simpa using hb`

Note: This linter can be disabled with `set_option linter.unnecessarySimpa false`
⚠ [3457/3481] Replayed SM.OrderedBoundaryTransport
warning: SM/OrderedBoundaryTransport.lean:151:2: Try this: 
  letI̵

The goal is a proposition, so `let` is preferred over `letI`.
The difference between `let` and `letI` is that `letI` inlines the value.
But this is not relevant for proofs because of proof irrelevance.

Note: This linter can be disabled with `set_option linter.style.haveILetI false`
warning: SM/OrderedBoundaryTransport.lean:160:2: Try this: 
  letI̵

The goal is a proposition, so `let` is preferred over `letI`.
The difference between `let` and `letI` is that `letI` inlines the value.
But this is not relevant for proofs because of proof irrelevance.

Note: This linter can be disabled with `set_option linter.style.haveILetI false`
warning: SM/OrderedBoundaryTransport.lean:169:2: Try this: 
  letI̵

The goal is a proposition, so `let` is preferred over `letI`.
The difference between `let` and `letI` is that `letI` inlines the value.
But this is not relevant for proofs because of proof irrelevance.

Note: This linter can be disabled with `set_option linter.style.haveILetI false`
warning: SM/OrderedBoundaryTransport.lean:182:2: Try this: 
  letI̵

The goal is a proposition, so `let` is preferred over `letI`.
The difference between `let` and `letI` is that `letI` inlines the value.
But this is not relevant for proofs because of proof irrelevance.

Note: This linter can be disabled with `set_option linter.style.haveILetI false`
warning: SM/OrderedBoundaryTransport.lean:183:2: Try this: 
  letI̵

The goal is a proposition, so `let` is preferred over `letI`.
The difference between `let` and `letI` is that `letI` inlines the value.
But this is not relevant for proofs because of proof irrelevance.

Note: This linter can be disabled with `set_option linter.style.haveILetI false`
warning: SM/OrderedBoundaryTransport.lean:220:0: automatically included section variable(s) unused in theorem `SM.OrderedBoundaryTransport.childProduct_transport`:
  [Invertible 2]
consider restructuring your `variable` declarations so that the variables are not in scope or explicitly omit them:
  omit [Invertible 2] in theorem ...

Note: This linter can be disabled with `set_option linter.unusedSectionVars false`
⚠ [3458/3481] Replayed SM.SoftDuplicationStartingChildren
warning: SM/SoftDuplicationStartingChildren.lean:48:0: automatically included section variable(s) unused in theorem `SM.SoftDuplication.cut_mem_ordered_image`:
  [NeZero n]
consider restructuring your `variable` declarations so that the variables are not in scope or explicitly omit them:
  omit [NeZero n] in theorem ...

Note: This linter can be disabled with `set_option linter.unusedSectionVars false`
warning: SM/SoftDuplicationStartingChildren.lean:126:8: automatically included section variable(s) unused in theorem `SM.SoftDuplication.startingTail_self`:
  [NeZero n]
consider restructuring your `variable` declarations so that the variables are not in scope or explicitly omit them:
  omit [NeZero n] in theorem ...

Note: This linter can be disabled with `set_option linter.unusedSectionVars false`
warning: SM/SoftDuplicationStartingChildren.lean:129:8: automatically included section variable(s) unused in theorem `SM.SoftDuplication.collapse_startingTail`:
  [NeZero n]
consider restructuring your `variable` declarations so that the variables are not in scope or explicitly omit them:
  omit [NeZero n] in theorem ...

Note: This linter can be disabled with `set_option linter.unusedSectionVars false`
warning: SM/SoftDuplicationStartingChildren.lean:145:0: automatically included section variable(s) unused in theorem `SM.SoftDuplication.starting_core_left`:
  [NeZero n]
consider restructuring your `variable` declarations so that the variables are not in scope or explicitly omit them:
  omit [NeZero n] in theorem ...

Note: This linter can be disabled with `set_option linter.unusedSectionVars false`
⚠ [3459/3481] Replayed SM.SoftDuplicationArrays
warning: SM/SoftDuplicationArrays.lean:159:25: `dif_pos` has been deprecated: Use `dite_eq_left` instead
warning: SM/SoftDuplicationArrays.lean:166:25: `dif_neg` has been deprecated: Use `dite_eq_right` instead
warning: SM/SoftDuplicationArrays.lean:166:37: `dif_pos` has been deprecated: Use `dite_eq_left` instead
warning: SM/SoftDuplicationArrays.lean:175:25: `dif_neg` has been deprecated: Use `dite_eq_right` instead
warning: SM/SoftDuplicationArrays.lean:175:37: `dif_neg` has been deprecated: Use `dite_eq_right` instead
warning: SM/SoftDuplicationArrays.lean:196:23: `if_pos` has been deprecated: Use `ite_eq_left` instead
warning: SM/SoftDuplicationArrays.lean:200:23: `if_neg` has been deprecated: Use `ite_eq_right` instead
warning: SM/SoftDuplicationArrays.lean:304:27: `dif_neg` has been deprecated: Use `dite_eq_right` instead
warning: SM/SoftDuplicationArrays.lean:304:74: `if_neg` has been deprecated: Use `ite_eq_right` instead
warning: SM/SoftDuplicationArrays.lean:313:27: `dif_neg` has been deprecated: Use `dite_eq_right` instead
warning: SM/SoftDuplicationArrays.lean:313:71: `if_pos` has been deprecated: Use `ite_eq_left` instead
warning: SM/SoftDuplicationArrays.lean:313:85: `if_pos` has been deprecated: Use `ite_eq_left` instead
warning: SM/SoftDuplicationArrays.lean:322:27: `dif_neg` has been deprecated: Use `dite_eq_right` instead
warning: SM/SoftDuplicationArrays.lean:322:70: `if_pos` has been deprecated: Use `ite_eq_left` instead
warning: SM/SoftDuplicationArrays.lean:323:4: `if_neg` has been deprecated: Use `ite_eq_right` instead
warning: SM/SoftDuplicationArrays.lean:323:26: `if_pos` has been deprecated: Use `ite_eq_left` instead
warning: SM/SoftDuplicationArrays.lean:332:27: `dif_neg` has been deprecated: Use `dite_eq_right` instead
warning: SM/SoftDuplicationArrays.lean:332:70: `if_pos` has been deprecated: Use `ite_eq_left` instead
warning: SM/SoftDuplicationArrays.lean:333:4: `if_neg` has been deprecated: Use `ite_eq_right` instead
warning: SM/SoftDuplicationArrays.lean:333:26: `if_neg` has been deprecated: Use `ite_eq_right` instead
⚠ [3460/3481] Replayed SM.SoftDuplicationSpanningCutPresentations
warning: SM/SoftDuplicationSpanningCutPresentations.lean:57:0: automatically included section variable(s) unused in theorem `SM.SoftDuplication.spanning_old_cut_bounds`:
  [NeZero n]
consider restructuring your `variable` declarations so that the variables are not in scope or explicitly omit them:
  omit [NeZero n] in theorem ...

Note: This linter can be disabled with `set_option linter.unusedSectionVars false`
⚠ [3464/3500] Replayed SM.CutSetNearFarNeighbors
warning: SM/CutSetNearFarNeighbors.lean:52:0: automatically included section variable(s) unused in theorem `SM.BoundaryCutSet.consecutive_left_unique`:
  [NeZero n]
consider restructuring your `variable` declarations so that the variables are not in scope or explicitly omit them:
  omit [NeZero n] in theorem ...

Note: This linter can be disabled with `set_option linter.unusedSectionVars false`
warning: SM/CutSetNearFarNeighbors.lean:60:0: automatically included section variable(s) unused in theorem `SM.BoundaryCutSet.consecutive_right_unique`:
  [NeZero n]
consider restructuring your `variable` declarations so that the variables are not in scope or explicitly omit them:
  omit [NeZero n] in theorem ...

Note: This linter can be disabled with `set_option linter.unusedSectionVars false`
⚠ [3465/3500] Replayed SM.SoftDuplicationSpanningCutNeighbors
warning: SM/SoftDuplicationSpanningCutNeighbors.lean:53:0: automatically included section variable(s) unused in theorem `SM.SoftDuplication.spanning_core_cut_interior`:
  [NeZero n]
consider restructuring your `variable` declarations so that the variables are not in scope or explicitly omit them:
  omit [NeZero n] in theorem ...

Note: This linter can be disabled with `set_option linter.unusedSectionVars false`
⚠ [3467/3500] Replayed SM.SoftDuplicationSpanningCutGatePositions
warning: SM/SoftDuplicationSpanningCutGatePositions.lean:55:0: automatically included section variable(s) unused in theorem `SM.SoftDuplication.spanning_old_endpoints`:
  [NeZero n]
consider restructuring your `variable` declarations so that the variables are not in scope or explicitly omit them:
  omit [NeZero n] in theorem ...

Note: This linter can be disabled with `set_option linter.unusedSectionVars false`
⚠ [3468/3500] Replayed SM.SoftDuplicationSectionTriples
warning: SM/SoftDuplicationSectionTriples.lean:55:0: automatically included section variable(s) unused in theorem `SM.SoftDuplication.startingOld_triple_eq`:
  [NeZero n]
consider restructuring your `variable` declarations so that the variables are not in scope or explicitly omit them:
  omit [NeZero n] in theorem ...

Note: This linter can be disabled with `set_option linter.unusedSectionVars false`
warning: SM/SoftDuplicationSectionTriples.lean:60:0: automatically included section variable(s) unused in theorem `SM.SoftDuplication.startingTail_ne_A`:
  [NeZero n]
consider restructuring your `variable` declarations so that the variables are not in scope or explicitly omit them:
  omit [NeZero n] in theorem ...

Note: This linter can be disabled with `set_option linter.unusedSectionVars false`
⚠ [3471/3522] Replayed SM.SoftDuplicationStartingChildFactors
warning: SM/SoftDuplicationStartingChildFactors.lean:60:0: automatically included section variable(s) unused in theorem `SM.SoftDuplication.sectionInterval_not_duplicate`:
  [NeZero n]
consider restructuring your `variable` declarations so that the variables are not in scope or explicitly omit them:
  omit [NeZero n] in theorem ...

Note: This linter can be disabled with `set_option linter.unusedSectionVars false`
warning: SM/SoftDuplicationStartingChildFactors.lean:157:12: `if_pos` has been deprecated: Use `ite_eq_left` instead
warning: SM/SoftDuplicationStartingChildFactors.lean:159:12: `if_neg` has been deprecated: Use `ite_eq_right` instead
⚠ [3472/3522] Replayed SM.SoftDuplicationSpanningOneCutChildFactors
warning: SM/SoftDuplicationSpanningOneCutChildFactors.lean:76:17: `if_neg` has been deprecated: Use `ite_eq_right` instead
warning: SM/SoftDuplicationSpanningOneCutChildFactors.lean:185:12: `if_pos` has been deprecated: Use `ite_eq_left` instead
warning: SM/SoftDuplicationSpanningOneCutChildFactors.lean:187:12: `if_neg` has been deprecated: Use `ite_eq_right` instead
warning: SM/SoftDuplicationSpanningOneCutChildFactors.lean:218:12: `if_pos` has been deprecated: Use `ite_eq_left` instead
warning: SM/SoftDuplicationSpanningOneCutChildFactors.lean:220:12: `if_neg` has been deprecated: Use `ite_eq_right` instead
⚠ [3473/3522] Replayed SM.SoftDuplicationSpanningBothChildren
warning: SM/SoftDuplicationSpanningBothChildren.lean:61:0: automatically included section variable(s) unused in theorem `SM.SoftDuplication.spanning_core_child_side`:
  [NeZero n]
consider restructuring your `variable` declarations so that the variables are not in scope or explicitly omit them:
  omit [NeZero n] in theorem ...

Note: This linter can be disabled with `set_option linter.unusedSectionVars false`
warning: SM/SoftDuplicationSpanningBothChildren.lean:82:2: `if_pos` has been deprecated: Use `ite_eq_left` instead
warning: SM/SoftDuplicationSpanningBothChildren.lean:79:0: automatically included section variable(s) unused in theorem `SM.SoftDuplication.spanningBothChild_of_right_le`:
  [NeZero n]
consider restructuring your `variable` declarations so that the variables are not in scope or explicitly omit them:
  omit [NeZero n] in theorem ...

Note: This linter can be disabled with `set_option linter.unusedSectionVars false`
warning: SM/SoftDuplicationSpanningBothChildren.lean:88:8: `if_neg` has been deprecated: Use `ite_eq_right` instead
warning: SM/SoftDuplicationSpanningBothChildren.lean:85:0: automatically included section variable(s) unused in theorem `SM.SoftDuplication.spanningBothChild_of_left_ge`:
  [NeZero n]
consider restructuring your `variable` declarations so that the variables are not in scope or explicitly omit them:
  omit [NeZero n] in theorem ...

Note: This linter can be disabled with `set_option linter.unusedSectionVars false`
warning: SM/SoftDuplicationSpanningBothChildren.lean:96:27: `if_pos` has been deprecated: Use `ite_eq_left` instead
warning: SM/SoftDuplicationSpanningBothChildren.lean:98:27: `if_neg` has been deprecated: Use `ite_eq_right` instead
⚠ [3477/3522] Replayed SM.SoftDuplicationSpanningEmptyGates
warning: SM/SoftDuplicationSpanningEmptyGates.lean:65:0: automatically included section variable(s) unused in theorem `SM.SoftDuplication.emptySpanning_old_endpoints`:
  [NeZero n]
consider restructuring your `variable` declarations so that the variables are not in scope or explicitly omit them:
  omit [NeZero n] in theorem ...

Note: This linter can be disabled with `set_option linter.unusedSectionVars false`
⚠ [3478/3522] Replayed SM.SoftDuplicationAvoiding
warning: SM/SoftDuplicationAvoiding.lean:65:0: automatically included section variable(s) unused in theorem `SM.SoftDuplication.avoiding_not_duplicate`:
  [NeZero n]
consider restructuring your `variable` declarations so that the variables are not in scope or explicitly omit them:
  omit [NeZero n] in theorem ...

Note: This linter can be disabled with `set_option linter.unusedSectionVars false`
warning: SM/SoftDuplicationAvoiding.lean:73:0: automatically included section variable(s) unused in theorem `SM.SoftDuplication.collapse_injective_on_avoiding`:
  [NeZero n]
consider restructuring your `variable` declarations so that the variables are not in scope or explicitly omit them:
  omit [NeZero n] in theorem ...

Note: This linter can be disabled with `set_option linter.unusedSectionVars false`
warning: SM/SoftDuplicationAvoiding.lean:96:0: automatically included section variable(s) unused in theorem `SM.SoftDuplication.mem_avoidingExpandCuts`:
  [NeZero n]
consider restructuring your `variable` declarations so that the variables are not in scope or explicitly omit them:
  omit [NeZero n] in theorem ...

Note: This linter can be disabled with `set_option linter.unusedSectionVars false`
⚠ [3482/3522] Replayed SM.ContactPairGeometry
warning: SM/ContactPairGeometry.lean:31:0: automatically included section variable(s) unused in theorem `SM.edgeInterior_of_closed_ne_endpoints`:
  [NeZero n]
consider restructuring your `variable` declarations so that the variables are not in scope or explicitly omit them:
  omit [NeZero n] in theorem ...

Note: This linter can be disabled with `set_option linter.unusedSectionVars false`
⚠ [3484/3522] Replayed SM.ContactPersistence
warning: SM/ContactPersistence.lean:15:0: automatically included section variable(s) unused in theorem `SM.pair_persists_of_interior_geometry`:
  [NeZero n]
consider restructuring your `variable` declarations so that the variables are not in scope or explicitly omit them:
  omit [NeZero n] in theorem ...

Note: This linter can be disabled with `set_option linter.unusedSectionVars false`
⚠ [3486/3522] Replayed SM.ContactVertices
warning: SM/ContactVertices.lean:10:0: automatically included section variable(s) unused in theorem `SM.interior_vertex_nonincident`:
  [NeZero n]
consider restructuring your `variable` declarations so that the variables are not in scope or explicitly omit them:
  omit [NeZero n] in theorem ...

Note: This linter can be disabled with `set_option linter.unusedSectionVars false`
⚠ [3488/3522] Replayed SM.ContactLegs
warning: SM/ContactLegs.lean:16:0: automatically included section variable(s) unused in theorem `SM.contactLeg_remote`:
  [NeZero n]
consider restructuring your `variable` declarations so that the variables are not in scope or explicitly omit them:
  omit [NeZero n] in theorem ...

Note: This linter can be disabled with `set_option linter.unusedSectionVars false`
warning: SM/ContactLegs.lean:34:2: Try this: 
  letI̵

The goal is a proposition, so `let` is preferred over `letI`.
The difference between `let` and `letI` is that `letI` inlines the value.
But this is not relevant for proofs because of proof irrelevance.

Note: This linter can be disabled with `set_option linter.style.haveILetI false`
warning: SM/ContactLegs.lean:31:0: automatically included section variable(s) unused in theorem `SM.contactNeighbour_distinct`:
  [NeZero n]
consider restructuring your `variable` declarations so that the variables are not in scope or explicitly omit them:
  omit [NeZero n] in theorem ...

Note: This linter can be disabled with `set_option linter.unusedSectionVars false`
warning: SM/ContactLegs.lean:50:2: Try this: 
  letI̵

The goal is a proposition, so `let` is preferred over `letI`.
The difference between `let` and `letI` is that `letI` inlines the value.
But this is not relevant for proofs because of proof irrelevance.

Note: This linter can be disabled with `set_option linter.style.haveILetI false`
⚠ [3491/3791] Replayed SM.SoftDuplicationAvoidingCompositions
warning: SM/SoftDuplicationAvoidingCompositions.lean:139:0: automatically included section variable(s) unused in theorem `SM.SoftDuplication.composition_part_avoiding`:
  [NeZero n]
consider restructuring your `variable` declarations so that the variables are not in scope or explicitly omit them:
  omit [NeZero n] in theorem ...

Note: This linter can be disabled with `set_option linter.unusedSectionVars false`
warning: SM/SoftDuplicationAvoidingCompositions.lean:179:0: automatically included section variable(s) unused in theorem `SM.SoftDuplication.triple_plain_of_avoiding_interval`:
  [NeZero n]
consider restructuring your `variable` declarations so that the variables are not in scope or explicitly omit them:
  omit [NeZero n] in theorem ...

Note: This linter can be disabled with `set_option linter.unusedSectionVars false`
⚠ [3492/3791] Replayed SM.SoftDuplicationAvoidingUnit
warning: SM/SoftDuplicationAvoidingUnit.lean:86:8: `if_pos` has been deprecated: Use `ite_eq_left` instead
warning: SM/SoftDuplicationAvoidingUnit.lean:86:20: `if_pos` has been deprecated: Use `ite_eq_left` instead
warning: SM/SoftDuplicationAvoidingUnit.lean:90:8: `if_neg` has been deprecated: Use `ite_eq_right` instead
warning: SM/SoftDuplicationAvoidingUnit.lean:90:20: `if_neg` has been deprecated: Use `ite_eq_right` instead
⚠ [3493/3791] Replayed SM.SoftDuplicationAvoidingTransform
warning: SM/SoftDuplicationAvoidingTransform.lean:143:0: automatically included section variable(s) unused in theorem `SM.SoftDuplication.tripleLift_neg`:
  [NeZero n]
consider restructuring your `variable` declarations so that the variables are not in scope or explicitly omit them:
  omit [NeZero n] in theorem ...

Note: This linter can be disabled with `set_option linter.unusedSectionVars false`
⚠ [3494/3791] Replayed SM.SoftDuplicationSpanningEmptyWeights
warning: SM/SoftDuplicationSpanningEmptyWeights.lean:85:17: `if_neg` has been deprecated: Use `ite_eq_right` instead
warning: SM/SoftDuplicationSpanningEmptyWeights.lean:137:12: `if_pos` has been deprecated: Use `ite_eq_left` instead
warning: SM/SoftDuplicationSpanningEmptyWeights.lean:139:12: `if_neg` has been deprecated: Use `ite_eq_right` instead
⚠ [3495/3791] Replayed SM.SoftDuplicationTransformSetup
warning: SM/SoftDuplicationTransformSetup.lean:84:0: automatically included section variable(s) unused in theorem `SM.SoftDuplication.ordinaryLift_transform_duplicate`:
  [NeZero n]
consider restructuring your `variable` declarations so that the variables are not in scope or explicitly omit them:
  omit [NeZero n] in theorem ...

Note: This linter can be disabled with `set_option linter.unusedSectionVars false`
⚠ [3496/3791] Replayed SM.SoftFarSignFamily
warning: SM/SoftFarSignFamily.lean:92:6: `dif_neg` has been deprecated: Use `dite_eq_right` instead
warning: SM/SoftFarSignFamily.lean:102:0: automatically included section variable(s) unused in theorem `SM.softFarSign_ne_zero`:
  [NeZero n]
consider restructuring your `variable` declarations so that the variables are not in scope or explicitly omit them:
  omit [NeZero n] in theorem ...

Note: This linter can be disabled with `set_option linter.unusedSectionVars false`
⚠ [3497/3791] Replayed SM.SoftRootBoundary
warning: SM/SoftRootBoundary.lean:93:0: automatically included section variable(s) unused in theorem `SM.softRoot_boundaryIndex_add`:
  [NeZero n]
consider restructuring your `variable` declarations so that the variables are not in scope or explicitly omit them:
  omit [NeZero n] in theorem ...

Note: This linter can be disabled with `set_option linter.unusedSectionVars false`
warning: SM/SoftRootBoundary.lean:101:0: automatically included section variable(s) unused in theorem `SM.softRoot_old_step_val`:
  [NeZero n]
consider restructuring your `variable` declarations so that the variables are not in scope or explicitly omit them:
  omit [NeZero n] in theorem ...

Note: This linter can be disabled with `set_option linter.unusedSectionVars false`
warning: SM/SoftRootBoundary.lean:147:22: `if_pos` has been deprecated: Use `ite_eq_left` instead
warning: SM/SoftRootBoundary.lean:166:22: `if_neg` has been deprecated: Use `ite_eq_right` instead
⚠ [3498/3791] Replayed SM.ContactApproach
warning: SM/ContactApproach.lean:15:0: automatically included section variable(s) unused in theorem `SM.contact_edgePoint_endpoint`:
  [NeZero n]
consider restructuring your `variable` declarations so that the variables are not in scope or explicitly omit them:
  omit [NeZero n] in theorem ...

Note: This linter can be disabled with `set_option linter.unusedSectionVars false`
⚠ [3499/3791] Replayed SM.ContactWindowGap
warning: SM/ContactWindowGap.lean:80:16: `if_pos` has been deprecated: Use `ite_eq_left` instead
⚠ [3501/3791] Replayed SM.ContactVisitWindows
warning: SM/ContactVisitWindows.lean:17:0: automatically included section variable(s) unused in theorem `SM.contactAffected_iff_leg`:
  [NeZero n]
consider restructuring your `variable` declarations so that the variables are not in scope or explicitly omit them:
  omit [NeZero n] in theorem ...

Note: This linter can be disabled with `set_option linter.unusedSectionVars false`
warning: SM/ContactVisitWindows.lean:51:0: automatically included section variable(s) unused in theorem `SM.unaffected_visit_outside_window`:
  [NeZero n]
consider restructuring your `variable` declarations so that the variables are not in scope or explicitly omit them:
  omit [NeZero n] in theorem ...

Note: This linter can be disabled with `set_option linter.unusedSectionVars false`
⚠ [3502/3791] Replayed SM.ContactVisitOrder
warning: SM/ContactVisitOrder.lean:22:0: automatically included section variable(s) unused in theorem `SM.contactVisitTransport_support`:
  [NeZero n]
consider restructuring your `variable` declarations so that the variables are not in scope or explicitly omit them:
  omit [NeZero n] in theorem ...

Note: This linter can be disabled with `set_option linter.unusedSectionVars false`
warning: SM/ContactVisitOrder.lean:27:0: automatically included section variable(s) unused in theorem `SM.contactVisitTransport_edge`:
  [NeZero n]
consider restructuring your `variable` declarations so that the variables are not in scope or explicitly omit them:
  omit [NeZero n] in theorem ...

Note: This linter can be disabled with `set_option linter.unusedSectionVars false`
⚠ [3503/3791] Replayed SM.ContactCrossingTest
warning: SM/ContactCrossingTest.lean:16:0: automatically included section variable(s) unused in theorem `SM.continuousAt_baseLegSideProduct`:
  [NeZero n]
consider restructuring your `variable` declarations so that the variables are not in scope or explicitly omit them:
  omit [NeZero n] in theorem ...

Note: This linter can be disabled with `set_option linter.unusedSectionVars false`
⚠ [3504/3791] Replayed SM.ContactCrossingPatterns
warning: SM/ContactCrossingPatterns.lean:33:2: Try this: 
  letI̵

The goal is a proposition, so `let` is preferred over `letI`.
The difference between `let` and `letI` is that `letI` inlines the value.
But this is not relevant for proofs because of proof irrelevance.

Note: This linter can be disabled with `set_option linter.style.haveILetI false`
warning: SM/ContactCrossingPatterns.lean:31:0: automatically included section variable(s) unused in theorem `SM.contact_pairs_distinct`:
  [NeZero n]
consider restructuring your `variable` declarations so that the variables are not in scope or explicitly omit them:
  omit [NeZero n] in theorem ...

Note: This linter can be disabled with `set_option linter.unusedSectionVars false`
warning: SM/ContactCrossingPatterns.lean:41:0: automatically included section variable(s) unused in theorem `SM.contact_pair_flips`:
  [NeZero n]
consider restructuring your `variable` declarations so that the variables are not in scope or explicitly omit them:
  omit [NeZero n] in theorem ...

Note: This linter can be disabled with `set_option linter.unusedSectionVars false`
warning: SM/ContactCrossingPatterns.lean:82:0: automatically included section variable(s) unused in theorem `SM.contact_bigon_of_tests`:
  [NeZero n]
consider restructuring your `variable` declarations so that the variables are not in scope or explicitly omit them:
  omit [NeZero n] in theorem ...

Note: This linter can be disabled with `set_option linter.unusedSectionVars false`
warning: SM/ContactCrossingPatterns.lean:96:0: automatically included section variable(s) unused in theorem `SM.contact_sliding_of_tests`:
  [NeZero n]
consider restructuring your `variable` declarations so that the variables are not in scope or explicitly omit them:
  omit [NeZero n] in theorem ...

Note: This linter can be disabled with `set_option linter.unusedSectionVars false`
⚠ [3761/3884] Replayed SM.SoftDuplicationNeighbors
warning: SM/SoftDuplicationNeighbors.lean:196:0: automatically included section variable(s) unused in theorem `SM.SoftDuplication.fullInterval_not_duplicate`:
  [NeZero n]
consider restructuring your `variable` declarations so that the variables are not in scope or explicitly omit them:
  omit [NeZero n] in theorem ...

Note: This linter can be disabled with `set_option linter.unusedSectionVars false`
warning: SM/SoftDuplicationNeighbors.lean:211:22: `if_pos` has been deprecated: Use `ite_eq_left` instead
warning: SM/SoftDuplicationNeighbors.lean:216:8: `if_neg` has been deprecated: Use `ite_eq_right` instead
⚠ [3762/3884] Replayed SM.SoftDuplicationSpanningTransform
warning: SM/SoftDuplicationSpanningTransform.lean:215:32: `if_neg` has been deprecated: Use `ite_eq_right` instead
warning: SM/SoftDuplicationSpanningTransform.lean:210:0: automatically included section variable(s) unused in theorem `SM.SoftDuplication.boundaryUnitArray_spanning_zero`:
  [NeZero n]
consider restructuring your `variable` declarations so that the variables are not in scope or explicitly omit them:
  omit [NeZero n] in theorem ...

Note: This linter can be disabled with `set_option linter.unusedSectionVars false`
warning: SM/SoftDuplicationSpanningTransform.lean:226:32: `if_neg` has been deprecated: Use `ite_eq_right` instead
warning: SM/SoftDuplicationSpanningTransform.lean:218:0: automatically included section variable(s) unused in theorem `SM.SoftDuplication.boundaryUnitArray_core_spanning_zero`:
  [NeZero n]
consider restructuring your `variable` declarations so that the variables are not in scope or explicitly omit them:
  omit [NeZero n] in theorem ...

Note: This linter can be disabled with `set_option linter.unusedSectionVars false`
⚠ [3763/3884] Replayed SM.SoftDuplicationStartingTransform
warning: SM/SoftDuplicationStartingTransform.lean:169:32: `if_neg` has been deprecated: Use `ite_eq_right` instead
warning: SM/SoftDuplicationStartingTransform.lean:164:0: automatically included section variable(s) unused in theorem `SM.SoftDuplication.boundaryUnitArray_starting_zero`:
  [NeZero n]
consider restructuring your `variable` declarations so that the variables are not in scope or explicitly omit them:
  omit [NeZero n] in theorem ...

Note: This linter can be disabled with `set_option linter.unusedSectionVars false`
warning: SM/SoftDuplicationStartingTransform.lean:197:34: `if_neg` has been deprecated: Use `ite_eq_right` instead
⚠ [3764/3884] Replayed SM.SoftDuplicationEndingChildren
warning: SM/SoftDuplicationEndingChildren.lean:87:0: automatically included section variable(s) unused in theorem `SM.SoftDuplication.ending_old_lt_A`:
  [NeZero n]
consider restructuring your `variable` declarations so that the variables are not in scope or explicitly omit them:
  omit [NeZero n] in theorem ...

Note: This linter can be disabled with `set_option linter.unusedSectionVars false`
warning: SM/SoftDuplicationEndingChildren.lean:98:0: automatically included section variable(s) unused in theorem `SM.SoftDuplication.ending_core_right`:
  [NeZero n]
consider restructuring your `variable` declarations so that the variables are not in scope or explicitly omit them:
  omit [NeZero n] in theorem ...

Note: This linter can be disabled with `set_option linter.unusedSectionVars false`
⚠ [3834/3884] Replayed SM.Curl
warning: SM/Curl.lean:597:32: Used `tac1 <;> tac2` where `(tac1; tac2)` would suffice

Note: This linter can be disabled with `set_option linter.unnecessarySeqFocus false`
warning: SM/Curl.lean:1079:93: Variable name `hlam` is not explicitly referenced.

Hint: The binding can be removed (if unused) or named `_` (if used implicitly). Alternatively, prefix the name with `_` to silence this warning:
  [apply] _hlam

Note: This linter can be disabled with `set_option linter.unusedVariables false`
warning: SM/Curl.lean:1114:93: Variable name `hlam` is not explicitly referenced.

Hint: The binding can be removed (if unused) or named `_` (if used implicitly). Alternatively, prefix the name with `_` to silence this warning:
  [apply] _hlam

Note: This linter can be disabled with `set_option linter.unusedVariables false`
warning: SM/Curl.lean:1152:24: Variable name `hpos` is not explicitly referenced.

Hint: The binding can be removed (if unused) or named `_` (if used implicitly). Alternatively, prefix the name with `_` to silence this warning:
  [apply] _hpos

Note: This linter can be disabled with `set_option linter.unusedVariables false`
warning: SM/Curl.lean:1173:50: Variable name `hlam` is not explicitly referenced.

Hint: The binding can be removed (if unused) or named `_` (if used implicitly). Alternatively, prefix the name with `_` to silence this warning:
  [apply] _hlam

Note: This linter can be disabled with `set_option linter.unusedVariables false`
warning: SM/Curl.lean:1173:75: Variable name `hη` is not explicitly referenced.

Hint: The binding can be removed (if unused) or named `_` (if used implicitly). Alternatively, prefix the name with `_` to silence this warning:
  [apply] _hη

Note: This linter can be disabled with `set_option linter.unusedVariables false`
warning: SM/Curl.lean:1197:24: Variable name `hneg` is not explicitly referenced.

Hint: The binding can be removed (if unused) or named `_` (if used implicitly). Alternatively, prefix the name with `_` to silence this warning:
  [apply] _hneg

Note: This linter can be disabled with `set_option linter.unusedVariables false`
warning: SM/Curl.lean:1306:40: Variable name `hs` is not explicitly referenced.

Hint: The binding can be removed (if unused) or named `_` (if used implicitly). Alternatively, prefix the name with `_` to silence this warning:
  [apply] _hs

Note: This linter can be disabled with `set_option linter.unusedVariables false`
warning: SM/Curl.lean:1332:77: Used `tac1 <;> tac2` where `(tac1; tac2)` would suffice

Note: This linter can be disabled with `set_option linter.unnecessarySeqFocus false`
warning: SM/Curl.lean:2742:54: Variable name `hα'` is not explicitly referenced.

Hint: The binding can be removed (if unused) or named `_` (if used implicitly). Alternatively, prefix the name with `_` to silence this warning:
  [apply] _hα'

Note: This linter can be disabled with `set_option linter.unusedVariables false`
warning: SM/Curl.lean:2742:72: Variable name `hβ'` is not explicitly referenced.

Hint: The binding can be removed (if unused) or named `_` (if used implicitly). Alternatively, prefix the name with `_` to silence this warning:
  [apply] _hβ'

Note: This linter can be disabled with `set_option linter.unusedVariables false`
warning: SM/Curl.lean:2743:62: Variable name `hr` is not explicitly referenced.

Hint: The binding can be removed (if unused) or named `_` (if used implicitly). Alternatively, prefix the name with `_` to silence this warning:
  [apply] _hr

Note: This linter can be disabled with `set_option linter.unusedVariables false`
warning: SM/Curl.lean:6049:22: `dif_pos` has been deprecated: Use `dite_eq_left` instead
warning: SM/Curl.lean:6054:6: `dif_neg` has been deprecated: Use `dite_eq_right` instead
⚠ [3876/3884] Replayed SM.RegularPoleCount
warning: SM/RegularPoleCount.lean:752:78: Variable name `hP` is not explicitly referenced.

Hint: The binding can be removed (if unused) or named `_` (if used implicitly). Alternatively, prefix the name with `_` to silence this warning:
  [apply] _hP

Note: This linter can be disabled with `set_option linter.unusedVariables false`
⚠ [3878/3961] Replayed SM.SoftDuplicationEndingChildFactors
warning: SM/SoftDuplicationEndingChildFactors.lean:169:12: `if_pos` has been deprecated: Use `ite_eq_left` instead
warning: SM/SoftDuplicationEndingChildFactors.lean:171:12: `if_neg` has been deprecated: Use `ite_eq_right` instead
⚠ [3879/3961] Replayed SM.SoftDuplicationEndingTransform
warning: SM/SoftDuplicationEndingTransform.lean:174:32: `if_neg` has been deprecated: Use `ite_eq_right` instead
warning: SM/SoftDuplicationEndingTransform.lean:169:0: automatically included section variable(s) unused in theorem `SM.SoftDuplication.boundaryUnitArray_ending_zero`:
  [NeZero n]
consider restructuring your `variable` declarations so that the variables are not in scope or explicitly omit them:
  omit [NeZero n] in theorem ...

Note: This linter can be disabled with `set_option linter.unusedSectionVars false`
warning: SM/SoftDuplicationEndingTransform.lean:202:34: `if_neg` has been deprecated: Use `ite_eq_right` instead
⚠ [3880/3961] Replayed SM.SoftDuplicationFullEndpointOutput
warning: SM/SoftDuplicationFullEndpointOutput.lean:92:0: automatically included section variable(s) unused in theorem `SM.SoftDuplication.full_start_bounds`:
  [NeZero n]
consider restructuring your `variable` declarations so that the variables are not in scope or explicitly omit them:
  omit [NeZero n] in theorem ...

Note: This linter can be disabled with `set_option linter.unusedSectionVars false`
warning: SM/SoftDuplicationFullEndpointOutput.lean:102:0: automatically included section variable(s) unused in theorem `SM.SoftDuplication.full_end_bounds`:
  [NeZero n]
consider restructuring your `variable` declarations so that the variables are not in scope or explicitly omit them:
  omit [NeZero n] in theorem ...

Note: This linter can be disabled with `set_option linter.unusedSectionVars false`
⚠ [3881/3961] Replayed SM.SoftDuplicationOrdinaryIdentification
warning: SM/SoftDuplicationOrdinaryIdentification.lean:124:0: automatically included section variable(s) unused in theorem `SM.SoftDuplication.full_spanning_bounds`:
  [NeZero n]
consider restructuring your `variable` declarations so that the variables are not in scope or explicitly omit them:
  omit [NeZero n] in theorem ...

Note: This linter can be disabled with `set_option linter.unusedSectionVars false`
⚠ [3883/3961] Replayed SM.SoftAmplitudeSectors
warning: SM/SoftAmplitudeSectors.lean:101:0: automatically included section variable(s) unused in theorem `SM.SoftDuplication.softAmplitudeMultiplier_same_sign`:
  [NeZero n]
consider restructuring your `variable` declarations so that the variables are not in scope or explicitly omit them:
  omit [NeZero n] in theorem ...

Note: This linter can be disabled with `set_option linter.unusedSectionVars false`
warning: SM/SoftAmplitudeSectors.lean:120:0: automatically included section variable(s) unused in theorem `SM.SoftDuplication.softAmplitudeMultiplier_loop`:
  [NeZero n]
consider restructuring your `variable` declarations so that the variables are not in scope or explicitly omit them:
  omit [NeZero n] in theorem ...

Note: This linter can be disabled with `set_option linter.unusedSectionVars false`
⚠ [3887/3961] Replayed SM.FrontRealizeSlots
warning: SM/FrontRealizeSlots.lean:296:51: This simp argument is unused:
  hw

Hint: Omit it from the simp argument list.
  [apply] simp [hA]

Note: This linter can be disabled with `set_option linter.unusedSimpArgs false`
warning: SM/FrontRealizeSlots.lean:297:49: This simp argument is unused:
  hw'

Hint: Omit it from the simp argument list.
  [apply] simp [hA]

Note: This linter can be disabled with `set_option linter.unusedSimpArgs false`
warning: SM/FrontRealizeSlots.lean:945:22: Used `tac1 <;> tac2` where `(tac1; tac2)` would suffice

Note: This linter can be disabled with `set_option linter.unnecessarySeqFocus false`
warning: SM/FrontRealizeSlots.lean:1135:66: Used `tac1 <;> tac2` where `(tac1; tac2)` would suffice

Note: This linter can be disabled with `set_option linter.unnecessarySeqFocus false`
⚠ [3888/3961] Replayed SM.FrontRealize
warning: SM/FrontRealize.lean:266:33: Used `tac1 <;> tac2` where `(tac1; tac2)` would suffice

Note: This linter can be disabled with `set_option linter.unnecessarySeqFocus false`
warning: SM/FrontRealize.lean:269:84: Used `tac1 <;> tac2` where `(tac1; tac2)` would suffice

Note: This linter can be disabled with `set_option linter.unnecessarySeqFocus false`
warning: SM/FrontRealize.lean:402:37: This simp argument is unused:
  hb

Hint: Omit it from the simp argument list.
  [apply] simp [Shape.left, Placement.A_zero_fst]

Note: This linter can be disabled with `set_option linter.unusedSimpArgs false`
warning: SM/FrontRealize.lean:465:68: Variable name `t` is not explicitly referenced.

Hint: The binding can be removed (if unused) or named `_` (if used implicitly). Alternatively, prefix the name with `_` to silence this warning:
  [apply] _t

Note: This linter can be disabled with `set_option linter.unusedVariables false`
warning: SM/FrontRealize.lean:465:70: Variable name `t'` is not explicitly referenced.

Hint: The binding can be removed (if unused) or named `_` (if used implicitly). Alternatively, prefix the name with `_` to silence this warning:
  [apply] _t'

Note: This linter can be disabled with `set_option linter.unusedVariables false`
warning: SM/FrontRealize.lean:703:61: Used `tac1 <;> tac2` where `(tac1; tac2)` would suffice

Note: This linter can be disabled with `set_option linter.unnecessarySeqFocus false`
warning: SM/FrontRealize.lean:776:47: Used `tac1 <;> tac2` where `(tac1; tac2)` would suffice

Note: This linter can be disabled with `set_option linter.unnecessarySeqFocus false`
warning: SM/FrontRealize.lean:1042:23: Used `tac1 <;> tac2` where `(tac1; tac2)` would suffice

Note: This linter can be disabled with `set_option linter.unnecessarySeqFocus false`
warning: SM/FrontRealize.lean:1042:35: Used `tac1 <;> tac2` where `(tac1; tac2)` would suffice

Note: This linter can be disabled with `set_option linter.unnecessarySeqFocus false`
warning: SM/FrontRealize.lean:1054:31: Used `tac1 <;> tac2` where `(tac1; tac2)` would suffice

Note: This linter can be disabled with `set_option linter.unnecessarySeqFocus false`
warning: SM/FrontRealize.lean:1054:43: Used `tac1 <;> tac2` where `(tac1; tac2)` would suffice

Note: This linter can be disabled with `set_option linter.unnecessarySeqFocus false`
warning: SM/FrontRealize.lean:1156:57: Unused tactic linter: `push_cast` does nothing

Note: This linter can be disabled with `set_option linter.unusedTactic false`
⚠ [3889/3961] Replayed SM.FrontRealizeCorrespondence
warning: SM/FrontRealizeCorrespondence.lean:168:84: Used `tac1 <;> tac2` where `(tac1; tac2)` would suffice

Note: This linter can be disabled with `set_option linter.unnecessarySeqFocus false`
warning: SM/FrontRealizeCorrespondence.lean:485:83: Unused tactic linter: `omega` does nothing

Note: This linter can be disabled with `set_option linter.unusedTactic false`
warning: SM/FrontRealizeCorrespondence.lean:485:83: this tactic is never executed

Note: This linter can be disabled with `set_option linter.unreachableTactic false`
warning: SM/FrontRealizeCorrespondence.lean:627:55: Unused tactic linter: `push_cast` does nothing

Note: This linter can be disabled with `set_option linter.unusedTactic false`
warning: SM/FrontRealizeCorrespondence.lean:633:55: Unused tactic linter: `push_cast` does nothing

Note: This linter can be disabled with `set_option linter.unusedTactic false`
warning: SM/FrontRealizeCorrespondence.lean:647:47: Unused tactic linter: `push_cast` does nothing

Note: This linter can be disabled with `set_option linter.unusedTactic false`
warning: SM/FrontRealizeCorrespondence.lean:647:76: Unused tactic linter: `ring` does nothing

Note: This linter can be disabled with `set_option linter.unusedTactic false`
warning: SM/FrontRealizeCorrespondence.lean:648:47: Unused tactic linter: `push_cast` does nothing

Note: This linter can be disabled with `set_option linter.unusedTactic false`
warning: SM/FrontRealizeCorrespondence.lean:648:61: Unused tactic linter: `field_simp` does nothing

Note: This linter can be disabled with `set_option linter.unusedTactic false`
warning: SM/FrontRealizeCorrespondence.lean:648:76: Unused tactic linter: `ring` does nothing

Note: This linter can be disabled with `set_option linter.unusedTactic false`
warning: SM/FrontRealizeCorrespondence.lean:647:76: this tactic is never executed

Note: This linter can be disabled with `set_option linter.unreachableTactic false`
warning: SM/FrontRealizeCorrespondence.lean:648:47: this tactic is never executed

Note: This linter can be disabled with `set_option linter.unreachableTactic false`
warning: SM/FrontRealizeCorrespondence.lean:648:61: this tactic is never executed

Note: This linter can be disabled with `set_option linter.unreachableTactic false`
warning: SM/FrontRealizeCorrespondence.lean:648:76: this tactic is never executed

Note: This linter can be disabled with `set_option linter.unreachableTactic false`
warning: SM/FrontRealizeCorrespondence.lean:647:43: Used `tac1 <;> tac2` where `(tac1; tac2)` would suffice

Note: This linter can be disabled with `set_option linter.unnecessarySeqFocus false`
warning: SM/FrontRealizeCorrespondence.lean:647:57: Used `tac1 <;> tac2` where `(tac1; tac2)` would suffice

Note: This linter can be disabled with `set_option linter.unnecessarySeqFocus false`
⚠ [3890/3961] Replayed SM.FrontRealizeGeometry
warning: SM/FrontRealizeGeometry.lean:166:0: automatically included section variable(s) unused in theorem `SM.FrontRealize.piecePt_fst_mem`:
  hW
consider restructuring your `variable` declarations so that the variables are not in scope or explicitly omit them:
  omit hW in theorem ...

Note: This linter can be disabled with `set_option linter.unusedSectionVars false`
warning: SM/FrontRealizeGeometry.lean:172:0: automatically included section variable(s) unused in theorem `SM.FrontRealize.piecePt_fst_eq_left`:
  hW
consider restructuring your `variable` declarations so that the variables are not in scope or explicitly omit them:
  omit hW in theorem ...

Note: This linter can be disabled with `set_option linter.unusedSectionVars false`
warning: SM/FrontRealizeGeometry.lean:172:63: Variable name `h1` is not explicitly referenced.

Hint: The binding can be removed (if unused) or named `_` (if used implicitly). Alternatively, prefix the name with `_` to silence this warning:
  [apply] _h1

Note: This linter can be disabled with `set_option linter.unusedVariables false`
warning: SM/FrontRealizeGeometry.lean:185:0: automatically included section variable(s) unused in theorem `SM.FrontRealize.piecePt_fst_eq_right`:
  hW
consider restructuring your `variable` declarations so that the variables are not in scope or explicitly omit them:
  omit hW in theorem ...

Note: This linter can be disabled with `set_option linter.unusedSectionVars false`
warning: SM/FrontRealizeGeometry.lean:185:51: Variable name `h0` is not explicitly referenced.

Hint: The binding can be removed (if unused) or named `_` (if used implicitly). Alternatively, prefix the name with `_` to silence this warning:
  [apply] _h0

Note: This linter can be disabled with `set_option linter.unusedVariables false`
warning: SM/FrontRealizeGeometry.lean:221:61: Variable name `hab` is not explicitly referenced.

Hint: The binding can be removed (if unused) or named `_` (if used implicitly). Alternatively, prefix the name with `_` to silence this warning:
  [apply] _hab

Note: This linter can be disabled with `set_option linter.unusedVariables false`
warning: SM/FrontRealizeGeometry.lean:290:0: automatically included section variable(s) unused in theorem `SM.FrontRealize.piecePt_fst_eq_x`:
  hW
consider restructuring your `variable` declarations so that the variables are not in scope or explicitly omit them:
  omit hW in theorem ...

Note: This linter can be disabled with `set_option linter.unusedSectionVars false`
warning: SM/FrontRealizeGeometry.lean:538:36: Variable name `h` is not explicitly referenced.

Hint: The binding can be removed (if unused) or named `_` (if used implicitly). Alternatively, prefix the name with `_` to silence this warning:
  [apply] _h

Note: This linter can be disabled with `set_option linter.unusedVariables false`
warning: SM/FrontRealizeGeometry.lean:600:8: `if_pos` has been deprecated: Use `ite_eq_left` instead
warning: SM/FrontRealizeGeometry.lean:606:8: `if_neg` has been deprecated: Use `ite_eq_right` instead
warning: SM/FrontRealizeGeometry.lean:651:8: `if_pos` has been deprecated: Use `ite_eq_left` instead
warning: SM/FrontRealizeGeometry.lean:658:8: `if_neg` has been deprecated: Use `ite_eq_right` instead
warning: SM/FrontRealizeGeometry.lean:681:30: Variable name `h` is not explicitly referenced.

Hint: The binding can be removed (if unused) or named `_` (if used implicitly). Alternatively, prefix the name with `_` to silence this warning:
  [apply] _h

Note: This linter can be disabled with `set_option linter.unusedVariables false`
warning: SM/FrontRealizeGeometry.lean:738:8: `if_pos` has been deprecated: Use `ite_eq_left` instead
warning: SM/FrontRealizeGeometry.lean:740:8: `if_neg` has been deprecated: Use `ite_eq_right` instead
warning: SM/FrontRealizeGeometry.lean:732:0: automatically included section variable(s) unused in theorem `SM.FrontRealize.isExtSlot_of_extCol`:
  hP
  hE
consider restructuring your `variable` declarations so that the variables are not in scope or explicitly omit them:
  omit hP hE in theorem ...

Note: This linter can be disabled with `set_option linter.unusedSectionVars false`
warning: SM/FrontRealizeGeometry.lean:772:21: This simp argument is unused:
  ↓reduceIte

Hint: Omit it from the simp argument list.
  [apply] simp only [hb] at h

Note: This linter can be disabled with `set_option linter.unusedSimpArgs false`
warning: SM/FrontRealizeGeometry.lean:844:89: Used `tac1 <;> tac2` where `(tac1; tac2)` would suffice

Note: This linter can be disabled with `set_option linter.unnecessarySeqFocus false`
warning: SM/FrontRealizeGeometry.lean:946:8: `if_pos` has been deprecated: Use `ite_eq_left` instead
warning: SM/FrontRealizeGeometry.lean:956:8: `if_neg` has been deprecated: Use `ite_eq_right` instead
warning: SM/FrontRealizeGeometry.lean:937:0: automatically included section variable(s) unused in theorem `SM.FrontRealize.pt_notMem_interior_of_ext`:
  hP
  hW
consider restructuring your `variable` declarations so that the variables are not in scope or explicitly omit them:
  omit hP hW in theorem ...

Note: This linter can be disabled with `set_option linter.unusedSectionVars false`
warning: SM/FrontRealizeGeometry.lean:1008:12: `if_neg` has been deprecated: Use `ite_eq_right` instead
warning: SM/FrontRealizeGeometry.lean:1101:19: `dif_pos` has been deprecated: Use `dite_eq_left` instead
warning: SM/FrontRealizeGeometry.lean:1241:8: `if_neg` has been deprecated: Use `ite_eq_right` instead
warning: SM/FrontRealizeGeometry.lean:1243:8: `if_pos` has been deprecated: Use `ite_eq_left` instead
warning: SM/FrontRealizeGeometry.lean:1280:31: Used `tac1 <;> tac2` where `(tac1; tac2)` would suffice

Note: This linter can be disabled with `set_option linter.unnecessarySeqFocus false`
warning: SM/FrontRealizeGeometry.lean:1285:31: Used `tac1 <;> tac2` where `(tac1; tac2)` would suffice

Note: This linter can be disabled with `set_option linter.unnecessarySeqFocus false`
warning: SM/FrontRealizeGeometry.lean:1393:53: Unused tactic linter: `push_cast` does nothing

Note: This linter can be disabled with `set_option linter.unusedTactic false`
warning: SM/FrontRealizeGeometry.lean:1400:53: Unused tactic linter: `push_cast` does nothing

Note: This linter can be disabled with `set_option linter.unusedTactic false`
warning: SM/FrontRealizeGeometry.lean:1472:0: automatically included section variable(s) unused in theorem `SM.FrontRealize.isExtSlot_σSlotA`:
  hP
  hE
consider restructuring your `variable` declarations so that the variables are not in scope or explicitly omit them:
  omit hP hE in theorem ...

Note: This linter can be disabled with `set_option linter.unusedSectionVars false`
warning: SM/FrontRealizeGeometry.lean:1480:0: automatically included section variable(s) unused in theorem `SM.FrontRealize.isExtSlot_σSlotB`:
  hP
  hE
consider restructuring your `variable` declarations so that the variables are not in scope or explicitly omit them:
  omit hP hE in theorem ...

Note: This linter can be disabled with `set_option linter.unusedSectionVars false`
⚠ [3892/3961] Replayed SM.FrontRealizeStandard
warning: SM/FrontRealizeStandard.lean:419:38: Used `tac1 <;> tac2` where `(tac1; tac2)` would suffice

Note: This linter can be disabled with `set_option linter.unnecessarySeqFocus false`
warning: SM/FrontRealizeStandard.lean:463:42: Variable name `hRi` is not explicitly referenced.

Hint: The binding can be removed (if unused) or named `_` (if used implicitly). Alternatively, prefix the name with `_` to silence this warning:
  [apply] _hRi

Note: This linter can be disabled with `set_option linter.unusedVariables false`
⚠ [3893/3961] Replayed SM.FrontRealizeBase
warning: SM/FrontRealizeBase.lean:146:60: This simp argument is unused:
  hw

Hint: Omit it from the simp argument list.
  [apply] simp [hA]

Note: This linter can be disabled with `set_option linter.unusedSimpArgs false`
warning: SM/FrontRealizeBase.lean:147:49: This simp argument is unused:
  hw'

Hint: Omit it from the simp argument list.
  [apply] simp [hA]

Note: This linter can be disabled with `set_option linter.unusedSimpArgs false`
warning: SM/FrontRealizeBase.lean:327:4: `push_neg` has been deprecated. Prefer using `push Not` instead.
If you'd rather continue using `push_neg` in your project, you can implement it as follows:
```
open Lean.Parser.Tactic in
macro "push_neg" cfg:optConfig loc:(location)? : tactic =>
  `(tactic| push $cfg:optConfig Not $[$loc]?)
```
warning: SM/FrontRealizeBase.lean:380:4: `push_neg` has been deprecated. Prefer using `push Not` instead.
If you'd rather continue using `push_neg` in your project, you can implement it as follows:
```
open Lean.Parser.Tactic in
macro "push_neg" cfg:optConfig loc:(location)? : tactic =>
  `(tactic| push $cfg:optConfig Not $[$loc]?)
```
⚠ [3894/3961] Replayed SM.FrontRealizeDeform
warning: SM/FrontRealizeDeform.lean:67:17: Used `tac1 <;> tac2` where `(tac1; tac2)` would suffice

Note: This linter can be disabled with `set_option linter.unnecessarySeqFocus false`
warning: SM/FrontRealizeDeform.lean:68:17: Used `tac1 <;> tac2` where `(tac1; tac2)` would suffice

Note: This linter can be disabled with `set_option linter.unnecessarySeqFocus false`
⚠ [3897/3961] Replayed SM.CeRounding
warning: SM/CeRounding.lean:377:83: This simp argument is unused:
  Prod.fst_zero

Hint: Omit it from the simp argument list.
  [apply] simp only [chart, Prod.fst_add, Prod.snd_add, Prod.smul_mk, smul_eq_mul, Prod.snd_zero]

Note: This linter can be disabled with `set_option linter.unusedSimpArgs false`
warning: SM/CeRounding.lean:378:4: This simp argument is unused:
  Prod.snd_zero

Hint: Omit it from the simp argument list.
  [apply] simp only [chart, Prod.fst_add, Prod.snd_add, Prod.smul_mk, smul_eq_mul, Prod.fst_zero]

Note: This linter can be disabled with `set_option linter.unusedSimpArgs false`
warning: SM/CeRounding.lean:883:2: Try this: 
  letI̵

The goal is a proposition, so `let` is preferred over `letI`.
The difference between `let` and `letI` is that `letI` inlines the value.
But this is not relevant for proofs because of proof irrelevance.

Note: This linter can be disabled with `set_option linter.style.haveILetI false`
warning: SM/CeRounding.lean:893:2: Try this: 
  letI̵

The goal is a proposition, so `let` is preferred over `letI`.
The difference between `let` and `letI` is that `letI` inlines the value.
But this is not relevant for proofs because of proof irrelevance.

Note: This linter can be disabled with `set_option linter.style.haveILetI false`
warning: SM/CeRounding.lean:907:2: Try this: 
  letI̵

The goal is a proposition, so `let` is preferred over `letI`.
The difference between `let` and `letI` is that `letI` inlines the value.
But this is not relevant for proofs because of proof irrelevance.

Note: This linter can be disabled with `set_option linter.style.haveILetI false`
warning: SM/CeRounding.lean:923:2: Try this: 
  letI̵

The goal is a proposition, so `let` is preferred over `letI`.
The difference between `let` and `letI` is that `letI` inlines the value.
But this is not relevant for proofs because of proof irrelevance.

Note: This linter can be disabled with `set_option linter.style.haveILetI false`
warning: SM/CeRounding.lean:939:2: Try this: 
  letI̵

The goal is a proposition, so `let` is preferred over `letI`.
The difference between `let` and `letI` is that `letI` inlines the value.
But this is not relevant for proofs because of proof irrelevance.

Note: This linter can be disabled with `set_option linter.style.haveILetI false`
warning: SM/CeRounding.lean:989:2: Try this: 
  letI̵

The goal is a proposition, so `let` is preferred over `letI`.
The difference between `let` and `letI` is that `letI` inlines the value.
But this is not relevant for proofs because of proof irrelevance.

Note: This linter can be disabled with `set_option linter.style.haveILetI false`
warning: SM/CeRounding.lean:1241:2: Try this: 
  letI̵

The goal is a proposition, so `let` is preferred over `letI`.
The difference between `let` and `letI` is that `letI` inlines the value.
But this is not relevant for proofs because of proof irrelevance.

Note: This linter can be disabled with `set_option linter.style.haveILetI false`
⚠ [3951/3978] Replayed SM.FrontRowsW2
warning: SM/FrontRowsW2.lean:13371:0: automatically included section variable(s) unused in theorem `SM.FrontRows.U8R.lexKey_injective`:
  [Fintype α]
  [DecidableEq α]
  [LinearOrder ι]
consider restructuring your `variable` declarations so that the variables are not in scope or explicitly omit them:
  omit [Fintype α] [DecidableEq α] [LinearOrder ι] in theorem ...

Note: This linter can be disabled with `set_option linter.unusedSectionVars false`
warning: SM/FrontRowsW2.lean:13392:0: automatically included section variable(s) unused in theorem `SM.FrontRows.U8R.mem_fib`:
  [DecidableEq α]
consider restructuring your `variable` declarations so that the variables are not in scope or explicitly omit them:
  omit [DecidableEq α] in theorem ...

Note: This linter can be disabled with `set_option linter.unusedSectionVars false`
warning: SM/FrontRowsW2.lean:14057:46: Variable name `q` is not explicitly referenced.

Hint: The binding can be removed (if unused) or named `_` (if used implicitly). Alternatively, prefix the name with `_` to silence this warning:
  [apply] _q

Note: This linter can be disabled with `set_option linter.unusedVariables false`
warning: SM/FrontRowsW2.lean:14176:53: Variable name `t` is not explicitly referenced.

Hint: The binding can be removed (if unused) or named `_` (if used implicitly). Alternatively, prefix the name with `_` to silence this warning:
  [apply] _t

Note: This linter can be disabled with `set_option linter.unusedVariables false`
⚠ [3952/3978] Replayed SM.FrontRowsW2S
warning: SM/FrontRowsW2S.lean:270:13: Variable name `a` is not explicitly referenced.

Hint: The binding can be removed (if unused) or named `_` (if used implicitly). Alternatively, prefix the name with `_` to silence this warning:
  [apply] _a

Note: This linter can be disabled with `set_option linter.unusedVariables false`
warning: SM/FrontRowsW2S.lean:270:15: Variable name `b` is not explicitly referenced.

Hint: The binding can be removed (if unused) or named `_` (if used implicitly). Alternatively, prefix the name with `_` to silence this warning:
  [apply] _b

Note: This linter can be disabled with `set_option linter.unusedVariables false`
warning: SM/FrontRowsW2S.lean:271:7: Variable name `a` is not explicitly referenced.

Hint: The binding can be removed (if unused) or named `_` (if used implicitly). Alternatively, prefix the name with `_` to silence this warning:
  [apply] _a

Note: This linter can be disabled with `set_option linter.unusedVariables false`
warning: SM/FrontRowsW2S.lean:2834:45: Variable name `hk` is not explicitly referenced.

Hint: The binding can be removed (if unused) or named `_` (if used implicitly). Alternatively, prefix the name with `_` to silence this warning:
  [apply] _hk

Note: This linter can be disabled with `set_option linter.unusedVariables false`
warning: SM/FrontRowsW2S.lean:2860:40: Variable name `hk` is not explicitly referenced.

Hint: The binding can be removed (if unused) or named `_` (if used implicitly). Alternatively, prefix the name with `_` to silence this warning:
  [apply] _hk

Note: This linter can be disabled with `set_option linter.unusedVariables false`
warning: SM/FrontRowsW2S.lean:4944:45: Variable name `hab` is not explicitly referenced.

Hint: The binding can be removed (if unused) or named `_` (if used implicitly). Alternatively, prefix the name with `_` to silence this warning:
  [apply] _hab

Note: This linter can be disabled with `set_option linter.unusedVariables false`
warning: SM/FrontRowsW2S.lean:5455:32: This simp argument is unused:
  List.mem_singleton

Hint: Omit it from the simp argument list.
  [apply] simp only [List.mem_cons, Prod.mk.injEq, true_and, List.not_mem_nil, or_false] at hmE

Note: This linter can be disabled with `set_option linter.unusedSimpArgs false`
warning: SM/FrontRowsW2S.lean:5555:32: This simp argument is unused:
  List.mem_singleton

Hint: Omit it from the simp argument list.
  [apply] simp only [List.mem_cons, Prod.mk.injEq, true_and, List.not_mem_nil, or_false] at hmE

Note: This linter can be disabled with `set_option linter.unusedSimpArgs false`
warning: SM/FrontRowsW2S.lean:5762:10: `if_pos` has been deprecated: Use `ite_eq_left` instead
warning: SM/FrontRowsW2S.lean:5765:10: `if_neg` has been deprecated: Use `ite_eq_right` instead
warning: SM/FrontRowsW2S.lean:5770:10: `if_pos` has been deprecated: Use `ite_eq_left` instead
warning: SM/FrontRowsW2S.lean:5773:10: `if_neg` has been deprecated: Use `ite_eq_right` instead
warning: SM/FrontRowsW2S.lean:5806:8: `if_neg` has been deprecated: Use `ite_eq_right` instead
warning: SM/FrontRowsW2S.lean:5826:8: `if_pos` has been deprecated: Use `ite_eq_left` instead
warning: SM/FrontRowsW2S.lean:5863:8: `if_neg` has been deprecated: Use `ite_eq_right` instead
warning: SM/FrontRowsW2S.lean:5886:8: `if_pos` has been deprecated: Use `ite_eq_left` instead
warning: SM/FrontRowsW2S.lean:7227:8: `if_pos` has been deprecated: Use `ite_eq_left` instead
warning: SM/FrontRowsW2S.lean:7239:8: `if_neg` has been deprecated: Use `ite_eq_right` instead
warning: SM/FrontRowsW2S.lean:7297:12: This simp argument is unused:
  List.filter_cons

Hint: Omit it from the simp argument list.
  [apply] simp [hP, hQ, hR, ih']

Note: This linter can be disabled with `set_option linter.unusedSimpArgs false`
warning: SM/FrontRowsW2S.lean:7318:14: This simp argument is unused:
  List.filter_cons

Hint: Omit it from the simp argument list.
  [apply] simp [hP, hQ', hR, hQL, hPL]

Note: This linter can be disabled with `set_option linter.unusedSimpArgs false`
warning: SM/FrontRowsW2S.lean:7321:14: This simp argument is unused:
  List.filter_cons

Hint: Omit it from the simp argument list.
  [apply] simp [hP, hQ', hR', ih']

Note: This linter can be disabled with `set_option linter.unusedSimpArgs false`
warning: SM/FrontRowsW2S.lean:7498:6: `if_neg` has been deprecated: Use `ite_eq_right` instead
warning: SM/FrontRowsW2S.lean:7498:32: `if_neg` has been deprecated: Use `ite_eq_right` instead
warning: SM/FrontRowsW2S.lean:7502:6: `if_neg` has been deprecated: Use `ite_eq_right` instead
warning: SM/FrontRowsW2S.lean:7502:32: `if_neg` has been deprecated: Use `ite_eq_right` instead
warning: SM/FrontRowsW2S.lean:7817:6: `if_neg` has been deprecated: Use `ite_eq_right` instead
warning: SM/FrontRowsW2S.lean:7817:52: `if_pos` has been deprecated: Use `ite_eq_left` instead
warning: SM/FrontRowsW2S.lean:7822:6: `if_neg` has been deprecated: Use `ite_eq_right` instead
warning: SM/FrontRowsW2S.lean:7822:52: `if_pos` has been deprecated: Use `ite_eq_left` instead
warning: SM/FrontRowsW2S.lean:7833:6: `if_pos` has been deprecated: Use `ite_eq_left` instead
warning: SM/FrontRowsW2S.lean:7845:6: `if_pos` has been deprecated: Use `ite_eq_left` instead
warning: SM/FrontRowsW2S.lean:7862:32: This simp argument is unused:
  List.mem_singleton

Hint: Omit it from the simp argument list.
  [apply] simp only [List.mem_cons, List.not_mem_nil, or_false] at hp

Note: This linter can be disabled with `set_option linter.unusedSimpArgs false`
warning: SM/FrontRowsW2S.lean:7869:32: This simp argument is unused:
  List.mem_singleton

Hint: Omit it from the simp argument list.
  [apply] simp only [List.mem_cons, List.not_mem_nil, or_false] at hp

Note: This linter can be disabled with `set_option linter.unusedSimpArgs false`
warning: SM/FrontRowsW2S.lean:7882:27: `if_pos` has been deprecated: Use `ite_eq_left` instead
warning: SM/FrontRowsW2S.lean:7884:27: `if_neg` has been deprecated: Use `ite_eq_right` instead
warning: SM/FrontRowsW2S.lean:7895:27: `if_pos` has been deprecated: Use `ite_eq_left` instead
warning: SM/FrontRowsW2S.lean:7897:27: `if_neg` has been deprecated: Use `ite_eq_right` instead
warning: SM/FrontRowsW2S.lean:7908:27: `if_pos` has been deprecated: Use `ite_eq_left` instead
warning: SM/FrontRowsW2S.lean:7910:27: `if_neg` has been deprecated: Use `ite_eq_right` instead
warning: SM/FrontRowsW2S.lean:8111:37: `if_pos` has been deprecated: Use `ite_eq_left` instead
warning: SM/FrontRowsW2S.lean:8112:55: `if_neg` has been deprecated: Use `ite_eq_right` instead
warning: SM/FrontRowsW2S.lean:8114:47: `if_pos` has been deprecated: Use `ite_eq_left` instead
warning: SM/FrontRowsW2S.lean:8115:53: `if_neg` has been deprecated: Use `ite_eq_right` instead
warning: SM/FrontRowsW2S.lean:8145:8: `if_pos` has been deprecated: Use `ite_eq_left` instead
warning: SM/FrontRowsW2S.lean:8145:19: `if_pos` has been deprecated: Use `ite_eq_left` instead
warning: SM/FrontRowsW2S.lean:8151:20: `if_neg` has been deprecated: Use `ite_eq_right` instead
warning: SM/FrontRowsW2S.lean:8151:45: `if_pos` has been deprecated: Use `ite_eq_left` instead
warning: SM/FrontRowsW2S.lean:8157:20: `if_neg` has been deprecated: Use `ite_eq_right` instead
warning: SM/FrontRowsW2S.lean:8157:45: `if_pos` has been deprecated: Use `ite_eq_left` instead
warning: SM/FrontRowsW2S.lean:8163:14: `if_pos` has been deprecated: Use `ite_eq_left` instead
warning: SM/FrontRowsW2S.lean:8171:14: `if_neg` has been deprecated: Use `ite_eq_right` instead
⚠ [3953/3978] Replayed SM.FrontRowsW3
warning: SM/FrontRowsW3.lean:6379:118: Unused tactic linter: `omega` does nothing

Note: This linter can be disabled with `set_option linter.unusedTactic false`
warning: SM/FrontRowsW3.lean:6449:118: Unused tactic linter: `omega` does nothing

Note: This linter can be disabled with `set_option linter.unusedTactic false`
warning: SM/FrontRowsW3.lean:7802:118: Unused tactic linter: `omega` does nothing

Note: This linter can be disabled with `set_option linter.unusedTactic false`
warning: SM/FrontRowsW3.lean:7872:118: Unused tactic linter: `omega` does nothing

Note: This linter can be disabled with `set_option linter.unusedTactic false`
warning: SM/FrontRowsW3.lean:8647:43: Variable name `c` is not explicitly referenced.

Hint: The binding can be removed (if unused) or named `_` (if used implicitly). Alternatively, prefix the name with `_` to silence this warning:
  [apply] _c

Note: This linter can be disabled with `set_option linter.unusedVariables false`
warning: SM/FrontRowsW3.lean:8647:45: Variable name `c'` is not explicitly referenced.

Hint: The binding can be removed (if unused) or named `_` (if used implicitly). Alternatively, prefix the name with `_` to silence this warning:
  [apply] _c'

Note: This linter can be disabled with `set_option linter.unusedVariables false`
warning: SM/FrontRowsW3.lean:8786:19: Used `tac1 <;> tac2` where `(tac1; tac2)` would suffice

Note: This linter can be disabled with `set_option linter.unnecessarySeqFocus false`
warning: SM/FrontRowsW3.lean:10281:98: Unused tactic linter: `omega` does nothing

Note: This linter can be disabled with `set_option linter.unusedTactic false`
warning: SM/FrontRowsW3.lean:10283:98: Unused tactic linter: `omega` does nothing

Note: This linter can be disabled with `set_option linter.unusedTactic false`
warning: SM/FrontRowsW3.lean:10281:98: this tactic is never executed

Note: This linter can be disabled with `set_option linter.unreachableTactic false`
warning: SM/FrontRowsW3.lean:10283:98: this tactic is never executed

Note: This linter can be disabled with `set_option linter.unreachableTactic false`
warning: SM/FrontRowsW3.lean:10298:97: Unused tactic linter: `omega` does nothing

Note: This linter can be disabled with `set_option linter.unusedTactic false`
warning: SM/FrontRowsW3.lean:10325:97: Unused tactic linter: `omega` does nothing

Note: This linter can be disabled with `set_option linter.unusedTactic false`
warning: SM/FrontRowsW3.lean:10352:97: Unused tactic linter: `omega` does nothing

Note: This linter can be disabled with `set_option linter.unusedTactic false`
warning: SM/FrontRowsW3.lean:10379:97: Unused tactic linter: `omega` does nothing

Note: This linter can be disabled with `set_option linter.unusedTactic false`
warning: SM/FrontRowsW3.lean:10416:118: Unused tactic linter: `omega` does nothing

Note: This linter can be disabled with `set_option linter.unusedTactic false`
warning: SM/FrontRowsW3.lean:10441:118: Unused tactic linter: `omega` does nothing

Note: This linter can be disabled with `set_option linter.unusedTactic false`
warning: SM/FrontRowsW3.lean:10624:43: Variable name `c` is not explicitly referenced.

Hint: The binding can be removed (if unused) or named `_` (if used implicitly). Alternatively, prefix the name with `_` to silence this warning:
  [apply] _c

Note: This linter can be disabled with `set_option linter.unusedVariables false`
warning: SM/FrontRowsW3.lean:10624:45: Variable name `c'` is not explicitly referenced.

Hint: The binding can be removed (if unused) or named `_` (if used implicitly). Alternatively, prefix the name with `_` to silence this warning:
  [apply] _c'

Note: This linter can be disabled with `set_option linter.unusedVariables false`
warning: SM/FrontRowsW3.lean:10756:19: Used `tac1 <;> tac2` where `(tac1; tac2)` would suffice

Note: This linter can be disabled with `set_option linter.unnecessarySeqFocus false`
warning: SM/FrontRowsW3.lean:12260:98: Unused tactic linter: `omega` does nothing

Note: This linter can be disabled with `set_option linter.unusedTactic false`
warning: SM/FrontRowsW3.lean:12262:98: Unused tactic linter: `omega` does nothing

Note: This linter can be disabled with `set_option linter.unusedTactic false`
warning: SM/FrontRowsW3.lean:12260:98: this tactic is never executed

Note: This linter can be disabled with `set_option linter.unreachableTactic false`
warning: SM/FrontRowsW3.lean:12262:98: this tactic is never executed

Note: This linter can be disabled with `set_option linter.unreachableTactic false`
warning: SM/FrontRowsW3.lean:12277:98: Unused tactic linter: `omega` does nothing

Note: This linter can be disabled with `set_option linter.unusedTactic false`
warning: SM/FrontRowsW3.lean:12304:98: Unused tactic linter: `omega` does nothing

Note: This linter can be disabled with `set_option linter.unusedTactic false`
warning: SM/FrontRowsW3.lean:12331:98: Unused tactic linter: `omega` does nothing

Note: This linter can be disabled with `set_option linter.unusedTactic false`
warning: SM/FrontRowsW3.lean:12358:98: Unused tactic linter: `omega` does nothing

Note: This linter can be disabled with `set_option linter.unusedTactic false`
warning: SM/FrontRowsW3.lean:12395:119: Unused tactic linter: `omega` does nothing

Note: This linter can be disabled with `set_option linter.unusedTactic false`
warning: SM/FrontRowsW3.lean:12420:119: Unused tactic linter: `omega` does nothing

Note: This linter can be disabled with `set_option linter.unusedTactic false`
warning: SM/FrontRowsW3.lean:12584:43: Variable name `c` is not explicitly referenced.

Hint: The binding can be removed (if unused) or named `_` (if used implicitly). Alternatively, prefix the name with `_` to silence this warning:
  [apply] _c

Note: This linter can be disabled with `set_option linter.unusedVariables false`
warning: SM/FrontRowsW3.lean:12584:45: Variable name `c'` is not explicitly referenced.

Hint: The binding can be removed (if unused) or named `_` (if used implicitly). Alternatively, prefix the name with `_` to silence this warning:
  [apply] _c'

Note: This linter can be disabled with `set_option linter.unusedVariables false`
⚠ [3954/3978] Replayed SM.FrontRowsW3b
warning: SM/FrontRowsW3b.lean:1066:98: Unused tactic linter: `omega` does nothing

Note: This linter can be disabled with `set_option linter.unusedTactic false`
warning: SM/FrontRowsW3b.lean:1068:98: Unused tactic linter: `omega` does nothing

Note: This linter can be disabled with `set_option linter.unusedTactic false`
warning: SM/FrontRowsW3b.lean:1066:98: this tactic is never executed

Note: This linter can be disabled with `set_option linter.unreachableTactic false`
warning: SM/FrontRowsW3b.lean:1068:98: this tactic is never executed

Note: This linter can be disabled with `set_option linter.unreachableTactic false`
warning: SM/FrontRowsW3b.lean:1083:97: Unused tactic linter: `omega` does nothing

Note: This linter can be disabled with `set_option linter.unusedTactic false`
warning: SM/FrontRowsW3b.lean:1110:97: Unused tactic linter: `omega` does nothing

Note: This linter can be disabled with `set_option linter.unusedTactic false`
warning: SM/FrontRowsW3b.lean:1137:97: Unused tactic linter: `omega` does nothing

Note: This linter can be disabled with `set_option linter.unusedTactic false`
warning: SM/FrontRowsW3b.lean:1164:97: Unused tactic linter: `omega` does nothing

Note: This linter can be disabled with `set_option linter.unusedTactic false`
warning: SM/FrontRowsW3b.lean:1201:118: Unused tactic linter: `omega` does nothing

Note: This linter can be disabled with `set_option linter.unusedTactic false`
warning: SM/FrontRowsW3b.lean:1226:118: Unused tactic linter: `omega` does nothing

Note: This linter can be disabled with `set_option linter.unusedTactic false`
warning: SM/FrontRowsW3b.lean:1391:43: Variable name `c` is not explicitly referenced.

Hint: The binding can be removed (if unused) or named `_` (if used implicitly). Alternatively, prefix the name with `_` to silence this warning:
  [apply] _c

Note: This linter can be disabled with `set_option linter.unusedVariables false`
warning: SM/FrontRowsW3b.lean:1391:45: Variable name `c'` is not explicitly referenced.

Hint: The binding can be removed (if unused) or named `_` (if used implicitly). Alternatively, prefix the name with `_` to silence this warning:
  [apply] _c'

Note: This linter can be disabled with `set_option linter.unusedVariables false`
warning: SM/FrontRowsW3b.lean:3003:98: Unused tactic linter: `omega` does nothing

Note: This linter can be disabled with `set_option linter.unusedTactic false`
warning: SM/FrontRowsW3b.lean:3005:98: Unused tactic linter: `omega` does nothing

Note: This linter can be disabled with `set_option linter.unusedTactic false`
warning: SM/FrontRowsW3b.lean:3003:98: this tactic is never executed

Note: This linter can be disabled with `set_option linter.unreachableTactic false`
warning: SM/FrontRowsW3b.lean:3005:98: this tactic is never executed

Note: This linter can be disabled with `set_option linter.unreachableTactic false`
warning: SM/FrontRowsW3b.lean:3020:98: Unused tactic linter: `omega` does nothing

Note: This linter can be disabled with `set_option linter.unusedTactic false`
warning: SM/FrontRowsW3b.lean:3047:98: Unused tactic linter: `omega` does nothing

Note: This linter can be disabled with `set_option linter.unusedTactic false`
warning: SM/FrontRowsW3b.lean:3074:98: Unused tactic linter: `omega` does nothing

Note: This linter can be disabled with `set_option linter.unusedTactic false`
warning: SM/FrontRowsW3b.lean:3101:98: Unused tactic linter: `omega` does nothing

Note: This linter can be disabled with `set_option linter.unusedTactic false`
warning: SM/FrontRowsW3b.lean:3138:119: Unused tactic linter: `omega` does nothing

Note: This linter can be disabled with `set_option linter.unusedTactic false`
warning: SM/FrontRowsW3b.lean:3163:119: Unused tactic linter: `omega` does nothing

Note: This linter can be disabled with `set_option linter.unusedTactic false`
⚠ [3970/3978] Replayed SM.GenericFront
warning: SM/GenericFront.lean:884:27: Variable name `hHs` is not explicitly referenced.

Hint: The binding can be removed (if unused) or named `_` (if used implicitly). Alternatively, prefix the name with `_` to silence this warning:
  [apply] _hHs

Note: This linter can be disabled with `set_option linter.unusedVariables false`
warning: SM/GenericFront.lean:2786:39: Variable name `hf'` is not explicitly referenced.

Hint: The binding can be removed (if unused) or named `_` (if used implicitly). Alternatively, prefix the name with `_` to silence this warning:
  [apply] _hf'

Note: This linter can be disabled with `set_option linter.unusedVariables false`
⚠ [3971/3978] Replayed SM.TransverseNeighborhood
warning: SM/TransverseNeighborhood.lean:2581:69: Variable name `hN` is not explicitly referenced.

Hint: The binding can be removed (if unused) or named `_` (if used implicitly). Alternatively, prefix the name with `_` to silence this warning:
  [apply] _hN

Note: This linter can be disabled with `set_option linter.unusedVariables false`
warning: SM/TransverseNeighborhood.lean:2763:5: Variable name `hκ` is not explicitly referenced.

Hint: The binding can be removed (if unused) or named `_` (if used implicitly). Alternatively, prefix the name with `_` to silence this warning:
  [apply] _hκ

Note: This linter can be disabled with `set_option linter.unusedVariables false`
warning: SM/TransverseNeighborhood.lean:3021:75: Variable name `hN` is not explicitly referenced.

Hint: The binding can be removed (if unused) or named `_` (if used implicitly). Alternatively, prefix the name with `_` to silence this warning:
  [apply] _hN

Note: This linter can be disabled with `set_option linter.unusedVariables false`
warning: SM/TransverseNeighborhood.lean:3033:84: Variable name `hN` is not explicitly referenced.

Hint: The binding can be removed (if unused) or named `_` (if used implicitly). Alternatively, prefix the name with `_` to silence this warning:
  [apply] _hN

Note: This linter can be disabled with `set_option linter.unusedVariables false`
⚠ [3975/3978] Replayed SM.CarrierFloor
warning: SM/CarrierFloor.lean:602:44: Variable name `hturn` is not explicitly referenced.

Hint: The binding can be removed (if unused) or named `_` (if used implicitly). Alternatively, prefix the name with `_` to silence this warning:
  [apply] _hturn

Note: This linter can be disabled with `set_option linter.unusedVariables false`
warning: SM/CarrierFloor.lean:2358:55: Variable name `hu` is not explicitly referenced.

Hint: The binding can be removed (if unused) or named `_` (if used implicitly). Alternatively, prefix the name with `_` to silence this warning:
  [apply] _hu

Note: This linter can be disabled with `set_option linter.unusedVariables false`
⚠ [3977/3978] Replayed SM.CornerChainUnits
warning: SM/CornerChainUnits.lean:6948:0: automatically included section variable(s) unused in theorem `SM.sfta_insert_next_att`:
  [DecidableEq α]
consider restructuring your `variable` declarations so that the variables are not in scope or explicitly omit them:
  omit [DecidableEq α] in theorem ...

Note: This linter can be disabled with `set_option linter.unusedSectionVars false`
warning: SM/CornerChainUnits.lean:7086:64: Variable name `S` is not explicitly referenced.

Hint: The binding can be removed (if unused) or named `_` (if used implicitly). Alternatively, prefix the name with `_` to silence this warning:
  [apply] _S

Note: This linter can be disabled with `set_option linter.unusedVariables false`
warning: SM/CornerChainUnits.lean:7086:66: Variable name `T` is not explicitly referenced.

Hint: The binding can be removed (if unused) or named `_` (if used implicitly). Alternatively, prefix the name with `_` to silence this warning:
  [apply] _T

Note: This linter can be disabled with `set_option linter.unusedVariables false`
warning: SM/CornerChainUnits.lean:7686:8: `if_neg` has been deprecated: Use `ite_eq_right` instead
warning: SM/CornerChainUnits.lean:7729:0: automatically included section variable(s) unused in theorem `SM.sfta_markKey_visit_eq`:
  [NeZero n]
consider restructuring your `variable` declarations so that the variables are not in scope or explicitly omit them:
  omit [NeZero n] in theorem ...

Note: This linter can be disabled with `set_option linter.unusedSectionVars false`
warning: SM/CornerChainUnits.lean:7762:68: `if_neg` has been deprecated: Use `ite_eq_right` instead
warning: SM/CornerChainUnits.lean:7762:79: `if_neg` has been deprecated: Use `ite_eq_right` instead
warning: SM/CornerChainUnits.lean:7774:40: `if_neg` has been deprecated: Use `ite_eq_right` instead
warning: SM/CornerChainUnits.lean:7788:40: `if_neg` has been deprecated: Use `ite_eq_right` instead
warning: SM/CornerChainUnits.lean:7811:0: automatically included section variable(s) unused in theorem `SM.sfta_soft_new_key`:
  hP
consider restructuring your `variable` declarations so that the variables are not in scope or explicitly omit them:
  omit hP in theorem ...

Note: This linter can be disabled with `set_option linter.unusedSectionVars false`
warning: SM/CornerChainUnits.lean:7826:49: `if_neg` has been deprecated: Use `ite_eq_right` instead
warning: SM/CornerChainUnits.lean:7839:51: `if_neg` has been deprecated: Use `ite_eq_right` instead
warning: SM/CornerChainUnits.lean:7860:8: `if_neg` has been deprecated: Use `ite_eq_right` instead
warning: SM/CornerChainUnits.lean:7847:0: automatically included section variable(s) unused in theorem `SM.sfta_soft_zero_keys`:
  hP
consider restructuring your `variable` declarations so that the variables are not in scope or explicitly omit them:
  omit hP in theorem ...

Note: This linter can be disabled with `set_option linter.unusedSectionVars false`
warning: SM/CornerChainUnits.lean:9718:64: Variable name `S` is not explicitly referenced.

Hint: The binding can be removed (if unused) or named `_` (if used implicitly). Alternatively, prefix the name with `_` to silence this warning:
  [apply] _S

Note: This linter can be disabled with `set_option linter.unusedVariables false`
warning: SM/CornerChainUnits.lean:9718:66: Variable name `T` is not explicitly referenced.

Hint: The binding can be removed (if unused) or named `_` (if used implicitly). Alternatively, prefix the name with `_` to silence this warning:
  [apply] _T

Note: This linter can be disabled with `set_option linter.unusedVariables false`
warning: SM/CornerChainUnits.lean:10577:0: automatically included section variable(s) unused in theorem `SM.sftd_soft_key_a`:
  hP
consider restructuring your `variable` declarations so that the variables are not in scope or explicitly omit them:
  omit hP in theorem ...

Note: This linter can be disabled with `set_option linter.unusedSectionVars false`
warning: SM/CornerChainUnits.lean:10583:0: automatically included section variable(s) unused in theorem `SM.sftd_soft_key_b`:
  hP
consider restructuring your `variable` declarations so that the variables are not in scope or explicitly omit them:
  omit hP in theorem ...

Note: This linter can be disabled with `set_option linter.unusedSectionVars false`
warning: SM/CornerChainUnits.lean:10617:6: `push_neg` has been deprecated. Prefer using `push Not` instead.
If you'd rather continue using `push_neg` in your project, you can implement it as follows:
```
open Lean.Parser.Tactic in
macro "push_neg" cfg:optConfig loc:(location)? : tactic =>
  `(tactic| push $cfg:optConfig Not $[$loc]?)
```
warning: SM/CornerChainUnits.lean:10658:6: `push_neg` has been deprecated. Prefer using `push Not` instead.
If you'd rather continue using `push_neg` in your project, you can implement it as follows:
```
open Lean.Parser.Tactic in
macro "push_neg" cfg:optConfig loc:(location)? : tactic =>
  `(tactic| push $cfg:optConfig Not $[$loc]?)
```
warning: SM/CornerChainUnits.lean:11673:52: Variable name `hS` is not explicitly referenced.

Hint: The binding can be removed (if unused) or named `_` (if used implicitly). Alternatively, prefix the name with `_` to silence this warning:
  [apply] _hS

Note: This linter can be disabled with `set_option linter.unusedVariables false`
✔ [3978/3978] Built SM.CS7Sliding (9.8s)
Build completed successfully (3978 jobs).
