⚠ [1229/1577] Replayed SM.Polygon
warning: SM/Polygon.lean:75:42: This simp argument is unused:
  add_left_comm

Hint: Omit it from the simp argument list.
  [apply] simp [edge, shift, add_assoc, add_comm]

Note: This linter can be disabled with `set_option linter.unusedSimpArgs false`
⚠ [1230/1577] Replayed SM.Chirotope
warning: SM/Chirotope.lean:105:62: This simp argument is unused:
  add_left_comm

Hint: Omit it from the simp argument list.
  [apply] simp [turn, chi_shift, sub_eq_add_neg, add_assoc, add_comm]

Note: This linter can be disabled with `set_option linter.unusedSimpArgs false`
⚠ [1235/1577] Replayed SM.Generic
warning: SM/Generic.lean:86:73: Try `simp at hi` instead of `simpa using hi`

Note: This linter can be disabled with `set_option linter.unnecessarySimpa false`
warning: SM/Generic.lean:89:33: Variable name `hn` is not explicitly referenced.

Hint: The binding can be removed (if unused) or named `_` (if used implicitly). Alternatively, prefix the name with `_` to silence this warning:
  [apply] _hn

Note: This linter can be disabled with `set_option linter.unusedVariables false`
⚠ [1244/1577] Replayed SM.G1Consequences
warning: SM/G1Consequences.lean:124:2: Try this: 
  haveI̵

The goal is a proposition, so `have` is preferred over `haveI`.
The difference between `have` and `haveI` is that `haveI` inlines the value.
But this is not relevant for proofs because of proof irrelevance.

Note: This linter can be disabled with `set_option linter.style.haveILetI false`
warning: SM/G1Consequences.lean:125:2: Try this: 
  haveI̵

The goal is a proposition, so `have` is preferred over `haveI`.
The difference between `have` and `haveI` is that `haveI` inlines the value.
But this is not relevant for proofs because of proof irrelevance.

Note: This linter can be disabled with `set_option linter.style.haveILetI false`
⚠ [1251/1577] Replayed SM.CrossingCriterion
warning: SM/CrossingCriterion.lean:107:2: Try this: 
  haveI̵

The goal is a proposition, so `have` is preferred over `haveI`.
The difference between `have` and `haveI` is that `haveI` inlines the value.
But this is not relevant for proofs because of proof irrelevance.

Note: This linter can be disabled with `set_option linter.style.haveILetI false`
⚠ [1553/1898] Replayed SM.Crossings
warning: SM/Crossings.lean:105:2: Try this: 
  haveI̵

The goal is a proposition, so `have` is preferred over `haveI`.
The difference between `have` and `haveI` is that `haveI` inlines the value.
But this is not relevant for proofs because of proof irrelevance.

Note: This linter can be disabled with `set_option linter.style.haveILetI false`
warning: SM/Crossings.lean:106:2: Try this: 
  haveI̵

The goal is a proposition, so `have` is preferred over `haveI`.
The difference between `have` and `haveI` is that `haveI` inlines the value.
But this is not relevant for proofs because of proof irrelevance.

Note: This linter can be disabled with `set_option linter.style.haveILetI false`
warning: SM/Crossings.lean:115:2: Try this: 
  haveI̵

The goal is a proposition, so `have` is preferred over `haveI`.
The difference between `have` and `haveI` is that `haveI` inlines the value.
But this is not relevant for proofs because of proof irrelevance.

Note: This linter can be disabled with `set_option linter.style.haveILetI false`
warning: SM/Crossings.lean:162:2: Try this: 
  haveI̵

The goal is a proposition, so `have` is preferred over `haveI`.
The difference between `have` and `haveI` is that `haveI` inlines the value.
But this is not relevant for proofs because of proof irrelevance.

Note: This linter can be disabled with `set_option linter.style.haveILetI false`
⚠ [1554/1898] Replayed SM.CrossingEquiv
warning: SM/CrossingEquiv.lean:14:46: This simp argument is unused:
  add_assoc

Hint: Omit it from the simp argument list.
  [apply] simp [translateSupport, Finset.image_image]

Note: This linter can be disabled with `set_option linter.unusedSimpArgs false`
warning: SM/CrossingEquiv.lean:54:2: Try this: 
  haveI̵

The goal is a proposition, so `have` is preferred over `haveI`.
The difference between `have` and `haveI` is that `haveI` inlines the value.
But this is not relevant for proofs because of proof irrelevance.

Note: This linter can be disabled with `set_option linter.style.haveILetI false`
warning: SM/CrossingEquiv.lean:64:2: Try this: 
  haveI̵

The goal is a proposition, so `have` is preferred over `haveI`.
The difference between `have` and `haveI` is that `haveI` inlines the value.
But this is not relevant for proofs because of proof irrelevance.

Note: This linter can be disabled with `set_option linter.style.haveILetI false`
warning: SM/CrossingEquiv.lean:65:2: Try this: 
  haveI̵

The goal is a proposition, so `have` is preferred over `haveI`.
The difference between `have` and `haveI` is that `haveI` inlines the value.
But this is not relevant for proofs because of proof irrelevance.

Note: This linter can be disabled with `set_option linter.style.haveILetI false`
⚠ [1555/1898] Replayed SM.Traversal
warning: SM/Traversal.lean:65:0: Definition `SM.traversalLinearOrder` of class type is semireducible. Most type class instances should be instance-reducible, so consider marking this
definition with `@[instance_reducible]`. If it is intentionally semireducible, this warning can be disabled with `set_option warn.classDefReducibility false`.
warning: SM/Traversal.lean:68:0: Definition `SM.traversalCircularOrder` of class type is semireducible. Most type class instances should be instance-reducible, so consider marking this
definition with `@[instance_reducible]`. If it is intentionally semireducible, this warning can be disabled with `set_option warn.classDefReducibility false`.
⚠ [1556/1898] Replayed SM.GaussVisits
warning: SM/GaussVisits.lean:90:2: Try this: 
  haveI̵

The goal is a proposition, so `have` is preferred over `haveI`.
The difference between `have` and `haveI` is that `haveI` inlines the value.
But this is not relevant for proofs because of proof irrelevance.

Note: This linter can be disabled with `set_option linter.style.haveILetI false`
⚠ [1557/1898] Replayed SM.GaussWord
warning: SM/GaussWord.lean:30:2: Try this: 
  haveI̵

The goal is a proposition, so `have` is preferred over `haveI`.
The difference between `have` and `haveI` is that `haveI` inlines the value.
But this is not relevant for proofs because of proof irrelevance.

Note: This linter can be disabled with `set_option linter.style.haveILetI false`
warning: SM/GaussWord.lean:31:2: Try this: 
  letI̵

The goal is a proposition, so `let` is preferred over `letI`.
The difference between `let` and `letI` is that `letI` inlines the value.
But this is not relevant for proofs because of proof irrelevance.

Note: This linter can be disabled with `set_option linter.style.haveILetI false`
warning: SM/GaussWord.lean:37:2: Try this: 
  haveI̵

The goal is a proposition, so `have` is preferred over `haveI`.
The difference between `have` and `haveI` is that `haveI` inlines the value.
But this is not relevant for proofs because of proof irrelevance.

Note: This linter can be disabled with `set_option linter.style.haveILetI false`
warning: SM/GaussWord.lean:38:2: Try this: 
  letI̵

The goal is a proposition, so `let` is preferred over `letI`.
The difference between `let` and `letI` is that `letI` inlines the value.
But this is not relevant for proofs because of proof irrelevance.

Note: This linter can be disabled with `set_option linter.style.haveILetI false`
warning: SM/GaussWord.lean:50:2: Try this: 
  haveI̵

The goal is a proposition, so `have` is preferred over `haveI`.
The difference between `have` and `haveI` is that `haveI` inlines the value.
But this is not relevant for proofs because of proof irrelevance.

Note: This linter can be disabled with `set_option linter.style.haveILetI false`
warning: SM/GaussWord.lean:51:2: Try this: 
  letI̵

The goal is a proposition, so `let` is preferred over `letI`.
The difference between `let` and `letI` is that `letI` inlines the value.
But this is not relevant for proofs because of proof irrelevance.

Note: This linter can be disabled with `set_option linter.style.haveILetI false`
warning: SM/GaussWord.lean:57:2: Try this: 
  haveI̵

The goal is a proposition, so `have` is preferred over `haveI`.
The difference between `have` and `haveI` is that `haveI` inlines the value.
But this is not relevant for proofs because of proof irrelevance.

Note: This linter can be disabled with `set_option linter.style.haveILetI false`
warning: SM/GaussWord.lean:58:2: Try this: 
  letI̵

The goal is a proposition, so `let` is preferred over `letI`.
The difference between `let` and `letI` is that `letI` inlines the value.
But this is not relevant for proofs because of proof irrelevance.

Note: This linter can be disabled with `set_option linter.style.haveILetI false`
warning: SM/GaussWord.lean:77:2: Try this: 
  haveI̵

The goal is a proposition, so `have` is preferred over `haveI`.
The difference between `have` and `haveI` is that `haveI` inlines the value.
But this is not relevant for proofs because of proof irrelevance.

Note: This linter can be disabled with `set_option linter.style.haveILetI false`
⚠ [3043/3073] Replayed SM.GaussCyclicGap
warning: SM/GaussCyclicGap.lean:13:0: automatically included section variable(s) unused in theorem `SM.gaussCycle_nodup`:
  [NeZero n]
consider restructuring your `variable` declarations so that the variables are not in scope or explicitly omit them:
  omit [NeZero n] in theorem ...

Note: This linter can be disabled with `set_option linter.unusedSectionVars false`
warning: SM/GaussCyclicGap.lean:16:0: automatically included section variable(s) unused in theorem `SM.mem_gaussCycle`:
  [NeZero n]
consider restructuring your `variable` declarations so that the variables are not in scope or explicitly omit them:
  omit [NeZero n] in theorem ...

Note: This linter can be disabled with `set_option linter.unusedSectionVars false`
warning: SM/GaussCyclicGap.lean:34:2: Try this: 
  letI̵

The goal is a proposition, so `let` is preferred over `letI`.
The difference between `let` and `letI` is that `letI` inlines the value.
But this is not relevant for proofs because of proof irrelevance.

Note: This linter can be disabled with `set_option linter.style.haveILetI false`
⚠ [3046/3073] Replayed SM.TraversalRelabel
warning: SM/TraversalRelabel.lean:57:24: `if_neg` has been deprecated: Use `ite_eq_right` instead
warning: SM/TraversalRelabel.lean:66:8: `if_pos` has been deprecated: Use `ite_eq_left` instead
warning: SM/TraversalRelabel.lean:68:8: `if_neg` has been deprecated: Use `ite_eq_right` instead
⚠ [3064/3094] Replayed SM.TraversalArcs
warning: SM/TraversalArcs.lean:13:2: Try this: 
  letI̵

The goal is a proposition, so `let` is preferred over `letI`.
The difference between `let` and `letI` is that `letI` inlines the value.
But this is not relevant for proofs because of proof irrelevance.

Note: This linter can be disabled with `set_option linter.style.haveILetI false`
⚠ [3065/3094] Replayed SM.Interlacement
warning: SM/Interlacement.lean:40:2: Try this: 
  haveI̵

The goal is a proposition, so `have` is preferred over `haveI`.
The difference between `have` and `haveI` is that `haveI` inlines the value.
But this is not relevant for proofs because of proof irrelevance.

Note: This linter can be disabled with `set_option linter.style.haveILetI false`
⚠ [3067/3094] Replayed SM.VisitRelabel
warning: SM/VisitRelabel.lean:35:2: Try this: 
  haveI̵

The goal is a proposition, so `have` is preferred over `haveI`.
The difference between `have` and `haveI` is that `haveI` inlines the value.
But this is not relevant for proofs because of proof irrelevance.

Note: This linter can be disabled with `set_option linter.style.haveILetI false`
⚠ [3068/3094] Replayed SM.InterlaceRelabel
warning: SM/InterlaceRelabel.lean:23:2: Try this: 
  haveI̵

The goal is a proposition, so `have` is preferred over `haveI`.
The difference between `have` and `haveI` is that `haveI` inlines the value.
But this is not relevant for proofs because of proof irrelevance.

Note: This linter can be disabled with `set_option linter.style.haveILetI false`
⚠ [3072/3094] Replayed SM.InterlaceSupports
warning: SM/InterlaceSupports.lean:35:2: Try this: 
  haveI̵

The goal is a proposition, so `have` is preferred over `haveI`.
The difference between `have` and `haveI` is that `haveI` inlines the value.
But this is not relevant for proofs because of proof irrelevance.

Note: This linter can be disabled with `set_option linter.style.haveILetI false`
warning: SM/InterlaceSupports.lean:57:2: Try this: 
  haveI̵

The goal is a proposition, so `have` is preferred over `haveI`.
The difference between `have` and `haveI` is that `haveI` inlines the value.
But this is not relevant for proofs because of proof irrelevance.

Note: This linter can be disabled with `set_option linter.style.haveILetI false`
warning: SM/InterlaceSupports.lean:72:2: Try this: 
  haveI̵

The goal is a proposition, so `have` is preferred over `haveI`.
The difference between `have` and `haveI` is that `haveI` inlines the value.
But this is not relevant for proofs because of proof irrelevance.

Note: This linter can be disabled with `set_option linter.style.haveILetI false`
⚠ [3073/3094] Replayed SM.CarrierMarks
warning: SM/CarrierMarks.lean:42:0: automatically included section variable(s) unused in theorem `SM.Carrier.markPosition_vertex`:
  [NeZero n]
consider restructuring your `variable` declarations so that the variables are not in scope or explicitly omit them:
  omit [NeZero n] in theorem ...

Note: This linter can be disabled with `set_option linter.unusedSectionVars false`
warning: SM/CarrierMarks.lean:45:0: automatically included section variable(s) unused in theorem `SM.Carrier.markPosition_visit`:
  [NeZero n]
consider restructuring your `variable` declarations so that the variables are not in scope or explicitly omit them:
  omit [NeZero n] in theorem ...

Note: This linter can be disabled with `set_option linter.unusedSectionVars false`
warning: SM/CarrierMarks.lean:49:0: automatically included section variable(s) unused in theorem `SM.Carrier.markPosition_evaluation_vertex`:
  [NeZero n]
consider restructuring your `variable` declarations so that the variables are not in scope or explicitly omit them:
  omit [NeZero n] in theorem ...

Note: This linter can be disabled with `set_option linter.unusedSectionVars false`
warning: SM/CarrierMarks.lean:54:0: automatically included section variable(s) unused in theorem `SM.Carrier.markPosition_evaluation_visit`:
  [NeZero n]
consider restructuring your `variable` declarations so that the variables are not in scope or explicitly omit them:
  omit [NeZero n] in theorem ...

Note: This linter can be disabled with `set_option linter.unusedSectionVars false`
warning: SM/CarrierMarks.lean:60:0: automatically included section variable(s) unused in theorem `SM.Carrier.markPosition_injective`:
  [NeZero n]
consider restructuring your `variable` declarations so that the variables are not in scope or explicitly omit them:
  omit [NeZero n] in theorem ...

Note: This linter can be disabled with `set_option linter.unusedSectionVars false`
warning: SM/CarrierMarks.lean:86:0: automatically included section variable(s) unused in theorem `SM.Carrier.markKey_visit`:
  [NeZero n]
consider restructuring your `variable` declarations so that the variables are not in scope or explicitly omit them:
  omit [NeZero n] in theorem ...

Note: This linter can be disabled with `set_option linter.unusedSectionVars false`
warning: SM/CarrierMarks.lean:107:2: Try this: 
  letI̵

The goal is a proposition, so `let` is preferred over `letI`.
The difference between `let` and `letI` is that `letI` inlines the value.
But this is not relevant for proofs because of proof irrelevance.

Note: This linter can be disabled with `set_option linter.style.haveILetI false`
warning: SM/CarrierMarks.lean:113:2: Try this: 
  letI̵

The goal is a proposition, so `let` is preferred over `letI`.
The difference between `let` and `letI` is that `letI` inlines the value.
But this is not relevant for proofs because of proof irrelevance.

Note: This linter can be disabled with `set_option linter.style.haveILetI false`
warning: SM/CarrierMarks.lean:119:2: Try this: 
  letI̵

The goal is a proposition, so `let` is preferred over `letI`.
The difference between `let` and `letI` is that `letI` inlines the value.
But this is not relevant for proofs because of proof irrelevance.

Note: This linter can be disabled with `set_option linter.style.haveILetI false`
warning: SM/CarrierMarks.lean:125:2: Try this: 
  letI̵

The goal is a proposition, so `let` is preferred over `letI`.
The difference between `let` and `letI` is that `letI` inlines the value.
But this is not relevant for proofs because of proof irrelevance.

Note: This linter can be disabled with `set_option linter.style.haveILetI false`
⚠ [3082/3104] Replayed SM.CarrierSuccessor
warning: SM/CarrierSuccessor.lean:120:2: Try this: 
  letI̵

The goal is a proposition, so `let` is preferred over `letI`.
The difference between `let` and `letI` is that `letI` inlines the value.
But this is not relevant for proofs because of proof irrelevance.

Note: This linter can be disabled with `set_option linter.style.haveILetI false`
⚠ [3083/3104] Replayed SM.CarrierVisitTwin
warning: SM/CarrierVisitTwin.lean:85:2: `if_pos` has been deprecated: Use `ite_eq_left` instead
warning: SM/CarrierVisitTwin.lean:89:2: `if_neg` has been deprecated: Use `ite_eq_right` instead
⚠ [3090/3104] Replayed SM.GenericTopology
warning: SM/GenericTopology.lean:117:2: Try this: 
  haveI̵

The goal is a proposition, so `have` is preferred over `haveI`.
The difference between `have` and `haveI` is that `haveI` inlines the value.
But this is not relevant for proofs because of proof irrelevance.

Note: This linter can be disabled with `set_option linter.style.haveILetI false`
warning: SM/GenericTopology.lean:118:2: Try this: 
  haveI̵

The goal is a proposition, so `have` is preferred over `haveI`.
The difference between `have` and `haveI` is that `haveI` inlines the value.
But this is not relevant for proofs because of proof irrelevance.

Note: This linter can be disabled with `set_option linter.style.haveILetI false`
⚠ [3092/3104] Replayed SM.CarrierSmoothing
warning: SM/CarrierSmoothing.lean:41:0: automatically included section variable(s) unused in theorem `SM.Carrier.selectedMarkPerm_vertex`:
  [NeZero n]
consider restructuring your `variable` declarations so that the variables are not in scope or explicitly omit them:
  omit [NeZero n] in theorem ...

Note: This linter can be disabled with `set_option linter.unusedSectionVars false`
warning: SM/CarrierSmoothing.lean:45:0: automatically included section variable(s) unused in theorem `SM.Carrier.selectedMarkPerm_visit`:
  [NeZero n]
consider restructuring your `variable` declarations so that the variables are not in scope or explicitly omit them:
  omit [NeZero n] in theorem ...

Note: This linter can be disabled with `set_option linter.unusedSectionVars false`
warning: SM/CarrierSmoothing.lean:48:0: automatically included section variable(s) unused in theorem `SM.Carrier.selectedMarkPerm_involutive`:
  [NeZero n]
consider restructuring your `variable` declarations so that the variables are not in scope or explicitly omit them:
  omit [NeZero n] in theorem ...

Note: This linter can be disabled with `set_option linter.unusedSectionVars false`
warning: SM/CarrierSmoothing.lean:64:0: automatically included section variable(s) unused in theorem `SM.Carrier.selectedMarkPerm_commute`:
  [NeZero n]
consider restructuring your `variable` declarations so that the variables are not in scope or explicitly omit them:
  omit [NeZero n] in theorem ...

Note: This linter can be disabled with `set_option linter.unusedSectionVars false`
warning: SM/CarrierSmoothing.lean:72:0: automatically included section variable(s) unused in theorem `SM.Carrier.selectedMarkPerm_union_of_disjoint`:
  [NeZero n]
consider restructuring your `variable` declarations so that the variables are not in scope or explicitly omit them:
  omit [NeZero n] in theorem ...

Note: This linter can be disabled with `set_option linter.unusedSectionVars false`
warning: SM/CarrierSmoothing.lean:183:2: Try this: 
  letI̵

The goal is a proposition, so `let` is preferred over `letI`.
The difference between `let` and `letI` is that `letI` inlines the value.
But this is not relevant for proofs because of proof irrelevance.

Note: This linter can be disabled with `set_option linter.style.haveILetI false`
warning: SM/CarrierSmoothing.lean:184:2: Try this: 
  letI̵

The goal is a proposition, so `let` is preferred over `letI`.
The difference between `let` and `letI` is that `letI` inlines the value.
But this is not relevant for proofs because of proof irrelevance.

Note: This linter can be disabled with `set_option linter.style.haveILetI false`
⚠ [3093/3104] Replayed SM.CarrierSingleSwitch
warning: SM/CarrierSingleSwitch.lean:37:0: automatically included section variable(s) unused in theorem `SM.Carrier.selectedVisitTwin_singleton`:
  [NeZero n]
consider restructuring your `variable` declarations so that the variables are not in scope or explicitly omit them:
  omit [NeZero n] in theorem ...

Note: This linter can be disabled with `set_option linter.unusedSectionVars false`
warning: SM/CarrierSingleSwitch.lean:76:10: This simp argument is unused:
  or_comm

Hint: Omit it from the simp argument list.
  [apply] simp

Note: This linter can be disabled with `set_option linter.unusedSimpArgs false`
⚠ [3095/3104] Replayed SM.Chambers
warning: SM/Chambers.lean:37:2: Try this: 
  letI̵

The goal is a proposition, so `let` is preferred over `letI`.
The difference between `let` and `letI` is that `letI` inlines the value.
But this is not relevant for proofs because of proof irrelevance.

Note: This linter can be disabled with `set_option linter.style.haveILetI false`
warning: SM/Chambers.lean:42:2: Try this: 
  letI̵

The goal is a proposition, so `let` is preferred over `letI`.
The difference between `let` and `letI` is that `letI` inlines the value.
But this is not relevant for proofs because of proof irrelevance.

Note: This linter can be disabled with `set_option linter.style.haveILetI false`
warning: SM/Chambers.lean:50:2: Try this: 
  letI̵

The goal is a proposition, so `let` is preferred over `letI`.
The difference between `let` and `letI` is that `letI` inlines the value.
But this is not relevant for proofs because of proof irrelevance.

Note: This linter can be disabled with `set_option linter.style.haveILetI false`
warning: SM/Chambers.lean:112:2: Try this: 
  haveI̵

The goal is a proposition, so `have` is preferred over `haveI`.
The difference between `have` and `haveI` is that `haveI` inlines the value.
But this is not relevant for proofs because of proof irrelevance.

Note: This linter can be disabled with `set_option linter.style.haveILetI false`
warning: SM/Chambers.lean:113:2: Try this: 
  haveI̵

The goal is a proposition, so `have` is preferred over `haveI`.
The difference between `have` and `haveI` is that `haveI` inlines the value.
But this is not relevant for proofs because of proof irrelevance.

Note: This linter can be disabled with `set_option linter.style.haveILetI false`
warning: SM/Chambers.lean:126:2: Try this: 
  haveI̵

The goal is a proposition, so `have` is preferred over `haveI`.
The difference between `have` and `haveI` is that `haveI` inlines the value.
But this is not relevant for proofs because of proof irrelevance.

Note: This linter can be disabled with `set_option linter.style.haveILetI false`
warning: SM/Chambers.lean:127:2: Try this: 
  haveI̵

The goal is a proposition, so `have` is preferred over `haveI`.
The difference between `have` and `haveI` is that `haveI` inlines the value.
But this is not relevant for proofs because of proof irrelevance.

Note: This linter can be disabled with `set_option linter.style.haveILetI false`
⚠ [3096/3104] Replayed SM.ChamberPaths
warning: SM/ChamberPaths.lean:24:0: automatically included section variable(s) unused in theorem `SM.generic_family_edgeParameter_continuous`:
  [PreconnectedSpace α]
consider restructuring your `variable` declarations so that the variables are not in scope or explicitly omit them:
  omit [PreconnectedSpace α] in theorem ...

Note: This linter can be disabled with `set_option linter.unusedSectionVars false`
⚠ [3098/3104] Replayed SM.ZeroTriples
warning: SM/ZeroTriples.lean:53:4: Try `simp at hm` instead of `simpa using hm`

Note: This linter can be disabled with `set_option linter.unnecessarySimpa false`
⚠ [3099/3104] Replayed SM.SinglePointTriple
warning: SM/SinglePointTriple.lean:26:0: automatically included section variable(s) unused in theorem `SM.chi_zero_of_vertices_eq`:
  [NeZero n]
consider restructuring your `variable` declarations so that the variables are not in scope or explicitly omit them:
  omit [NeZero n] in theorem ...

Note: This linter can be disabled with `set_option linter.unusedSectionVars false`
warning: SM/SinglePointTriple.lean:55:2: Try this: 
  letI̵

The goal is a proposition, so `let` is preferred over `letI`.
The difference between `let` and `letI` is that `letI` inlines the value.
But this is not relevant for proofs because of proof irrelevance.

Note: This linter can be disabled with `set_option linter.style.haveILetI false`
⚠ [3100/3104] Replayed SM.FiniteChiStability
warning: SM/FiniteChiStability.lean:13:0: automatically included section variable(s) unused in theorem `SM.chi_locally_constant_of_ne_zero`:
  [NeZero n]
consider restructuring your `variable` declarations so that the variables are not in scope or explicitly omit them:
  omit [NeZero n] in theorem ...

Note: This linter can be disabled with `set_option linter.unusedSectionVars false`
⚠ [3101/3104] Replayed SM.WeakGeneric
warning: SM/WeakGeneric.lean:32:2: Try this: 
  haveI̵

The goal is a proposition, so `have` is preferred over `haveI`.
The difference between `have` and `haveI` is that `haveI` inlines the value.
But this is not relevant for proofs because of proof irrelevance.

Note: This linter can be disabled with `set_option linter.style.haveILetI false`
warning: SM/WeakGeneric.lean:33:2: Try this: 
  haveI̵

The goal is a proposition, so `have` is preferred over `haveI`.
The difference between `have` and `haveI` is that `haveI` inlines the value.
But this is not relevant for proofs because of proof irrelevance.

Note: This linter can be disabled with `set_option linter.style.haveILetI false`
⚠ [3106/3120] Replayed SM.AffineSegments
warning: SM/AffineSegments.lean:31:41: Variable name `hs0` is not explicitly referenced.

Hint: The binding can be removed (if unused) or named `_` (if used implicitly). Alternatively, prefix the name with `_` to silence this warning:
  [apply] _hs0

Note: This linter can be disabled with `set_option linter.unusedVariables false`
warning: SM/AffineSegments.lean:32:19: Variable name `ht1` is not explicitly referenced.

Hint: The binding can be removed (if unused) or named `_` (if used implicitly). Alternatively, prefix the name with `_` to silence this warning:
  [apply] _ht1

Note: This linter can be disabled with `set_option linter.unusedVariables false`
⚠ [3108/3120] Replayed SM.CyclicChambers
warning: SM/CyclicChambers.lean:86:2: Try this: 
  haveI̵

The goal is a proposition, so `have` is preferred over `haveI`.
The difference between `have` and `haveI` is that `haveI` inlines the value.
But this is not relevant for proofs because of proof irrelevance.

Note: This linter can be disabled with `set_option linter.style.haveILetI false`
warning: SM/CyclicChambers.lean:87:2: Try this: 
  letI̵

The goal is a proposition, so `let` is preferred over `letI`.
The difference between `let` and `letI` is that `letI` inlines the value.
But this is not relevant for proofs because of proof irrelevance.

Note: This linter can be disabled with `set_option linter.style.haveILetI false`
warning: SM/CyclicChambers.lean:143:2: Try this: 
  haveI̵

The goal is a proposition, so `have` is preferred over `haveI`.
The difference between `have` and `haveI` is that `haveI` inlines the value.
But this is not relevant for proofs because of proof irrelevance.

Note: This linter can be disabled with `set_option linter.style.haveILetI false`
⚠ [3112/3120] Replayed SM.TurnSupports
warning: SM/TurnSupports.lean:12:0: automatically included section variable(s) unused in theorem `SM.small_natCast_ne_zero`:
  [NeZero n]
consider restructuring your `variable` declarations so that the variables are not in scope or explicitly omit them:
  omit [NeZero n] in theorem ...

Note: This linter can be disabled with `set_option linter.unusedSectionVars false`
warning: SM/TurnSupports.lean:20:2: Try this: 
  letI̵

The goal is a proposition, so `let` is preferred over `letI`.
The difference between `let` and `letI` is that `letI` inlines the value.
But this is not relevant for proofs because of proof irrelevance.

Note: This linter can be disabled with `set_option linter.style.haveILetI false`
warning: SM/TurnSupports.lean:19:0: automatically included section variable(s) unused in theorem `SM.turnSupport_card`:
  [NeZero n]
consider restructuring your `variable` declarations so that the variables are not in scope or explicitly omit them:
  omit [NeZero n] in theorem ...

Note: This linter can be disabled with `set_option linter.unusedSectionVars false`
warning: SM/TurnSupports.lean:54:2: Try this: 
  letI̵

The goal is a proposition, so `let` is preferred over `letI`.
The difference between `let` and `letI` is that `letI` inlines the value.
But this is not relevant for proofs because of proof irrelevance.

Note: This linter can be disabled with `set_option linter.style.haveILetI false`
⚠ [3113/3120] Replayed SM.SingleTripleTransverse
warning: SM/SingleTripleTransverse.lean:22:2: Try this: 
  letI̵

The goal is a proposition, so `let` is preferred over `letI`.
The difference between `let` and `letI` is that `letI` inlines the value.
But this is not relevant for proofs because of proof irrelevance.

Note: This linter can be disabled with `set_option linter.style.haveILetI false`
⚠ [3114/3129] Replayed SM.GermSignChange
warning: SM/GermSignChange.lean:25:33: Variable name `hδ` is not explicitly referenced.

Hint: The binding can be removed (if unused) or named `_` (if used implicitly). Alternatively, prefix the name with `_` to silence this warning:
  [apply] _hδ

Note: This linter can be disabled with `set_option linter.unusedVariables false`
⚠ [3117/3129] Replayed SM.CuspDefinition
warning: SM/CuspDefinition.lean:27:0: automatically included section variable(s) unused in theorem `SM.cusp_indices_A`:
  [NeZero n]
consider restructuring your `variable` declarations so that the variables are not in scope or explicitly omit them:
  omit [NeZero n] in theorem ...

Note: This linter can be disabled with `set_option linter.unusedSectionVars false`
warning: SM/CuspDefinition.lean:33:0: automatically included section variable(s) unused in theorem `SM.cusp_indices_B`:
  [NeZero n]
consider restructuring your `variable` declarations so that the variables are not in scope or explicitly omit them:
  omit [NeZero n] in theorem ...

Note: This linter can be disabled with `set_option linter.unusedSectionVars false`
⚠ [3118/3129] Replayed SM.CuspCenter
warning: SM/CuspCenter.lean:49:0: automatically included section variable(s) unused in theorem `SM.cusp_negative_pair`:
  [NeZero n]
consider restructuring your `variable` declarations so that the variables are not in scope or explicitly omit them:
  omit [NeZero n] in theorem ...

Note: This linter can be disabled with `set_option linter.unusedSectionVars false`
⚠ [3119/3129] Replayed SM.CuspParameters
warning: SM/CuspParameters.lean:13:0: automatically included section variable(s) unused in theorem `SM.edgeParameter_reverse_eq_second`:
  [NeZero n]
consider restructuring your `variable` declarations so that the variables are not in scope or explicitly omit them:
  omit [NeZero n] in theorem ...

Note: This linter can be disabled with `set_option linter.unusedSectionVars false`
warning: SM/CuspParameters.lean:91:0: automatically included section variable(s) unused in theorem `SM.continuousAt_edgeParameter_of_det`:
  [NeZero n]
consider restructuring your `variable` declarations so that the variables are not in scope or explicitly omit them:
  omit [NeZero n] in theorem ...

Note: This linter can be disabled with `set_option linter.unusedSectionVars false`
warning: SM/CuspParameters.lean:97:0: automatically included section variable(s) unused in theorem `SM.continuous_cuspDelta`:
  [NeZero n]
consider restructuring your `variable` declarations so that the variables are not in scope or explicitly omit them:
  omit [NeZero n] in theorem ...

Note: This linter can be disabled with `set_option linter.unusedSectionVars false`
⚠ [3120/3129] Replayed SM.RootBoundary
warning: SM/RootBoundary.lean:14:0: automatically included section variable(s) unused in theorem `SM.boundaryIndex_injective`:
  [NeZero n]
consider restructuring your `variable` declarations so that the variables are not in scope or explicitly omit them:
  omit [NeZero n] in theorem ...

Note: This linter can be disabled with `set_option linter.unusedSectionVars false`
warning: SM/RootBoundary.lean:22:0: automatically included section variable(s) unused in theorem `SM.boundaryWord_shift`:
  [NeZero n]
consider restructuring your `variable` declarations so that the variables are not in scope or explicitly omit them:
  omit [NeZero n] in theorem ...

Note: This linter can be disabled with `set_option linter.unusedSectionVars false`
warning: SM/RootBoundary.lean:29:0: automatically included section variable(s) unused in theorem `SM.boundaryWord_first`:
  [NeZero n]
consider restructuring your `variable` declarations so that the variables are not in scope or explicitly omit them:
  omit [NeZero n] in theorem ...

Note: This linter can be disabled with `set_option linter.unusedSectionVars false`
warning: SM/RootBoundary.lean:33:0: automatically included section variable(s) unused in theorem `SM.boundaryWord_last`:
  [NeZero n]
consider restructuring your `variable` declarations so that the variables are not in scope or explicitly omit them:
  omit [NeZero n] in theorem ...

Note: This linter can be disabled with `set_option linter.unusedSectionVars false`
warning: SM/RootBoundary.lean:42:0: automatically included section variable(s) unused in theorem `SM.boundaryWord_leaf_edge`:
  [NeZero n]
consider restructuring your `variable` declarations so that the variables are not in scope or explicitly omit them:
  omit [NeZero n] in theorem ...

Note: This linter can be disabled with `set_option linter.unusedSectionVars false`
warning: SM/RootBoundary.lean:57:0: automatically included section variable(s) unused in theorem `SM.BoundaryInterval.leaves_pos`:
  [NeZero n]
consider restructuring your `variable` declarations so that the variables are not in scope or explicitly omit them:
  omit [NeZero n] in theorem ...

Note: This linter can be disabled with `set_option linter.unusedSectionVars false`
warning: SM/RootBoundary.lean:74:0: automatically included section variable(s) unused in theorem `SM.IntervalComposition.parts_lt`:
  [NeZero n]
consider restructuring your `variable` declarations so that the variables are not in scope or explicitly omit them:
  omit [NeZero n] in theorem ...

Note: This linter can be disabled with `set_option linter.unusedSectionVars false`
⚠ [3121/3158] Replayed SM.FiniteCompositions
warning: SM/FiniteCompositions.lean:32:0: automatically included section variable(s) unused in theorem `SM.IntervalComposition.part_leaves_lt`:
  [NeZero n]
consider restructuring your `variable` declarations so that the variables are not in scope or explicitly omit them:
  omit [NeZero n] in theorem ...

Note: This linter can be disabled with `set_option linter.unusedSectionVars false`
⚠ [3122/3158] Replayed SM.CompositionCutSet
warning: SM/CompositionCutSet.lean:20:7: automatically included section variable(s) unused in theorem `SM.BoundaryCutSet.ext`:
  [NeZero n]
consider restructuring your `variable` declarations so that the variables are not in scope or explicitly omit them:
  omit [NeZero n] in theorem ...

Note: This linter can be disabled with `set_option linter.unusedSectionVars false`
warning: SM/CompositionCutSet.lean:26:0: automatically included section variable(s) unused in theorem `SM.BoundaryCutSet.card_ge_two`:
  [NeZero n]
consider restructuring your `variable` declarations so that the variables are not in scope or explicitly omit them:
  omit [NeZero n] in theorem ...

Note: This linter can be disabled with `set_option linter.unusedSectionVars false`
warning: SM/CompositionCutSet.lean:87:0: automatically included section variable(s) unused in theorem `SM.IntervalComposition.cutSet_card`:
  [NeZero n]
consider restructuring your `variable` declarations so that the variables are not in scope or explicitly omit them:
  omit [NeZero n] in theorem ...

Note: This linter can be disabled with `set_option linter.unusedSectionVars false`
⚠ [3123/3158] Replayed SM.InteriorCutSet
warning: SM/InteriorCutSet.lean:36:0: automatically included section variable(s) unused in theorem `SM.BoundaryCutSet.interior_ofInterior`:
  [NeZero n]
consider restructuring your `variable` declarations so that the variables are not in scope or explicitly omit them:
  omit [NeZero n] in theorem ...

Note: This linter can be disabled with `set_option linter.unusedSectionVars false`
warning: SM/InteriorCutSet.lean:81:0: automatically included section variable(s) unused in theorem `SM.BoundaryCutSet.mem_restrict`:
  [NeZero n]
consider restructuring your `variable` declarations so that the variables are not in scope or explicitly omit them:
  omit [NeZero n] in theorem ...

Note: This linter can be disabled with `set_option linter.unusedSectionVars false`
⚠ [3124/3158] Replayed SM.CompositionSegments
warning: SM/CompositionSegments.lean:9:0: automatically included section variable(s) unused in theorem `SM.IntervalComposition.part_bounds`:
  [NeZero n]
consider restructuring your `variable` declarations so that the variables are not in scope or explicitly omit them:
  omit [NeZero n] in theorem ...

Note: This linter can be disabled with `set_option linter.unusedSectionVars false`
warning: SM/CompositionSegments.lean:18:0: automatically included section variable(s) unused in theorem `SM.IntervalComposition.part_order`:
  [NeZero n]
consider restructuring your `variable` declarations so that the variables are not in scope or explicitly omit them:
  omit [NeZero n] in theorem ...

Note: This linter can be disabled with `set_option linter.unusedSectionVars false`
warning: SM/CompositionSegments.lean:26:0: automatically included section variable(s) unused in theorem `SM.IntervalComposition.exists_halfOpen_part`:
  [NeZero n]
consider restructuring your `variable` declarations so that the variables are not in scope or explicitly omit them:
  omit [NeZero n] in theorem ...

Note: This linter can be disabled with `set_option linter.unusedSectionVars false`
⚠ [3126/3158] Replayed SM.ConsecutiveCuts
warning: SM/ConsecutiveCuts.lean:11:0: automatically included section variable(s) unused in theorem `SM.BoundaryInterval.eq_of_endpoints`:
  [NeZero n]
consider restructuring your `variable` declarations so that the variables are not in scope or explicitly omit them:
  omit [NeZero n] in theorem ...

Note: This linter can be disabled with `set_option linter.unusedSectionVars false`
warning: SM/ConsecutiveCuts.lean:30:0: automatically included section variable(s) unused in theorem `SM.BoundaryCutSet.consecutive_restrict_iff`:
  [NeZero n]
consider restructuring your `variable` declarations so that the variables are not in scope or explicitly omit them:
  omit [NeZero n] in theorem ...

Note: This linter can be disabled with `set_option linter.unusedSectionVars false`
warning: SM/ConsecutiveCuts.lean:52:0: automatically included section variable(s) unused in theorem `SM.IntervalComposition.part_consecutive`:
  [NeZero n]
consider restructuring your `variable` declarations so that the variables are not in scope or explicitly omit them:
  omit [NeZero n] in theorem ...

Note: This linter can be disabled with `set_option linter.unusedSectionVars false`
warning: SM/ConsecutiveCuts.lean:64:0: automatically included section variable(s) unused in theorem `SM.IntervalComposition.part_injective`:
  [NeZero n]
consider restructuring your `variable` declarations so that the variables are not in scope or explicitly omit them:
  omit [NeZero n] in theorem ...

Note: This linter can be disabled with `set_option linter.unusedSectionVars false`
⚠ [3128/3158] Replayed SM.InteriorCutIndex
warning: SM/InteriorCutIndex.lean:12:0: automatically included section variable(s) unused in theorem `SM.IntervalComposition.interiorPosition_injective`:
  [NeZero n]
consider restructuring your `variable` declarations so that the variables are not in scope or explicitly omit them:
  omit [NeZero n] in theorem ...

Note: This linter can be disabled with `set_option linter.unusedSectionVars false`
warning: SM/InteriorCutIndex.lean:21:0: automatically included section variable(s) unused in theorem `SM.IntervalComposition.interiorPosition_mem`:
  [NeZero n]
consider restructuring your `variable` declarations so that the variables are not in scope or explicitly omit them:
  omit [NeZero n] in theorem ...

Note: This linter can be disabled with `set_option linter.unusedSectionVars false`
⚠ [3129/3158] Replayed SM.Gates
warning: SM/Gates.lean:76:2: Try this: 
  letI̵

The goal is a proposition, so `let` is preferred over `letI`.
The difference between `let` and `letI` is that `letI` inlines the value.
But this is not relevant for proofs because of proof irrelevance.

Note: This linter can be disabled with `set_option linter.style.haveILetI false`
warning: SM/Gates.lean:79:0: automatically included section variable(s) unused in theorem `SM.IntervalComposition.binary_near_eq_far`:
  [NeZero n]
consider restructuring your `variable` declarations so that the variables are not in scope or explicitly omit them:
  omit [NeZero n] in theorem ...

Note: This linter can be disabled with `set_option linter.unusedSectionVars false`
warning: SM/Gates.lean:159:0: automatically included section variable(s) unused in theorem `SM.IntervalComposition.nearSign_shift`:
  [NeZero n]
consider restructuring your `variable` declarations so that the variables are not in scope or explicitly omit them:
  omit [NeZero n] in theorem ...

Note: This linter can be disabled with `set_option linter.unusedSectionVars false`
warning: SM/Gates.lean:165:0: automatically included section variable(s) unused in theorem `SM.IntervalComposition.farSign_shift`:
  [NeZero n]
consider restructuring your `variable` declarations so that the variables are not in scope or explicitly omit them:
  omit [NeZero n] in theorem ...

Note: This linter can be disabled with `set_option linter.unusedSectionVars false`
⚠ [3130/3158] Replayed SM.NearFar
warning: SM/NearFar.lean:74:0: automatically included section variable(s) unused in theorem `SM.geometricBoundaryArray_near`:
  [NeZero n]
  [Invertible 2]
consider restructuring your `variable` declarations so that the variables are not in scope or explicitly omit them:
  omit [NeZero n] [Invertible 2] in theorem ...

Note: This linter can be disabled with `set_option linter.unusedSectionVars false`
warning: SM/NearFar.lean:78:0: automatically included section variable(s) unused in theorem `SM.geometricBoundaryArray_far`:
  [NeZero n]
  [Invertible 2]
consider restructuring your `variable` declarations so that the variables are not in scope or explicitly omit them:
  omit [NeZero n] [Invertible 2] in theorem ...

Note: This linter can be disabled with `set_option linter.unusedSectionVars false`
warning: SM/NearFar.lean:100:0: automatically included section variable(s) unused in theorem `SM.geometricBoundaryArray_shift`:
  [NeZero n]
consider restructuring your `variable` declarations so that the variables are not in scope or explicitly omit them:
  omit [NeZero n] in theorem ...

Note: This linter can be disabled with `set_option linter.unusedSectionVars false`
⚠ [3131/3158] Replayed SM.ConsecutiveTriples
warning: SM/ConsecutiveTriples.lean:46:0: automatically included section variable(s) unused in theorem `SM.IncreasingBoundaryTriple.eq_of_entries`:
  [NeZero n]
consider restructuring your `variable` declarations so that the variables are not in scope or explicitly omit them:
  omit [NeZero n] in theorem ...

Note: This linter can be disabled with `set_option linter.unusedSectionVars false`
warning: SM/ConsecutiveTriples.lean:70:0: automatically included section variable(s) unused in theorem `SM.IntervalComposition.nearTriple_leftInterval`:
  [NeZero n]
consider restructuring your `variable` declarations so that the variables are not in scope or explicitly omit them:
  omit [NeZero n] in theorem ...

Note: This linter can be disabled with `set_option linter.unusedSectionVars false`
warning: SM/ConsecutiveTriples.lean:74:0: automatically included section variable(s) unused in theorem `SM.IntervalComposition.nearTriple_rightInterval`:
  [NeZero n]
consider restructuring your `variable` declarations so that the variables are not in scope or explicitly omit them:
  omit [NeZero n] in theorem ...

Note: This linter can be disabled with `set_option linter.unusedSectionVars false`
warning: SM/ConsecutiveTriples.lean:83:0: automatically included section variable(s) unused in theorem `SM.IntervalComposition.nearTriple_middle_position`:
  [NeZero n]
consider restructuring your `variable` declarations so that the variables are not in scope or explicitly omit them:
  omit [NeZero n] in theorem ...

Note: This linter can be disabled with `set_option linter.unusedSectionVars false`
⚠ [3132/3158] Replayed SM.RefinedInterior
warning: SM/RefinedInterior.lean:11:0: automatically included section variable(s) unused in theorem `SM.BoundaryCutSet.mem_interior_iff`:
  [NeZero n]
consider restructuring your `variable` declarations so that the variables are not in scope or explicitly omit them:
  omit [NeZero n] in theorem ...

Note: This linter can be disabled with `set_option linter.unusedSectionVars false`
⚠ [3133/3158] Replayed SM.MarkedRefinement
warning: SM/MarkedRefinement.lean:14:0: automatically included section variable(s) unused in theorem `SM.BoundaryCutSet.cuts_subset_iff_interior_subset`:
  [NeZero n]
consider restructuring your `variable` declarations so that the variables are not in scope or explicitly omit them:
  omit [NeZero n] in theorem ...

Note: This linter can be disabled with `set_option linter.unusedSectionVars false`
⚠ [3135/3158] Replayed SM.NearFarCutExpansion
warning: SM/NearFarCutExpansion.lean:13:0: automatically included section variable(s) unused in theorem `SM.IntervalComposition.nearFarWeight_marked_expansion`:
  [NeZero n]
consider restructuring your `variable` declarations so that the variables are not in scope or explicitly omit them:
  omit [NeZero n] in theorem ...

Note: This linter can be disabled with `set_option linter.unusedSectionVars false`
⚠ [3136/3158] Replayed SM.TreeCoefficient
warning: SM/TreeCoefficient.lean:93:0: automatically included section variable(s) unused in theorem `SM.IntervalComposition.nearSign_eq_of_chi`:
  [NeZero n]
consider restructuring your `variable` declarations so that the variables are not in scope or explicitly omit them:
  omit [NeZero n] in theorem ...

Note: This linter can be disabled with `set_option linter.unusedSectionVars false`
warning: SM/TreeCoefficient.lean:97:0: automatically included section variable(s) unused in theorem `SM.IntervalComposition.farSign_eq_of_chi`:
  [NeZero n]
consider restructuring your `variable` declarations so that the variables are not in scope or explicitly omit them:
  omit [NeZero n] in theorem ...

Note: This linter can be disabled with `set_option linter.unusedSectionVars false`
⚠ [3137/3158] Replayed SM.UnaryComposition
warning: SM/UnaryComposition.lean:12:0: automatically included section variable(s) unused in theorem `SM.IntervalComposition.eq_single_of_parts_eq_one`:
  [NeZero n]
consider restructuring your `variable` declarations so that the variables are not in scope or explicitly omit them:
  omit [NeZero n] in theorem ...

Note: This linter can be disabled with `set_option linter.unusedSectionVars false`
warning: SM/UnaryComposition.lean:31:0: automatically included section variable(s) unused in theorem `SM.IntervalComposition.single_part`:
  [NeZero n]
consider restructuring your `variable` declarations so that the variables are not in scope or explicitly omit them:
  omit [NeZero n] in theorem ...

Note: This linter can be disabled with `set_option linter.unusedSectionVars false`
⚠ [3139/3158] Replayed SM.NearFarTriangular
warning: SM/NearFarTriangular.lean:17:2: Try this: 
  letI̵

The goal is a proposition, so `let` is preferred over `letI`.
The difference between `let` and `letI` is that `letI` inlines the value.
But this is not relevant for proofs because of proof irrelevance.

Note: This linter can be disabled with `set_option linter.style.haveILetI false`
warning: SM/NearFarTriangular.lean:15:0: automatically included section variable(s) unused in theorem `SM.IntervalComposition.nearFarWeight_one`:
  [NeZero n]
consider restructuring your `variable` declarations so that the variables are not in scope or explicitly omit them:
  omit [NeZero n] in theorem ...

Note: This linter can be disabled with `set_option linter.unusedSectionVars false`
⚠ [3140/3158] Replayed SM.GeometricNearFar
warning: SM/GeometricNearFar.lean:78:4: Try this: 
  letI̵

The goal is a proposition, so `let` is preferred over `letI`.
The difference between `let` and `letI` is that `letI` inlines the value.
But this is not relevant for proofs because of proof irrelevance.

Note: This linter can be disabled with `set_option linter.style.haveILetI false`
warning: SM/GeometricNearFar.lean:85:29: `if_false` has been deprecated: Use `ite_false` instead
⚠ [3142/3158] Replayed SM.PairVisits
warning: SM/PairVisits.lean:52:2: Try this: 
  letI̵

The goal is a proposition, so `let` is preferred over `letI`.
The difference between `let` and `letI` is that `letI` inlines the value.
But this is not relevant for proofs because of proof irrelevance.

Note: This linter can be disabled with `set_option linter.style.haveILetI false`
⚠ [3144/3185] Replayed SM.RefinedWeights
warning: SM/RefinedWeights.lean:52:0: automatically included section variable(s) unused in theorem `SM.IntervalComposition.nearFarWeight_near_only`:
  [NeZero n]
consider restructuring your `variable` declarations so that the variables are not in scope or explicitly omit them:
  omit [NeZero n] in theorem ...

Note: This linter can be disabled with `set_option linter.unusedSectionVars false`
warning: SM/RefinedWeights.lean:56:0: automatically included section variable(s) unused in theorem `SM.IntervalComposition.nearFarWeight_far_only`:
  [NeZero n]
consider restructuring your `variable` declarations so that the variables are not in scope or explicitly omit them:
  omit [NeZero n] in theorem ...

Note: This linter can be disabled with `set_option linter.unusedSectionVars false`
⚠ [3145/3185] Replayed SM.NearFarFactorization
warning: SM/NearFarFactorization.lean:10:0: automatically included section variable(s) unused in theorem `SM.BoundaryCutSet.marked_transport_val`:
  [NeZero n]
consider restructuring your `variable` declarations so that the variables are not in scope or explicitly omit them:
  omit [NeZero n] in theorem ...

Note: This linter can be disabled with `set_option linter.unusedSectionVars false`
⚠ [3146/3185] Replayed SM.FarOnlyOutput
warning: SM/FarOnlyOutput.lean:66:2: Try this: 
  letI̵

The goal is a proposition, so `let` is preferred over `letI`.
The difference between `let` and `letI` is that `letI` inlines the value.
But this is not relevant for proofs because of proof irrelevance.

Note: This linter can be disabled with `set_option linter.style.haveILetI false`
warning: SM/FarOnlyOutput.lean:71:0: automatically included section variable(s) unused in theorem `SM.boundaryUnitArray_leaf`:
  [NeZero n]
  [Invertible 2]
consider restructuring your `variable` declarations so that the variables are not in scope or explicitly omit them:
  omit [NeZero n] [Invertible 2] in theorem ...

Note: This linter can be disabled with `set_option linter.unusedSectionVars false`
⚠ [3147/3185] Replayed SM.IntervalRestriction
warning: SM/IntervalRestriction.lean:21:0: automatically included section variable(s) unused in theorem `SM.BoundaryInterval.globalPosition_strict`:
  [NeZero n]
consider restructuring your `variable` declarations so that the variables are not in scope or explicitly omit them:
  omit [NeZero n] in theorem ...

Note: This linter can be disabled with `set_option linter.unusedSectionVars false`
warning: SM/IntervalRestriction.lean:26:0: automatically included section variable(s) unused in theorem `SM.BoundaryInterval.globalPosition_bounds`:
  [NeZero n]
consider restructuring your `variable` declarations so that the variables are not in scope or explicitly omit them:
  omit [NeZero n] in theorem ...

Note: This linter can be disabled with `set_option linter.unusedSectionVars false`
warning: SM/IntervalRestriction.lean:44:0: automatically included section variable(s) unused in theorem `SM.BoundaryInterval.global_localPosition`:
  [NeZero n]
consider restructuring your `variable` declarations so that the variables are not in scope or explicitly omit them:
  omit [NeZero n] in theorem ...

Note: This linter can be disabled with `set_option linter.unusedSectionVars false`
warning: SM/IntervalRestriction.lean:77:0: automatically included section variable(s) unused in theorem `SM.IntervalComposition.eq_of_parts_cut`:
  [NeZero n]
consider restructuring your `variable` declarations so that the variables are not in scope or explicitly omit them:
  omit [NeZero n] in theorem ...

Note: This linter can be disabled with `set_option linter.unusedSectionVars false`
warning: SM/IntervalRestriction.lean:85:0: automatically included section variable(s) unused in theorem `SM.IntervalComposition.cut_bounds`:
  [NeZero n]
consider restructuring your `variable` declarations so that the variables are not in scope or explicitly omit them:
  omit [NeZero n] in theorem ...

Note: This linter can be disabled with `set_option linter.unusedSectionVars false`
warning: SM/IntervalRestriction.lean:199:0: automatically included section variable(s) unused in theorem `SM.boundaryUnitArray_restrict`:
  [Invertible 2]
consider restructuring your `variable` declarations so that the variables are not in scope or explicitly omit them:
  omit [Invertible 2] in theorem ...

Note: This linter can be disabled with `set_option linter.unusedSectionVars false`
⚠ [3148/3185] Replayed SM.RestrictedWordRoot
warning: SM/RestrictedWordRoot.lean:14:0: automatically included section variable(s) unused in theorem `SM.restrictedWord_boundary`:
  [NeZero n]
consider restructuring your `variable` declarations so that the variables are not in scope or explicitly omit them:
  omit [NeZero n] in theorem ...

Note: This linter can be disabled with `set_option linter.unusedSectionVars false`
warning: SM/RestrictedWordRoot.lean:22:0: automatically included section variable(s) unused in theorem `SM.restrictedWord_first_vertex`:
  [NeZero n]
consider restructuring your `variable` declarations so that the variables are not in scope or explicitly omit them:
  omit [NeZero n] in theorem ...

Note: This linter can be disabled with `set_option linter.unusedSectionVars false`
warning: SM/RestrictedWordRoot.lean:29:0: automatically included section variable(s) unused in theorem `SM.restrictedWord_last_vertex`:
  [NeZero n]
consider restructuring your `variable` declarations so that the variables are not in scope or explicitly omit them:
  omit [NeZero n] in theorem ...

Note: This linter can be disabled with `set_option linter.unusedSectionVars false`
warning: SM/RestrictedWordRoot.lean:63:0: automatically included section variable(s) unused in theorem `SM.geometricBoundaryArray_restrictedWord`:
  [Invertible 2]
consider restructuring your `variable` declarations so that the variables are not in scope or explicitly omit them:
  omit [Invertible 2] in theorem ...

Note: This linter can be disabled with `set_option linter.unusedSectionVars false`
⚠ [3150/3185] Replayed SM.ContactIndices
warning: SM/ContactIndices.lean:14:0: automatically included section variable(s) unused in theorem `SM.contactSeparated_iff`:
  [NeZero n]
consider restructuring your `variable` declarations so that the variables are not in scope or explicitly omit them:
  omit [NeZero n] in theorem ...

Note: This linter can be disabled with `set_option linter.unusedSectionVars false`
⚠ [3152/3185] Replayed SM.NonFlatCenter
warning: SM/NonFlatCenter.lean:14:0: automatically included section variable(s) unused in theorem `SM.nonzero_turns_regular`:
  [NeZero n]
consider restructuring your `variable` declarations so that the variables are not in scope or explicitly omit them:
  omit [NeZero n] in theorem ...

Note: This linter can be disabled with `set_option linter.unusedSectionVars false`
warning: SM/NonFlatCenter.lean:33:2: Try this: 
  letI̵

The goal is a proposition, so `let` is preferred over `letI`.
The difference between `let` and `letI` is that `letI` inlines the value.
But this is not relevant for proofs because of proof irrelevance.

Note: This linter can be disabled with `set_option linter.style.haveILetI false`
warning: SM/NonFlatCenter.lean:48:2: Try `simp at hm` instead of `simpa using hm`

Note: This linter can be disabled with `set_option linter.unnecessarySimpa false`
⚠ [3153/3185] Replayed SM.ContactCenter
warning: SM/ContactCenter.lean:14:2: Try this: 
  letI̵

The goal is a proposition, so `let` is preferred over `letI`.
The difference between `let` and `letI` is that `letI` inlines the value.
But this is not relevant for proofs because of proof irrelevance.

Note: This linter can be disabled with `set_option linter.style.haveILetI false`
⚠ [3154/3185] Replayed SM.PureCutIndices
warning: SM/PureCutIndices.lean:27:0: automatically included section variable(s) unused in theorem `SM.noConsecutive_ne_turnSupport`:
  [NeZero n]
consider restructuring your `variable` declarations so that the variables are not in scope or explicitly omit them:
  omit [NeZero n] in theorem ...

Note: This linter can be disabled with `set_option linter.unusedSectionVars false`
warning: SM/PureCutIndices.lean:35:2: Try this: 
  letI̵

The goal is a proposition, so `let` is preferred over `letI`.
The difference between `let` and `letI` is that `letI` inlines the value.
But this is not relevant for proofs because of proof irrelevance.

Note: This linter can be disabled with `set_option linter.style.haveILetI false`
⚠ [3162/3206] Replayed SM.FixedEndpointGate
warning: SM/FixedEndpointGate.lean:47:20: `dif_pos` has been deprecated: Use `dite_eq_left` instead
warning: SM/FixedEndpointGate.lean:42:0: automatically included section variable(s) unused in theorem `SM.IncreasingBoundaryTriple.fixedFarGate_at_interior`:
  [NeZero n]
consider restructuring your `variable` declarations so that the variables are not in scope or explicitly omit them:
  omit [NeZero n] in theorem ...

Note: This linter can be disabled with `set_option linter.unusedSectionVars false`
warning: SM/FixedEndpointGate.lean:53:29: `dif_pos` has been deprecated: Use `dite_eq_left` instead
warning: SM/FixedEndpointGate.lean:54:29: `dif_neg` has been deprecated: Use `dite_eq_right` instead
warning: SM/FixedEndpointGate.lean:50:0: automatically included section variable(s) unused in theorem `SM.IncreasingBoundaryTriple.fixedFarGate_neg`:
  [NeZero n]
consider restructuring your `variable` declarations so that the variables are not in scope or explicitly omit them:
  omit [NeZero n] in theorem ...

Note: This linter can be disabled with `set_option linter.unusedSectionVars false`
⚠ [3164/3206] Replayed SM.FarOnlyLocality
warning: SM/FarOnlyLocality.lean:10:0: automatically included section variable(s) unused in theorem `SM.restrictTripleArray_eq_of_local`:
  [CommRing R]
  [Invertible 2]
consider restructuring your `variable` declarations so that the variables are not in scope or explicitly omit them:
  omit [CommRing R] [Invertible 2] in theorem ...

Note: This linter can be disabled with `set_option linter.unusedSectionVars false`
⚠ [3169/3206] Replayed SM.NamedWallSides
warning: SM/NamedWallSides.lean:17:0: automatically included section variable(s) unused in theorem `SM.WallGerm.flatRightSide_iff_at`:
  [NeZero n]
consider restructuring your `variable` declarations so that the variables are not in scope or explicitly omit them:
  omit [NeZero n] in theorem ...

Note: This linter can be disabled with `set_option linter.unusedSectionVars false`
warning: SM/NamedWallSides.lean:24:0: automatically included section variable(s) unused in theorem `SM.WallGerm.flatLeftSide_iff_at`:
  [NeZero n]
consider restructuring your `variable` declarations so that the variables are not in scope or explicitly omit them:
  omit [NeZero n] in theorem ...

Note: This linter can be disabled with `set_option linter.unusedSectionVars false`
warning: SM/NamedWallSides.lean:61:0: automatically included section variable(s) unused in theorem `SM.WallGerm.contactSign_eq_at`:
  [NeZero n]
consider restructuring your `variable` declarations so that the variables are not in scope or explicitly omit them:
  omit [NeZero n] in theorem ...

Note: This linter can be disabled with `set_option linter.unusedSectionVars false`
⚠ [3170/3206] Replayed SM.WallRelabelGeometry
warning: SM/WallRelabelGeometry.lean:10:0: automatically included section variable(s) unused in theorem `SM.wall_sub_add_cancel_right`:
  [NeZero n]
consider restructuring your `variable` declarations so that the variables are not in scope or explicitly omit them:
  omit [NeZero n] in theorem ...

Note: This linter can be disabled with `set_option linter.unusedSectionVars false`
warning: SM/WallRelabelGeometry.lean:12:0: automatically included section variable(s) unused in theorem `SM.wall_sub_sub_cancel_right`:
  [NeZero n]
consider restructuring your `variable` declarations so that the variables are not in scope or explicitly omit them:
  omit [NeZero n] in theorem ...

Note: This linter can be disabled with `set_option linter.unusedSectionVars false`
warning: SM/WallRelabelGeometry.lean:14:0: automatically included section variable(s) unused in theorem `SM.wall_translateSupport_injective`:
  [NeZero n]
consider restructuring your `variable` declarations so that the variables are not in scope or explicitly omit them:
  omit [NeZero n] in theorem ...

Note: This linter can be disabled with `set_option linter.unusedSectionVars false`
warning: SM/WallRelabelGeometry.lean:24:0: automatically included section variable(s) unused in theorem `SM.translateSupport_turn`:
  [NeZero n]
consider restructuring your `variable` declarations so that the variables are not in scope or explicitly omit them:
  omit [NeZero n] in theorem ...

Note: This linter can be disabled with `set_option linter.unusedSectionVars false`
warning: SM/WallRelabelGeometry.lean:28:0: automatically included section variable(s) unused in theorem `SM.translateSupport_contact`:
  [NeZero n]
consider restructuring your `variable` declarations so that the variables are not in scope or explicitly omit them:
  omit [NeZero n] in theorem ...

Note: This linter can be disabled with `set_option linter.unusedSectionVars false`
warning: SM/WallRelabelGeometry.lean:32:0: automatically included section variable(s) unused in theorem `SM.translateSupport_three`:
  [NeZero n]
consider restructuring your `variable` declarations so that the variables are not in scope or explicitly omit them:
  omit [NeZero n] in theorem ...

Note: This linter can be disabled with `set_option linter.unusedSectionVars false`
warning: SM/WallRelabelGeometry.lean:36:0: automatically included section variable(s) unused in theorem `SM.contactSeparated_sub`:
  [NeZero n]
consider restructuring your `variable` declarations so that the variables are not in scope or explicitly omit them:
  omit [NeZero n] in theorem ...

Note: This linter can be disabled with `set_option linter.unusedSectionVars false`
warning: SM/WallRelabelGeometry.lean:41:0: automatically included section variable(s) unused in theorem `SM.noConsecutive_translate`:
  [NeZero n]
consider restructuring your `variable` declarations so that the variables are not in scope or explicitly omit them:
  omit [NeZero n] in theorem ...

Note: This linter can be disabled with `set_option linter.unusedSectionVars false`
warning: SM/WallRelabelGeometry.lean:53:0: automatically included section variable(s) unused in theorem `SM.edgeParameter_shift`:
  [NeZero n]
consider restructuring your `variable` declarations so that the variables are not in scope or explicitly omit them:
  omit [NeZero n] in theorem ...

Note: This linter can be disabled with `set_option linter.unusedSectionVars false`
⚠ [3171/3206] Replayed SM.NamedWallRelabel
warning: SM/NamedWallRelabel.lean:32:63: This simp argument is unused:
  wall_sub_sub_cancel_right

Hint: Omit it from the simp argument list.
  [apply] simp only [shift, sub_add_cancel, wall_sub_add_cancel_right]

Note: This linter can be disabled with `set_option linter.unusedSimpArgs false`
warning: SM/NamedWallRelabel.lean:41:63: This simp argument is unused:
  wall_sub_sub_cancel_right

Hint: Omit it from the simp argument list.
  [apply] simp only [shift, sub_add_cancel, wall_sub_add_cancel_right]

Note: This linter can be disabled with `set_option linter.unusedSimpArgs false`
warning: SM/NamedWallRelabel.lean:69:0: automatically included section variable(s) unused in theorem `SM.WallGerm.flatRightSide_relabel`:
  [NeZero n]
consider restructuring your `variable` declarations so that the variables are not in scope or explicitly omit them:
  omit [NeZero n] in theorem ...

Note: This linter can be disabled with `set_option linter.unusedSectionVars false`
warning: SM/NamedWallRelabel.lean:74:0: automatically included section variable(s) unused in theorem `SM.WallGerm.flatLeftSide_relabel`:
  [NeZero n]
consider restructuring your `variable` declarations so that the variables are not in scope or explicitly omit them:
  omit [NeZero n] in theorem ...

Note: This linter can be disabled with `set_option linter.unusedSectionVars false`
⚠ [3172/3206] Replayed SM.UnorderedWallTriples
warning: SM/UnorderedWallTriples.lean:35:0: automatically included section variable(s) unused in theorem `SM.WallGerm.signChanges_neg`:
  [NeZero n]
consider restructuring your `variable` declarations so that the variables are not in scope or explicitly omit them:
  omit [NeZero n] in theorem ...

Note: This linter can be disabled with `set_option linter.unusedSectionVars false`
warning: SM/UnorderedWallTriples.lean:48:82: This simp argument is unused:
  or_left_comm

Hint: Omit it from the simp argument list.
  [apply] simp [or_comm]

Note: This linter can be disabled with `set_option linter.unusedSimpArgs false`
warning: SM/UnorderedWallTriples.lean:60:82: This simp argument is unused:
  or_left_comm

Hint: Omit it from the simp argument list.
  [apply] simp [or_comm]

Note: This linter can be disabled with `set_option linter.unusedSimpArgs false`
⚠ [3173/3206] Replayed SM.BoundaryTripleSupports
warning: SM/BoundaryTripleSupports.lean:24:0: automatically included section variable(s) unused in theorem `SM.IncreasingBoundaryTriple.positionSet_bounds`:
  [NeZero n]
consider restructuring your `variable` declarations so that the variables are not in scope or explicitly omit them:
  omit [NeZero n] in theorem ...

Note: This linter can be disabled with `set_option linter.unusedSectionVars false`
warning: SM/BoundaryTripleSupports.lean:62:0: automatically included section variable(s) unused in theorem `SM.IncreasingBoundaryTriple.vertexSet_reversed`:
  [NeZero n]
consider restructuring your `variable` declarations so that the variables are not in scope or explicitly omit them:
  omit [NeZero n] in theorem ...

Note: This linter can be disabled with `set_option linter.unusedSectionVars false`
warning: SM/BoundaryTripleSupports.lean:65:41: This simp argument is unused:
  or_left_comm

Hint: Omit it from the simp argument list.
  [apply] simp [vertexSet, positionSet, or_comm, or_assoc]

Note: This linter can be disabled with `set_option linter.unusedSimpArgs false`
⚠ [3174/3221] Replayed SM.CanonicalTripleSigns
warning: SM/CanonicalTripleSigns.lean:20:0: automatically included section variable(s) unused in theorem `SM.canonical_label`:
  [NeZero n]
consider restructuring your `variable` declarations so that the variables are not in scope or explicitly omit them:
  omit [NeZero n] in theorem ...

Note: This linter can be disabled with `set_option linter.unusedSectionVars false`
warning: SM/CanonicalTripleSigns.lean:24:0: automatically included section variable(s) unused in theorem `SM.canonical_label_range`:
  [NeZero n]
consider restructuring your `variable` declarations so that the variables are not in scope or explicitly omit them:
  omit [NeZero n] in theorem ...

Note: This linter can be disabled with `set_option linter.unusedSectionVars false`
warning: SM/CanonicalTripleSigns.lean:66:0: automatically included section variable(s) unused in theorem `SM.sortTriplePositions_sign`:
  [NeZero n]
consider restructuring your `variable` declarations so that the variables are not in scope or explicitly omit them:
  omit [NeZero n] in theorem ...

Note: This linter can be disabled with `set_option linter.unusedSectionVars false`
warning: SM/CanonicalTripleSigns.lean:73:0: automatically included section variable(s) unused in theorem `SM.sortTriplePositions_positionSet`:
  [NeZero n]
consider restructuring your `variable` declarations so that the variables are not in scope or explicitly omit them:
  omit [NeZero n] in theorem ...

Note: This linter can be disabled with `set_option linter.unusedSectionVars false`
warning: SM/CanonicalTripleSigns.lean:78:71: This simp argument is unused:
  or_assoc

Hint: Omit it from the simp argument list.
  [apply] simp [IncreasingBoundaryTriple.positionSet, or_comm, or_left_comm]

Note: This linter can be disabled with `set_option linter.unusedSimpArgs false`
warning: SM/CanonicalTripleSigns.lean:87:0: automatically included section variable(s) unused in theorem `SM.sortTriplePositions_evaluation`:
  [NeZero n]
consider restructuring your `variable` declarations so that the variables are not in scope or explicitly omit them:
  omit [NeZero n] in theorem ...

Note: This linter can be disabled with `set_option linter.unusedSectionVars false`
⚠ [3175/3221] Replayed SM.SoftInsertionIndices
warning: SM/SoftInsertionIndices.lean:56:8: `if_pos` has been deprecated: Use `ite_eq_left` instead
warning: SM/SoftInsertionIndices.lean:60:8: `if_neg` has been deprecated: Use `ite_eq_right` instead
⚠ [3176/3221] Replayed SM.SoftInsertionSuccessors
warning: SM/SoftInsertionSuccessors.lean:45:14: `if_pos` has been deprecated: Use `ite_eq_left` instead
warning: SM/SoftInsertionSuccessors.lean:45:28: `if_pos` has been deprecated: Use `ite_eq_left` instead
warning: SM/SoftInsertionSuccessors.lean:49:14: `if_neg` has been deprecated: Use `ite_eq_right` instead
warning: SM/SoftInsertionSuccessors.lean:49:28: `if_neg` has been deprecated: Use `ite_eq_right` instead
warning: SM/SoftInsertionSuccessors.lean:63:35: `if_pos` has been deprecated: Use `ite_eq_left` instead
warning: SM/SoftInsertionSuccessors.lean:66:35: `if_neg` has been deprecated: Use `ite_eq_right` instead
warning: SM/SoftInsertionSuccessors.lean:82:8: `if_neg` has been deprecated: Use `ite_eq_right` instead
warning: SM/SoftInsertionSuccessors.lean:95:35: `if_pos` has been deprecated: Use `ite_eq_left` instead
⚠ [3177/3221] Replayed SM.SoftInsertionTuple
warning: SM/SoftInsertionTuple.lean:69:0: automatically included section variable(s) unused in theorem `SM.SoftAdmissible.vector_ne_zero`:
  [NeZero n]
consider restructuring your `variable` declarations so that the variables are not in scope or explicitly omit them:
  omit [NeZero n] in theorem ...

Note: This linter can be disabled with `set_option linter.unusedSectionVars false`
⚠ [3178/3221] Replayed SM.SoftParentEdges
warning: SM/SoftParentEdges.lean:95:36: This simp argument is unused:
  false_and

Hint: Omit it from the simp argument list.
  [apply] simp only [softOldIndex_ne_new, ne_eq, not_true_eq_false, and_false]

Note: This linter can be disabled with `set_option linter.unusedSimpArgs false`
⚠ [3189/3239] Replayed SM.SoftFamilyLocalCrossing
warning: SM/SoftFamilyLocalCrossing.lean:47:2: Try this: 
  haveI̵

The goal is a proposition, so `have` is preferred over `haveI`.
The difference between `have` and `haveI` is that `haveI` inlines the value.
But this is not relevant for proofs because of proof irrelevance.

Note: This linter can be disabled with `set_option linter.style.haveILetI false`
warning: SM/SoftFamilyLocalCrossing.lean:81:2: Try this: 
  haveI̵

The goal is a proposition, so `have` is preferred over `haveI`.
The difference between `have` and `haveI` is that `haveI` inlines the value.
But this is not relevant for proofs because of proof irrelevance.

Note: This linter can be disabled with `set_option linter.style.haveILetI false`
warning: SM/SoftFamilyLocalCrossing.lean:116:2: Try this: 
  haveI̵

The goal is a proposition, so `have` is preferred over `haveI`.
The difference between `have` and `haveI` is that `haveI` inlines the value.
But this is not relevant for proofs because of proof irrelevance.

Note: This linter can be disabled with `set_option linter.style.haveILetI false`
⚠ [3190/3239] Replayed SM.SoftEdgeAvoidance
warning: SM/SoftEdgeAvoidance.lean:53:2: Try this: 
  haveI̵

The goal is a proposition, so `have` is preferred over `haveI`.
The difference between `have` and `haveI` is that `haveI` inlines the value.
But this is not relevant for proofs because of proof irrelevance.

Note: This linter can be disabled with `set_option linter.style.haveILetI false`
warning: SM/SoftEdgeAvoidance.lean:103:2: Try this: 
  haveI̵

The goal is a proposition, so `have` is preferred over `haveI`.
The difference between `have` and `haveI` is that `haveI` inlines the value.
But this is not relevant for proofs because of proof irrelevance.

Note: This linter can be disabled with `set_option linter.style.haveILetI false`
warning: SM/SoftEdgeAvoidance.lean:104:2: Try this: 
  haveI̵

The goal is a proposition, so `have` is preferred over `haveI`.
The difference between `have` and `haveI` is that `haveI` inlines the value.
But this is not relevant for proofs because of proof irrelevance.

Note: This linter can be disabled with `set_option linter.style.haveILetI false`
⚠ [3191/3239] Replayed SM.SoftCrossingClassification
warning: SM/SoftCrossingClassification.lean:48:37: Variable name `hn` is not explicitly referenced.

Hint: The binding can be removed (if unused) or named `_` (if used implicitly). Alternatively, prefix the name with `_` to silence this warning:
  [apply] _hn

Note: This linter can be disabled with `set_option linter.unusedVariables false`
warning: SM/SoftCrossingClassification.lean:85:2: Try this: 
  haveI̵

The goal is a proposition, so `have` is preferred over `haveI`.
The difference between `have` and `haveI` is that `haveI` inlines the value.
But this is not relevant for proofs because of proof irrelevance.

Note: This linter can be disabled with `set_option linter.style.haveILetI false`
warning: SM/SoftCrossingClassification.lean:146:2: Try this: 
  haveI̵

The goal is a proposition, so `have` is preferred over `haveI`.
The difference between `have` and `haveI` is that `haveI` inlines the value.
But this is not relevant for proofs because of proof irrelevance.

Note: This linter can be disabled with `set_option linter.style.haveILetI false`
⚠ [3195/3239] Replayed SM.FlatContacts
warning: SM/FlatContacts.lean:16:2: Try this: 
  letI̵

The goal is a proposition, so `let` is preferred over `letI`.
The difference between `let` and `letI` is that `letI` inlines the value.
But this is not relevant for proofs because of proof irrelevance.

Note: This linter can be disabled with `set_option linter.style.haveILetI false`
⚠ [3196/3239] Replayed SM.FlatCenter
warning: SM/FlatCenter.lean:11:0: automatically included section variable(s) unused in theorem `SM.flat_fusion`:
  [NeZero n]
consider restructuring your `variable` declarations so that the variables are not in scope or explicitly omit them:
  omit [NeZero n] in theorem ...

Note: This linter can be disabled with `set_option linter.unusedSectionVars false`
⚠ [3197/3239] Replayed SM.FlatAdjacent
warning: SM/FlatAdjacent.lean:88:2: Try `simp at hm` instead of `simpa using hm`

Note: This linter can be disabled with `set_option linter.unnecessarySimpa false`
⚠ [3204/3239] Replayed SM.InsertionIndices
warning: SM/InsertionIndices.lean:32:0: automatically included section variable(s) unused in theorem `SM.insertIndex_zero`:
  [NeZero n]
consider restructuring your `variable` declarations so that the variables are not in scope or explicitly omit them:
  omit [NeZero n] in theorem ...

Note: This linter can be disabled with `set_option linter.unusedSectionVars false`
warning: SM/InsertionIndices.lean:34:0: automatically included section variable(s) unused in theorem `SM.insertedIndex_add_one`:
  [NeZero n]
consider restructuring your `variable` declarations so that the variables are not in scope or explicitly omit them:
  omit [NeZero n] in theorem ...

Note: This linter can be disabled with `set_option linter.unusedSectionVars false`
⚠ [3205/3239] Replayed SM.InsertedTuple
warning: SM/InsertedTuple.lean:16:44: `if_pos` has been deprecated: Use `ite_eq_left` instead
warning: SM/InsertedTuple.lean:20:65: `if_false` has been deprecated: Use `ite_false` instead
warning: SM/InsertedTuple.lean:18:0: automatically included section variable(s) unused in theorem `SM.appendVertex_new`:
  [NeZero n]
consider restructuring your `variable` declarations so that the variables are not in scope or explicitly omit them:
  omit [NeZero n] in theorem ...

Note: This linter can be disabled with `set_option linter.unusedSectionVars false`
warning: SM/InsertedTuple.lean:52:8: `if_neg` has been deprecated: Use `ite_eq_right` instead
warning: SM/InsertedTuple.lean:66:59: `if_neg` has been deprecated: Use `ite_eq_right` instead
⚠ [3207/3250] Replayed SM.SoftFamilyG2
warning: SM/SoftFamilyG2.lean:52:2: Try this: 
  haveI̵

The goal is a proposition, so `have` is preferred over `haveI`.
The difference between `have` and `haveI` is that `haveI` inlines the value.
But this is not relevant for proofs because of proof irrelevance.

Note: This linter can be disabled with `set_option linter.style.haveILetI false`
warning: SM/SoftFamilyG2.lean:75:2: Try this: 
  haveI̵

The goal is a proposition, so `have` is preferred over `haveI`.
The difference between `have` and `haveI` is that `haveI` inlines the value.
But this is not relevant for proofs because of proof irrelevance.

Note: This linter can be disabled with `set_option linter.style.haveILetI false`
warning: SM/SoftFamilyG2.lean:97:26: `Set.mem_setOf_eq` has been deprecated: Use `Set.mem_ofPred_eq` instead
warning: SM/SoftFamilyG2.lean:137:2: Try this: 
  haveI̵

The goal is a proposition, so `have` is preferred over `haveI`.
The difference between `have` and `haveI` is that `haveI` inlines the value.
But this is not relevant for proofs because of proof irrelevance.

Note: This linter can be disabled with `set_option linter.style.haveILetI false`
warning: SM/SoftFamilyG2.lean:138:2: Try this: 
  haveI̵

The goal is a proposition, so `have` is preferred over `haveI`.
The difference between `have` and `haveI` is that `haveI` inlines the value.
But this is not relevant for proofs because of proof irrelevance.

Note: This linter can be disabled with `set_option linter.style.haveILetI false`
warning: SM/SoftFamilyG2.lean:223:2: Try this: 
  letI̵

The goal is a proposition, so `let` is preferred over `letI`.
The difference between `let` and `letI` is that `letI` inlines the value.
But this is not relevant for proofs because of proof irrelevance.

Note: This linter can be disabled with `set_option linter.style.haveILetI false`
⚠ [3209/3250] Replayed SM.SoftParentOrder
warning: SM/SoftParentOrder.lean:56:2: Try this: 
  haveI̵

The goal is a proposition, so `have` is preferred over `haveI`.
The difference between `have` and `haveI` is that `haveI` inlines the value.
But this is not relevant for proofs because of proof irrelevance.

Note: This linter can be disabled with `set_option linter.style.haveILetI false`
warning: SM/SoftParentOrder.lean:83:10: `if_pos` has been deprecated: Use `ite_eq_left` instead
warning: SM/SoftParentOrder.lean:100:12: `if_neg` has been deprecated: Use `ite_eq_right` instead
⚠ [3212/3250] Replayed SM.CycleFiltering
warning: SM/CycleFiltering.lean:107:30: Variable name `l` is not explicitly referenced.

Hint: The binding can be removed (if unused) or named `_` (if used implicitly). Alternatively, prefix the name with `_` to silence this warning:
  [apply] _l

Note: This linter can be disabled with `set_option linter.unusedVariables false`
⚠ [3218/3250] Replayed SM.GeometricVisits
warning: SM/GeometricVisits.lean:76:2: Try this: 
  letI̵

The goal is a proposition, so `let` is preferred over `letI`.
The difference between `let` and `letI` is that `letI` inlines the value.
But this is not relevant for proofs because of proof irrelevance.

Note: This linter can be disabled with `set_option linter.style.haveILetI false`
warning: SM/GeometricVisits.lean:82:2: Try this: 
  letI̵

The goal is a proposition, so `let` is preferred over `letI`.
The difference between `let` and `letI` is that `letI` inlines the value.
But this is not relevant for proofs because of proof irrelevance.

Note: This linter can be disabled with `set_option linter.style.haveILetI false`
warning: SM/GeometricVisits.lean:88:2: Try this: 
  letI̵

The goal is a proposition, so `let` is preferred over `letI`.
The difference between `let` and `letI` is that `letI` inlines the value.
But this is not relevant for proofs because of proof irrelevance.

Note: This linter can be disabled with `set_option linter.style.haveILetI false`
⚠ [3220/3250] Replayed SM.GeometricTransport
warning: SM/GeometricTransport.lean:14:0: automatically included section variable(s) unused in theorem `SM.geometric_visitParameterOrder`:
  [NeZero n]
consider restructuring your `variable` declarations so that the variables are not in scope or explicitly omit them:
  omit [NeZero n] in theorem ...

Note: This linter can be disabled with `set_option linter.unusedSectionVars false`
⚠ [3221/3250] Replayed SM.G1CrossingStability
warning: SM/G1CrossingStability.lean:12:0: automatically included section variable(s) unused in theorem `SM.chi_locally_constant_of_G1`:
  [NeZero n]
consider restructuring your `variable` declarations so that the variables are not in scope or explicitly omit them:
  omit [NeZero n] in theorem ...

Note: This linter can be disabled with `set_option linter.unusedSectionVars false`
warning: SM/G1CrossingStability.lean:37:0: automatically included section variable(s) unused in theorem `SM.continuousAt_edgeParameter`:
  [NeZero n]
consider restructuring your `variable` declarations so that the variables are not in scope or explicitly omit them:
  omit [NeZero n] in theorem ...

Note: This linter can be disabled with `set_option linter.unusedSectionVars false`
⚠ [3222/3250] Replayed SM.TripleCenter
warning: SM/TripleCenter.lean:11:0: automatically included section variable(s) unused in theorem `SM.isCrossing_of_common_interiors`:
  [NeZero n]
consider restructuring your `variable` declarations so that the variables are not in scope or explicitly omit them:
  omit [NeZero n] in theorem ...

Note: This linter can be disabled with `set_option linter.unusedSectionVars false`
warning: SM/TripleCenter.lean:17:0: automatically included section variable(s) unused in theorem `SM.crossingPoint_eq_edgeParameter`:
  [NeZero n]
consider restructuring your `variable` declarations so that the variables are not in scope or explicitly omit them:
  omit [NeZero n] in theorem ...

Note: This linter can be disabled with `set_option linter.unusedSectionVars false`
warning: SM/TripleCenter.lean:28:2: Try this: 
  letI̵

The goal is a proposition, so `let` is preferred over `letI`.
The difference between `let` and `letI` is that `letI` inlines the value.
But this is not relevant for proofs because of proof irrelevance.

Note: This linter can be disabled with `set_option linter.style.haveILetI false`
warning: SM/TripleCenter.lean:53:2: Try this: 
  letI̵

The goal is a proposition, so `let` is preferred over `letI`.
The difference between `let` and `letI` is that `letI` inlines the value.
But this is not relevant for proofs because of proof irrelevance.

Note: This linter can be disabled with `set_option linter.style.haveILetI false`
warning: SM/TripleCenter.lean:63:2: Try this: 
  letI̵

The goal is a proposition, so `let` is preferred over `letI`.
The difference between `let` and `letI` is that `letI` inlines the value.
But this is not relevant for proofs because of proof irrelevance.

Note: This linter can be disabled with `set_option linter.style.haveILetI false`
warning: SM/TripleCenter.lean:78:2: Try `simp at hmem` instead of `simpa using hmem`

Note: This linter can be disabled with `set_option linter.unnecessarySimpa false`
⚠ [3224/3270] Replayed SM.CarrierSplitList
warning: SM/CarrierSplitList.lean:90:0: automatically included section variable(s) unused in theorem `SM.Carrier.splitList_child_data`:
  [DecidableEq α]
consider restructuring your `variable` declarations so that the variables are not in scope or explicitly omit them:
  omit [DecidableEq α] in theorem ...

Note: This linter can be disabled with `set_option linter.unusedSectionVars false`
⚠ [3232/3270] Replayed SM.TripleOrder
warning: SM/TripleOrder.lean:17:2: Try this: 
  letI̵

The goal is a proposition, so `let` is preferred over `letI`.
The difference between `let` and `letI` is that `letI` inlines the value.
But this is not relevant for proofs because of proof irrelevance.

Note: This linter can be disabled with `set_option linter.style.haveILetI false`
⚠ [3237/3270] Replayed SM.TripleAdjacency
warning: SM/TripleAdjacency.lean:28:2: Try this: 
  letI̵

The goal is a proposition, so `let` is preferred over `letI`.
The difference between `let` and `letI` is that `letI` inlines the value.
But this is not relevant for proofs because of proof irrelevance.

Note: This linter can be disabled with `set_option linter.style.haveILetI false`
warning: SM/TripleAdjacency.lean:29:2: Try this: 
  letI̵

The goal is a proposition, so `let` is preferred over `letI`.
The difference between `let` and `letI` is that `letI` inlines the value.
But this is not relevant for proofs because of proof irrelevance.

Note: This linter can be disabled with `set_option linter.style.haveILetI false`
⚠ [3238/3270] Replayed SM.TripleSides
warning: SM/TripleSides.lean:15:0: automatically included section variable(s) unused in theorem `SM.isCrossing_pair_reverse`:
  [NeZero n]
consider restructuring your `variable` declarations so that the variables are not in scope or explicitly omit them:
  omit [NeZero n] in theorem ...

Note: This linter can be disabled with `set_option linter.unusedSectionVars false`
warning: SM/TripleSides.lean:35:2: Try this: 
  letI̵

The goal is a proposition, so `let` is preferred over `letI`.
The difference between `let` and `letI` is that `letI` inlines the value.
But this is not relevant for proofs because of proof irrelevance.

Note: This linter can be disabled with `set_option linter.style.haveILetI false`
⚠ [3239/3270] Replayed SM.TripleExchanges
warning: SM/TripleExchanges.lean:42:0: automatically included section variable(s) unused in theorem `SM.triangleOrderExchanges_all`:
  [NeZero n]
consider restructuring your `variable` declarations so that the variables are not in scope or explicitly omit them:
  omit [NeZero n] in theorem ...

Note: This linter can be disabled with `set_option linter.unusedSectionVars false`
⚠ [3242/3270] Replayed SM.TripleVisitExchanges
warning: SM/TripleVisitExchanges.lean:28:0: automatically included section variable(s) unused in theorem `SM.exactTriangleVisitOrders_of_parameters`:
  [NeZero n]
consider restructuring your `variable` declarations so that the variables are not in scope or explicitly omit them:
  omit [NeZero n] in theorem ...

Note: This linter can be disabled with `set_option linter.unusedSectionVars false`
⚠ [3244/3270] Replayed SM.SortedCut
warning: SM/SortedCut.lean:40:28: `if_pos` has been deprecated: Use `ite_eq_left` instead
warning: SM/SortedCut.lean:40:40: `if_pos` has been deprecated: Use `ite_eq_left` instead
warning: SM/SortedCut.lean:48:28: `if_neg` has been deprecated: Use `ite_eq_right` instead
warning: SM/SortedCut.lean:48:40: `if_neg` has been deprecated: Use `ite_eq_right` instead
warning: SM/SortedCut.lean:61:28: `if_neg` has been deprecated: Use `ite_eq_right` instead
warning: SM/SortedCut.lean:61:40: `if_pos` has been deprecated: Use `ite_eq_left` instead
⚠ [3245/3270] Replayed SM.GaussRelabel
warning: SM/GaussRelabel.lean:31:2: Try this: 
  haveI̵

The goal is a proposition, so `have` is preferred over `haveI`.
The difference between `have` and `haveI` is that `haveI` inlines the value.
But this is not relevant for proofs because of proof irrelevance.

Note: This linter can be disabled with `set_option linter.style.haveILetI false`
⚠ [3246/3270] Replayed SM.GaussDefinition
warning: SM/GaussDefinition.lean:66:2: Try this: 
  haveI̵

The goal is a proposition, so `have` is preferred over `haveI`.
The difference between `have` and `haveI` is that `haveI` inlines the value.
But this is not relevant for proofs because of proof irrelevance.

Note: This linter can be disabled with `set_option linter.style.haveILetI false`
⚠ [3247/3270] Replayed SM.GeometricCrossingStability
warning: SM/GeometricCrossingStability.lean:13:0: automatically included section variable(s) unused in theorem `SM.remote_pair_persists_of_geometry`:
  [NeZero n]
consider restructuring your `variable` declarations so that the variables are not in scope or explicitly omit them:
  omit [NeZero n] in theorem ...

Note: This linter can be disabled with `set_option linter.unusedSectionVars false`
⚠ [3248/3270] Replayed SM.GeometricOrderStability
warning: SM/GeometricOrderStability.lean:38:0: automatically included section variable(s) unused in theorem `SM.crossingSign_locally_constant_of_geometry`:
  [NeZero n]
consider restructuring your `variable` declarations so that the variables are not in scope or explicitly omit them:
  omit [NeZero n] in theorem ...

Note: This linter can be disabled with `set_option linter.unusedSectionVars false`
⚠ [3253/3270] Replayed SM.Smoothing
warning: SM/Smoothing.lean:1794:34: Variable name `hε` is not explicitly referenced.

Hint: The binding can be removed (if unused) or named `_` (if used implicitly). Alternatively, prefix the name with `_` to silence this warning:
  [apply] _hε

Note: This linter can be disabled with `set_option linter.unusedVariables false`
warning: SM/Smoothing.lean:1800:34: Variable name `hε` is not explicitly referenced.

Hint: The binding can be removed (if unused) or named `_` (if used implicitly). Alternatively, prefix the name with `_` to silence this warning:
  [apply] _hε

Note: This linter can be disabled with `set_option linter.unusedVariables false`
warning: SM/Smoothing.lean:1806:34: Variable name `hε` is not explicitly referenced.

Hint: The binding can be removed (if unused) or named `_` (if used implicitly). Alternatively, prefix the name with `_` to silence this warning:
  [apply] _hε

Note: This linter can be disabled with `set_option linter.unusedVariables false`
warning: SM/Smoothing.lean:1812:34: Variable name `hε` is not explicitly referenced.

Hint: The binding can be removed (if unused) or named `_` (if used implicitly). Alternatively, prefix the name with `_` to silence this warning:
  [apply] _hε

Note: This linter can be disabled with `set_option linter.unusedVariables false`
warning: SM/Smoothing.lean:3700:15: `Set.mem_setOf_eq` has been deprecated: Use `Set.mem_ofPred_eq` instead
warning: SM/Smoothing.lean:4331:0: automatically included section variable(s) unused in theorem `SM.Link.Smoothing.origParam_mem`:
  M
consider restructuring your `variable` declarations so that the variables are not in scope or explicitly omit them:
  omit M in theorem ...

Note: This linter can be disabled with `set_option linter.unusedSectionVars false`
warning: SM/Smoothing.lean:4449:61: Variable name `hq` is not explicitly referenced.

Hint: The binding can be removed (if unused) or named `_` (if used implicitly). Alternatively, prefix the name with `_` to silence this warning:
  [apply] _hq

Note: This linter can be disabled with `set_option linter.unusedVariables false`
⚠ [3263/3270] Replayed SM.GaussFamilyOrder
warning: SM/GaussFamilyOrder.lean:39:2: Try this: 
  haveI̵

The goal is a proposition, so `have` is preferred over `haveI`.
The difference between `have` and `haveI` is that `haveI` inlines the value.
But this is not relevant for proofs because of proof irrelevance.

Note: This linter can be disabled with `set_option linter.style.haveILetI false`
⚠ [3266/3270] Replayed SM.GeometricRecords
warning: SM/GeometricRecords.lean:17:2: Try this: 
  letI̵

The goal is a proposition, so `let` is preferred over `letI`.
The difference between `let` and `letI` is that `letI` inlines the value.
But this is not relevant for proofs because of proof irrelevance.

Note: This linter can be disabled with `set_option linter.style.haveILetI false`
⚠ [3271/3295] Replayed SM.DeletedTuple
warning: SM/DeletedTuple.lean:16:0: automatically included section variable(s) unused in theorem `SM.deleteVertex_apply`:
  [NeZero n]
consider restructuring your `variable` declarations so that the variables are not in scope or explicitly omit them:
  omit [NeZero n] in theorem ...

Note: This linter can be disabled with `set_option linter.unusedSectionVars false`
warning: SM/DeletedTuple.lean:46:0: automatically included section variable(s) unused in theorem `SM.continuous_deleteVertex`:
  [NeZero n]
consider restructuring your `variable` declarations so that the variables are not in scope or explicitly omit them:
  omit [NeZero n] in theorem ...

Note: This linter can be disabled with `set_option linter.unusedSectionVars false`
⚠ [3275/3295] Replayed SM.FusionIndices
warning: SM/FusionIndices.lean:13:0: automatically included section variable(s) unused in theorem `SM.fusionIndex_deleted`:
  [NeZero n]
consider restructuring your `variable` declarations so that the variables are not in scope or explicitly omit them:
  omit [NeZero n] in theorem ...

Note: This linter can be disabled with `set_option linter.unusedSectionVars false`
warning: SM/FusionIndices.lean:18:19: `if_neg` has been deprecated: Use `ite_eq_right` instead
⚠ [3277/3295] Replayed SM.SortedCompressedCut
warning: SM/SortedCompressedCut.lean:39:28: `if_pos` has been deprecated: Use `ite_eq_left` instead
warning: SM/SortedCompressedCut.lean:39:40: `if_pos` has been deprecated: Use `ite_eq_left` instead
warning: SM/SortedCompressedCut.lean:48:28: `if_neg` has been deprecated: Use `ite_eq_right` instead
warning: SM/SortedCompressedCut.lean:48:40: `if_neg` has been deprecated: Use `ite_eq_right` instead
warning: SM/SortedCompressedCut.lean:62:28: `if_neg` has been deprecated: Use `ite_eq_right` instead
warning: SM/SortedCompressedCut.lean:62:40: `if_pos` has been deprecated: Use `ite_eq_left` instead
⚠ [3281/3295] Replayed SM.GenericCurveChamber
warning: SM/GenericCurveChamber.lean:30:2: Try this: 
  letI̵

The goal is a proposition, so `let` is preferred over `letI`.
The difference between `let` and `letI` is that `letI` inlines the value.
But this is not relevant for proofs because of proof irrelevance.

Note: This linter can be disabled with `set_option linter.style.haveILetI false`
⚠ [3282/3313] Replayed SM.FusionGeometry
warning: SM/FusionGeometry.lean:16:0: automatically included section variable(s) unused in theorem `SM.fusionScale_pos`:
  [NeZero n]
consider restructuring your `variable` declarations so that the variables are not in scope or explicitly omit them:
  omit [NeZero n] in theorem ...

Note: This linter can be disabled with `set_option linter.unusedSectionVars false`
warning: SM/FusionGeometry.lean:21:0: automatically included section variable(s) unused in theorem `SM.fusionParameter_interior`:
  [NeZero n]
consider restructuring your `variable` declarations so that the variables are not in scope or explicitly omit them:
  omit [NeZero n] in theorem ...

Note: This linter can be disabled with `set_option linter.unusedSectionVars false`
warning: SM/FusionGeometry.lean:62:6: This simp argument is unused:
  edge_deleteVertex_last

Hint: Omit it from the simp argument list.
  [apply] simp only [fusionParameter, ↓reduceIte, edgePoint, deleteVertex_last, edge, neg_add_cancel, deleteVertex_zero]

Note: This linter can be disabled with `set_option linter.unusedSimpArgs false`
warning: SM/FusionGeometry.lean:69:8: This simp argument is unused:
  edge_deleteVertex_last

Hint: Omit it from the simp argument list.
  [apply] simp only [fusionParameter, hk, ↓reduceIte, edgePoint, deleteVertex_last, edge, sub_add_cancel,
    neg_add_cancel, deleteVertex_zero]

Note: This linter can be disabled with `set_option linter.unusedSimpArgs false`
⚠ [3283/3313] Replayed SM.FusionCrossings
warning: SM/FusionCrossings.lean:19:2: Try this: 
  letI̵

The goal is a proposition, so `let` is preferred over `letI`.
The difference between `let` and `letI` is that `letI` inlines the value.
But this is not relevant for proofs because of proof irrelevance.

Note: This linter can be disabled with `set_option linter.style.haveILetI false`
⚠ [3285/3313] Replayed SM.FusionParameterOrder
warning: SM/FusionParameterOrder.lean:11:0: automatically included section variable(s) unused in theorem `SM.fusionParameter_strictMono`:
  [NeZero n]
consider restructuring your `variable` declarations so that the variables are not in scope or explicitly omit them:
  omit [NeZero n] in theorem ...

Note: This linter can be disabled with `set_option linter.unusedSectionVars false`
warning: SM/FusionParameterOrder.lean:24:2: Try this: 
  letI̵

The goal is a proposition, so `let` is preferred over `letI`.
The difference between `let` and `letI` is that `letI` inlines the value.
But this is not relevant for proofs because of proof irrelevance.

Note: This linter can be disabled with `set_option linter.style.haveILetI false`
⚠ [3290/3313] Replayed SM.FlatFusionData
warning: SM/FlatFusionData.lean:56:2: Try this: 
  letI̵

The goal is a proposition, so `let` is preferred over `letI`.
The difference between `let` and `letI` is that `letI` inlines the value.
But this is not relevant for proofs because of proof irrelevance.

Note: This linter can be disabled with `set_option linter.style.haveILetI false`
⚠ [3293/3313] Replayed SM.CarrierTrueCorners
warning: SM/CarrierTrueCorners.lean:49:0: automatically included section variable(s) unused in theorem `SM.Carrier.isTrueCorner_vertex`:
  [NeZero n]
consider restructuring your `variable` declarations so that the variables are not in scope or explicitly omit them:
  omit [NeZero n] in theorem ...

Note: This linter can be disabled with `set_option linter.unusedSectionVars false`
warning: SM/CarrierTrueCorners.lean:53:0: automatically included section variable(s) unused in theorem `SM.Carrier.isTrueCorner_visit`:
  [NeZero n]
consider restructuring your `variable` declarations so that the variables are not in scope or explicitly omit them:
  omit [NeZero n] in theorem ...

Note: This linter can be disabled with `set_option linter.unusedSectionVars false`
⚠ [3300/3334] Replayed SM.CarrierMarkedArcLists
warning: SM/CarrierMarkedArcLists.lean:58:2: Try this: 
  letI̵

The goal is a proposition, so `let` is preferred over `letI`.
The difference between `let` and `letI` is that `letI` inlines the value.
But this is not relevant for proofs because of proof irrelevance.

Note: This linter can be disabled with `set_option linter.style.haveILetI false`
warning: SM/CarrierMarkedArcLists.lean:69:2: Try this: 
  letI̵

The goal is a proposition, so `let` is preferred over `letI`.
The difference between `let` and `letI` is that `letI` inlines the value.
But this is not relevant for proofs because of proof irrelevance.

Note: This linter can be disabled with `set_option linter.style.haveILetI false`
⚠ [3304/3334] Replayed SM.CarrierMarkedSegments
warning: SM/CarrierMarkedSegments.lean:58:2: Try this: 
  haveI̵

The goal is a proposition, so `have` is preferred over `haveI`.
The difference between `have` and `haveI` is that `haveI` inlines the value.
But this is not relevant for proofs because of proof irrelevance.

Note: This linter can be disabled with `set_option linter.style.haveILetI false`
warning: SM/CarrierMarkedSegments.lean:76:2: Try this: 
  haveI̵

The goal is a proposition, so `have` is preferred over `haveI`.
The difference between `have` and `haveI` is that `haveI` inlines the value.
But this is not relevant for proofs because of proof irrelevance.

Note: This linter can be disabled with `set_option linter.style.haveILetI false`
⚠ [3310/3346] Replayed SM.CarrierAffineSegments
warning: SM/CarrierAffineSegments.lean:56:0: automatically included section variable(s) unused in theorem `SM.Carrier.edgePoint_sub_edgePoint`:
  [NeZero n]
consider restructuring your `variable` declarations so that the variables are not in scope or explicitly omit them:
  omit [NeZero n] in theorem ...

Note: This linter can be disabled with `set_option linter.unusedSectionVars false`
warning: SM/CarrierAffineSegments.lean:62:0: automatically included section variable(s) unused in theorem `SM.Carrier.edgePoint_affine`:
  [NeZero n]
consider restructuring your `variable` declarations so that the variables are not in scope or explicitly omit them:
  omit [NeZero n] in theorem ...

Note: This linter can be disabled with `set_option linter.unusedSectionVars false`
⚠ [3316/3346] Replayed SM.GenericDensity
warning: SM/GenericDensity.lean:16:2: Try this: 
  haveI̵

The goal is a proposition, so `have` is preferred over `haveI`.
The difference between `have` and `haveI` is that `haveI` inlines the value.
But this is not relevant for proofs because of proof irrelevance.

Note: This linter can be disabled with `set_option linter.style.haveILetI false`
warning: SM/GenericDensity.lean:17:2: Try this: 
  haveI̵

The goal is a proposition, so `have` is preferred over `haveI`.
The difference between `have` and `haveI` is that `haveI` inlines the value.
But this is not relevant for proofs because of proof irrelevance.

Note: This linter can be disabled with `set_option linter.style.haveILetI false`
warning: SM/GenericDensity.lean:29:2: Try this: 
  haveI̵

The goal is a proposition, so `have` is preferred over `haveI`.
The difference between `have` and `haveI` is that `haveI` inlines the value.
But this is not relevant for proofs because of proof irrelevance.

Note: This linter can be disabled with `set_option linter.style.haveILetI false`
warning: SM/GenericDensity.lean:30:2: Try this: 
  haveI̵

The goal is a proposition, so `have` is preferred over `haveI`.
The difference between `have` and `haveI` is that `haveI` inlines the value.
But this is not relevant for proofs because of proof irrelevance.

Note: This linter can be disabled with `set_option linter.style.haveILetI false`
⚠ [3317/3346] Replayed SM.RegularPerturbation
warning: SM/RegularPerturbation.lean:14:0: automatically included section variable(s) unused in theorem `SM.continuous_cornerRotor_edges`:
  [NeZero n]
consider restructuring your `variable` declarations so that the variables are not in scope or explicitly omit them:
  omit [NeZero n] in theorem ...

Note: This linter can be disabled with `set_option linter.unusedSectionVars false`
⚠ [3327/3394] Replayed SM.CarriersLemma
warning: SM/CarriersLemma.lean:134:35: Variable name `x` is not explicitly referenced.

Hint: The binding can be removed (if unused) or named `_` (if used implicitly). Alternatively, prefix the name with `_` to silence this warning:
  [apply] _x

Note: This linter can be disabled with `set_option linter.unusedVariables false`
warning: SM/CarriersLemma.lean:135:37: Variable name `x` is not explicitly referenced.

Hint: The binding can be removed (if unused) or named `_` (if used implicitly). Alternatively, prefix the name with `_` to silence this warning:
  [apply] _x

Note: This linter can be disabled with `set_option linter.unusedVariables false`
⚠ [3375/3394] Replayed SM.PositiveLiftDefinition
warning: SM/PositiveLiftDefinition.lean:114:10: Variable name `Γ` is not explicitly referenced.

Hint: The binding can be removed (if unused) or named `_` (if used implicitly). Alternatively, prefix the name with `_` to silence this warning:
  [apply] _Γ

Note: This linter can be disabled with `set_option linter.unusedVariables false`
⚠ [3393/3394] Replayed RProof.GenericTransport
warning: RProof/GenericTransport.lean:9035:0: automatically included section variable(s) unused in theorem `RProof.G11_no_visit_between`:
  [NeZero n]
consider restructuring your `variable` declarations so that the variables are not in scope or explicitly omit them:
  omit [NeZero n] in theorem ...

Note: This linter can be disabled with `set_option linter.unusedSectionVars false`
warning: RProof/GenericTransport.lean:9300:0: automatically included section variable(s) unused in theorem `RProof.gu2_exact_of_eq`:
  [NeZero n]
consider restructuring your `variable` declarations so that the variables are not in scope or explicitly omit them:
  omit [NeZero n] in theorem ...

Note: This linter can be disabled with `set_option linter.unusedSectionVars false`
warning: RProof/GenericTransport.lean:9361:0: automatically included section variable(s) unused in theorem `RProof.gu2_tail_not_mem_segment`:
  [NeZero n]
consider restructuring your `variable` declarations so that the variables are not in scope or explicitly omit them:
  omit [NeZero n] in theorem ...

Note: This linter can be disabled with `set_option linter.unusedSectionVars false`
warning: RProof/GenericTransport.lean:9371:0: automatically included section variable(s) unused in theorem `RProof.gu2_param_ne_of_xPair_ne`:
  [NeZero n]
consider restructuring your `variable` declarations so that the variables are not in scope or explicitly omit them:
  omit [NeZero n] in theorem ...

Note: This linter can be disabled with `set_option linter.unusedSectionVars false`
warning: RProof/GenericTransport.lean:9668:0: automatically included section variable(s) unused in theorem `RProof.G11_alt_swap`:
  [NeZero n]
consider restructuring your `variable` declarations so that the variables are not in scope or explicitly omit them:
  omit [NeZero n] in theorem ...

Note: This linter can be disabled with `set_option linter.unusedSectionVars false`
warning: RProof/GenericTransport.lean:9679:0: automatically included section variable(s) unused in theorem `RProof.G11_exact_swap`:
  [NeZero n]
consider restructuring your `variable` declarations so that the variables are not in scope or explicitly omit them:
  omit [NeZero n] in theorem ...

Note: This linter can be disabled with `set_option linter.unusedSectionVars false`
warning: RProof/GenericTransport.lean:9698:0: automatically included section variable(s) unused in theorem `RProof.G11_alt_crossingSign`:
  [NeZero n]
consider restructuring your `variable` declarations so that the variables are not in scope or explicitly omit them:
  omit [NeZero n] in theorem ...

Note: This linter can be disabled with `set_option linter.unusedSectionVars false`
warning: RProof/GenericTransport.lean:9916:0: automatically included section variable(s) unused in theorem `RProof.gu2_visitTwin_vef`:
  [NeZero n]
consider restructuring your `variable` declarations so that the variables are not in scope or explicitly omit them:
  omit [NeZero n] in theorem ...

Note: This linter can be disabled with `set_option linter.unusedSectionVars false`
warning: RProof/GenericTransport.lean:9920:0: automatically included section variable(s) unused in theorem `RProof.gu2_visitTwin_veg`:
  [NeZero n]
consider restructuring your `variable` declarations so that the variables are not in scope or explicitly omit them:
  omit [NeZero n] in theorem ...

Note: This linter can be disabled with `set_option linter.unusedSectionVars false`
warning: RProof/GenericTransport.lean:9924:0: automatically included section variable(s) unused in theorem `RProof.gu2_visitTwin_vfg`:
  [NeZero n]
consider restructuring your `variable` declarations so that the variables are not in scope or explicitly omit them:
  omit [NeZero n] in theorem ...

Note: This linter can be disabled with `set_option linter.unusedSectionVars false`
warning: RProof/GenericTransport.lean:10056:0: automatically included section variable(s) unused in theorem `RProof.gu2_pair_mem_triangleSupports`:
  [NeZero n]
consider restructuring your `variable` declarations so that the variables are not in scope or explicitly omit them:
  omit [NeZero n] in theorem ...

Note: This linter can be disabled with `set_option linter.unusedSectionVars false`
warning: RProof/GenericTransport.lean:10968:0: automatically included section variable(s) unused in theorem `RProof.G11_param_ne`:
  [NeZero n]
consider restructuring your `variable` declarations so that the variables are not in scope or explicitly omit them:
  omit [NeZero n] in theorem ...

Note: This linter can be disabled with `set_option linter.unusedSectionVars false`
warning: RProof/GenericTransport.lean:11051:63: Variable name `hef` is not explicitly referenced.

Hint: The binding can be removed (if unused) or named `_` (if used implicitly). Alternatively, prefix the name with `_` to silence this warning:
  [apply] _hef

Note: This linter can be disabled with `set_option linter.unusedVariables false`
warning: RProof/GenericTransport.lean:11051:77: Variable name `heg` is not explicitly referenced.

Hint: The binding can be removed (if unused) or named `_` (if used implicitly). Alternatively, prefix the name with `_` to silence this warning:
  [apply] _heg

Note: This linter can be disabled with `set_option linter.unusedVariables false`
warning: RProof/GenericTransport.lean:11051:91: Variable name `hfg` is not explicitly referenced.

Hint: The binding can be removed (if unused) or named `_` (if used implicitly). Alternatively, prefix the name with `_` to silence this warning:
  [apply] _hfg

Note: This linter can be disabled with `set_option linter.unusedVariables false`
⚠ [3394/3394] Built SM.BigonDeletion (13s)
warning: SM/BigonDeletion.lean:1382:57: Used `tac1 <;> tac2` where `(tac1; tac2)` would suffice

Note: This linter can be disabled with `set_option linter.unnecessarySeqFocus false`
Build completed successfully (3394 jobs).
