⚠ [1187/1518] Replayed SM.Polygon
warning: SM/Polygon.lean:75:42: This simp argument is unused:
  add_left_comm

Hint: Omit it from the simp argument list.
  [apply] simp [edge, shift, add_assoc, add_comm]

Note: This linter can be disabled with `set_option linter.unusedSimpArgs false`
⚠ [1191/1518] Replayed SM.Chirotope
warning: SM/Chirotope.lean:105:62: This simp argument is unused:
  add_left_comm

Hint: Omit it from the simp argument list.
  [apply] simp [turn, chi_shift, sub_eq_add_neg, add_assoc, add_comm]

Note: This linter can be disabled with `set_option linter.unusedSimpArgs false`
⚠ [1233/1518] Replayed SM.Generic
warning: SM/Generic.lean:86:73: Try `simp at hi` instead of `simpa using hi`

Note: This linter can be disabled with `set_option linter.unnecessarySimpa false`
warning: SM/Generic.lean:89:33: Variable name `hn` is not explicitly referenced.

Hint: The binding can be removed (if unused) or named `_` (if used implicitly). Alternatively, prefix the name with `_` to silence this warning:
  [apply] _hn

Note: This linter can be disabled with `set_option linter.unusedVariables false`
⚠ [1244/1518] Replayed SM.G1Consequences
warning: SM/G1Consequences.lean:124:2: Try this: 
  haveI̵

The goal is a proposition, so `have` is preferred over `haveI`.
The difference between `have` and `haveI` is that `haveI` inlines the value.
But this is not relevant for proofs because of proof irrelevance.

Note: This linter can be disabled with `set_option linter.style.haveILetI false`
warning: SM/G1Consequences.lean:125:2: Try this: 
  haveI̵

The goal is a proposition, so `have` is preferred over `haveI`.
The difference between `have` and `haveI` is that `haveI` inlines the value.
But this is not relevant for proofs because of proof irrelevance.

Note: This linter can be disabled with `set_option linter.style.haveILetI false`
⚠ [1251/1518] Replayed SM.CrossingCriterion
warning: SM/CrossingCriterion.lean:107:2: Try this: 
  haveI̵

The goal is a proposition, so `have` is preferred over `haveI`.
The difference between `have` and `haveI` is that `haveI` inlines the value.
But this is not relevant for proofs because of proof irrelevance.

Note: This linter can be disabled with `set_option linter.style.haveILetI false`
⚠ [1497/1831] Replayed SM.Crossings
warning: SM/Crossings.lean:105:2: Try this: 
  haveI̵

The goal is a proposition, so `have` is preferred over `haveI`.
The difference between `have` and `haveI` is that `haveI` inlines the value.
But this is not relevant for proofs because of proof irrelevance.

Note: This linter can be disabled with `set_option linter.style.haveILetI false`
warning: SM/Crossings.lean:106:2: Try this: 
  haveI̵

The goal is a proposition, so `have` is preferred over `haveI`.
The difference between `have` and `haveI` is that `haveI` inlines the value.
But this is not relevant for proofs because of proof irrelevance.

Note: This linter can be disabled with `set_option linter.style.haveILetI false`
warning: SM/Crossings.lean:115:2: Try this: 
  haveI̵

The goal is a proposition, so `have` is preferred over `haveI`.
The difference between `have` and `haveI` is that `haveI` inlines the value.
But this is not relevant for proofs because of proof irrelevance.

Note: This linter can be disabled with `set_option linter.style.haveILetI false`
warning: SM/Crossings.lean:162:2: Try this: 
  haveI̵

The goal is a proposition, so `have` is preferred over `haveI`.
The difference between `have` and `haveI` is that `haveI` inlines the value.
But this is not relevant for proofs because of proof irrelevance.

Note: This linter can be disabled with `set_option linter.style.haveILetI false`
⚠ [1498/1831] Replayed SM.CrossingEquiv
warning: SM/CrossingEquiv.lean:14:46: This simp argument is unused:
  add_assoc

Hint: Omit it from the simp argument list.
  [apply] simp [translateSupport, Finset.image_image]

Note: This linter can be disabled with `set_option linter.unusedSimpArgs false`
warning: SM/CrossingEquiv.lean:54:2: Try this: 
  haveI̵

The goal is a proposition, so `have` is preferred over `haveI`.
The difference between `have` and `haveI` is that `haveI` inlines the value.
But this is not relevant for proofs because of proof irrelevance.

Note: This linter can be disabled with `set_option linter.style.haveILetI false`
warning: SM/CrossingEquiv.lean:64:2: Try this: 
  haveI̵

The goal is a proposition, so `have` is preferred over `haveI`.
The difference between `have` and `haveI` is that `haveI` inlines the value.
But this is not relevant for proofs because of proof irrelevance.

Note: This linter can be disabled with `set_option linter.style.haveILetI false`
warning: SM/CrossingEquiv.lean:65:2: Try this: 
  haveI̵

The goal is a proposition, so `have` is preferred over `haveI`.
The difference between `have` and `haveI` is that `haveI` inlines the value.
But this is not relevant for proofs because of proof irrelevance.

Note: This linter can be disabled with `set_option linter.style.haveILetI false`
⚠ [1499/1831] Replayed SM.Traversal
warning: SM/Traversal.lean:65:0: Definition `SM.traversalLinearOrder` of class type is semireducible. Most type class instances should be instance-reducible, so consider marking this
definition with `@[instance_reducible]`. If it is intentionally semireducible, this warning can be disabled with `set_option warn.classDefReducibility false`.
warning: SM/Traversal.lean:68:0: Definition `SM.traversalCircularOrder` of class type is semireducible. Most type class instances should be instance-reducible, so consider marking this
definition with `@[instance_reducible]`. If it is intentionally semireducible, this warning can be disabled with `set_option warn.classDefReducibility false`.
⚠ [1500/1831] Replayed SM.GaussVisits
warning: SM/GaussVisits.lean:90:2: Try this: 
  haveI̵

The goal is a proposition, so `have` is preferred over `haveI`.
The difference between `have` and `haveI` is that `haveI` inlines the value.
But this is not relevant for proofs because of proof irrelevance.

Note: This linter can be disabled with `set_option linter.style.haveILetI false`
⚠ [1501/1831] Replayed SM.GaussWord
warning: SM/GaussWord.lean:30:2: Try this: 
  haveI̵

The goal is a proposition, so `have` is preferred over `haveI`.
The difference between `have` and `haveI` is that `haveI` inlines the value.
But this is not relevant for proofs because of proof irrelevance.

Note: This linter can be disabled with `set_option linter.style.haveILetI false`
warning: SM/GaussWord.lean:31:2: Try this: 
  letI̵

The goal is a proposition, so `let` is preferred over `letI`.
The difference between `let` and `letI` is that `letI` inlines the value.
But this is not relevant for proofs because of proof irrelevance.

Note: This linter can be disabled with `set_option linter.style.haveILetI false`
warning: SM/GaussWord.lean:37:2: Try this: 
  haveI̵

The goal is a proposition, so `have` is preferred over `haveI`.
The difference between `have` and `haveI` is that `haveI` inlines the value.
But this is not relevant for proofs because of proof irrelevance.

Note: This linter can be disabled with `set_option linter.style.haveILetI false`
warning: SM/GaussWord.lean:38:2: Try this: 
  letI̵

The goal is a proposition, so `let` is preferred over `letI`.
The difference between `let` and `letI` is that `letI` inlines the value.
But this is not relevant for proofs because of proof irrelevance.

Note: This linter can be disabled with `set_option linter.style.haveILetI false`
warning: SM/GaussWord.lean:50:2: Try this: 
  haveI̵

The goal is a proposition, so `have` is preferred over `haveI`.
The difference between `have` and `haveI` is that `haveI` inlines the value.
But this is not relevant for proofs because of proof irrelevance.

Note: This linter can be disabled with `set_option linter.style.haveILetI false`
warning: SM/GaussWord.lean:51:2: Try this: 
  letI̵

The goal is a proposition, so `let` is preferred over `letI`.
The difference between `let` and `letI` is that `letI` inlines the value.
But this is not relevant for proofs because of proof irrelevance.

Note: This linter can be disabled with `set_option linter.style.haveILetI false`
warning: SM/GaussWord.lean:57:2: Try this: 
  haveI̵

The goal is a proposition, so `have` is preferred over `haveI`.
The difference between `have` and `haveI` is that `haveI` inlines the value.
But this is not relevant for proofs because of proof irrelevance.

Note: This linter can be disabled with `set_option linter.style.haveILetI false`
warning: SM/GaussWord.lean:58:2: Try this: 
  letI̵

The goal is a proposition, so `let` is preferred over `letI`.
The difference between `let` and `letI` is that `letI` inlines the value.
But this is not relevant for proofs because of proof irrelevance.

Note: This linter can be disabled with `set_option linter.style.haveILetI false`
warning: SM/GaussWord.lean:77:2: Try this: 
  haveI̵

The goal is a proposition, so `have` is preferred over `haveI`.
The difference between `have` and `haveI` is that `haveI` inlines the value.
But this is not relevant for proofs because of proof irrelevance.

Note: This linter can be disabled with `set_option linter.style.haveILetI false`
⚠ [3043/3052] Replayed SM.GaussCyclicGap
warning: SM/GaussCyclicGap.lean:13:0: automatically included section variable(s) unused in theorem `SM.gaussCycle_nodup`:
  [NeZero n]
consider restructuring your `variable` declarations so that the variables are not in scope or explicitly omit them:
  omit [NeZero n] in theorem ...

Note: This linter can be disabled with `set_option linter.unusedSectionVars false`
warning: SM/GaussCyclicGap.lean:16:0: automatically included section variable(s) unused in theorem `SM.mem_gaussCycle`:
  [NeZero n]
consider restructuring your `variable` declarations so that the variables are not in scope or explicitly omit them:
  omit [NeZero n] in theorem ...

Note: This linter can be disabled with `set_option linter.unusedSectionVars false`
warning: SM/GaussCyclicGap.lean:34:2: Try this: 
  letI̵

The goal is a proposition, so `let` is preferred over `letI`.
The difference between `let` and `letI` is that `letI` inlines the value.
But this is not relevant for proofs because of proof irrelevance.

Note: This linter can be disabled with `set_option linter.style.haveILetI false`
⚠ [3046/3094] Replayed SM.TraversalRelabel
warning: SM/TraversalRelabel.lean:57:24: `if_neg` has been deprecated: Use `ite_eq_right` instead
warning: SM/TraversalRelabel.lean:66:8: `if_pos` has been deprecated: Use `ite_eq_left` instead
warning: SM/TraversalRelabel.lean:68:8: `if_neg` has been deprecated: Use `ite_eq_right` instead
⚠ [3047/3094] Replayed SM.TraversalArcs
warning: SM/TraversalArcs.lean:13:2: Try this: 
  letI̵

The goal is a proposition, so `let` is preferred over `letI`.
The difference between `let` and `letI` is that `letI` inlines the value.
But this is not relevant for proofs because of proof irrelevance.

Note: This linter can be disabled with `set_option linter.style.haveILetI false`
⚠ [3048/3094] Replayed SM.Interlacement
warning: SM/Interlacement.lean:40:2: Try this: 
  haveI̵

The goal is a proposition, so `have` is preferred over `haveI`.
The difference between `have` and `haveI` is that `haveI` inlines the value.
But this is not relevant for proofs because of proof irrelevance.

Note: This linter can be disabled with `set_option linter.style.haveILetI false`
⚠ [3050/3094] Replayed SM.VisitRelabel
warning: SM/VisitRelabel.lean:35:2: Try this: 
  haveI̵

The goal is a proposition, so `have` is preferred over `haveI`.
The difference between `have` and `haveI` is that `haveI` inlines the value.
But this is not relevant for proofs because of proof irrelevance.

Note: This linter can be disabled with `set_option linter.style.haveILetI false`
⚠ [3051/3094] Replayed SM.InterlaceRelabel
warning: SM/InterlaceRelabel.lean:23:2: Try this: 
  haveI̵

The goal is a proposition, so `have` is preferred over `haveI`.
The difference between `have` and `haveI` is that `haveI` inlines the value.
But this is not relevant for proofs because of proof irrelevance.

Note: This linter can be disabled with `set_option linter.style.haveILetI false`
⚠ [3072/3094] Replayed SM.InterlaceSupports
warning: SM/InterlaceSupports.lean:35:2: Try this: 
  haveI̵

The goal is a proposition, so `have` is preferred over `haveI`.
The difference between `have` and `haveI` is that `haveI` inlines the value.
But this is not relevant for proofs because of proof irrelevance.

Note: This linter can be disabled with `set_option linter.style.haveILetI false`
warning: SM/InterlaceSupports.lean:57:2: Try this: 
  haveI̵

The goal is a proposition, so `have` is preferred over `haveI`.
The difference between `have` and `haveI` is that `haveI` inlines the value.
But this is not relevant for proofs because of proof irrelevance.

Note: This linter can be disabled with `set_option linter.style.haveILetI false`
warning: SM/InterlaceSupports.lean:72:2: Try this: 
  haveI̵

The goal is a proposition, so `have` is preferred over `haveI`.
The difference between `have` and `haveI` is that `haveI` inlines the value.
But this is not relevant for proofs because of proof irrelevance.

Note: This linter can be disabled with `set_option linter.style.haveILetI false`
⚠ [3073/3094] Replayed SM.CarrierMarks
warning: SM/CarrierMarks.lean:42:0: automatically included section variable(s) unused in theorem `SM.Carrier.markPosition_vertex`:
  [NeZero n]
consider restructuring your `variable` declarations so that the variables are not in scope or explicitly omit them:
  omit [NeZero n] in theorem ...

Note: This linter can be disabled with `set_option linter.unusedSectionVars false`
warning: SM/CarrierMarks.lean:45:0: automatically included section variable(s) unused in theorem `SM.Carrier.markPosition_visit`:
  [NeZero n]
consider restructuring your `variable` declarations so that the variables are not in scope or explicitly omit them:
  omit [NeZero n] in theorem ...

Note: This linter can be disabled with `set_option linter.unusedSectionVars false`
warning: SM/CarrierMarks.lean:49:0: automatically included section variable(s) unused in theorem `SM.Carrier.markPosition_evaluation_vertex`:
  [NeZero n]
consider restructuring your `variable` declarations so that the variables are not in scope or explicitly omit them:
  omit [NeZero n] in theorem ...

Note: This linter can be disabled with `set_option linter.unusedSectionVars false`
warning: SM/CarrierMarks.lean:54:0: automatically included section variable(s) unused in theorem `SM.Carrier.markPosition_evaluation_visit`:
  [NeZero n]
consider restructuring your `variable` declarations so that the variables are not in scope or explicitly omit them:
  omit [NeZero n] in theorem ...

Note: This linter can be disabled with `set_option linter.unusedSectionVars false`
warning: SM/CarrierMarks.lean:60:0: automatically included section variable(s) unused in theorem `SM.Carrier.markPosition_injective`:
  [NeZero n]
consider restructuring your `variable` declarations so that the variables are not in scope or explicitly omit them:
  omit [NeZero n] in theorem ...

Note: This linter can be disabled with `set_option linter.unusedSectionVars false`
warning: SM/CarrierMarks.lean:86:0: automatically included section variable(s) unused in theorem `SM.Carrier.markKey_visit`:
  [NeZero n]
consider restructuring your `variable` declarations so that the variables are not in scope or explicitly omit them:
  omit [NeZero n] in theorem ...

Note: This linter can be disabled with `set_option linter.unusedSectionVars false`
warning: SM/CarrierMarks.lean:107:2: Try this: 
  letI̵

The goal is a proposition, so `let` is preferred over `letI`.
The difference between `let` and `letI` is that `letI` inlines the value.
But this is not relevant for proofs because of proof irrelevance.

Note: This linter can be disabled with `set_option linter.style.haveILetI false`
warning: SM/CarrierMarks.lean:113:2: Try this: 
  letI̵

The goal is a proposition, so `let` is preferred over `letI`.
The difference between `let` and `letI` is that `letI` inlines the value.
But this is not relevant for proofs because of proof irrelevance.

Note: This linter can be disabled with `set_option linter.style.haveILetI false`
warning: SM/CarrierMarks.lean:119:2: Try this: 
  letI̵

The goal is a proposition, so `let` is preferred over `letI`.
The difference between `let` and `letI` is that `letI` inlines the value.
But this is not relevant for proofs because of proof irrelevance.

Note: This linter can be disabled with `set_option linter.style.haveILetI false`
warning: SM/CarrierMarks.lean:125:2: Try this: 
  letI̵

The goal is a proposition, so `let` is preferred over `letI`.
The difference between `let` and `letI` is that `letI` inlines the value.
But this is not relevant for proofs because of proof irrelevance.

Note: This linter can be disabled with `set_option linter.style.haveILetI false`
⚠ [3082/3108] Replayed SM.CarrierSuccessor
warning: SM/CarrierSuccessor.lean:120:2: Try this: 
  letI̵

The goal is a proposition, so `let` is preferred over `letI`.
The difference between `let` and `letI` is that `letI` inlines the value.
But this is not relevant for proofs because of proof irrelevance.

Note: This linter can be disabled with `set_option linter.style.haveILetI false`
⚠ [3083/3108] Replayed SM.CarrierVisitTwin
warning: SM/CarrierVisitTwin.lean:85:2: `if_pos` has been deprecated: Use `ite_eq_left` instead
warning: SM/CarrierVisitTwin.lean:89:2: `if_neg` has been deprecated: Use `ite_eq_right` instead
⚠ [3090/3108] Replayed SM.GenericTopology
warning: SM/GenericTopology.lean:117:2: Try this: 
  haveI̵

The goal is a proposition, so `have` is preferred over `haveI`.
The difference between `have` and `haveI` is that `haveI` inlines the value.
But this is not relevant for proofs because of proof irrelevance.

Note: This linter can be disabled with `set_option linter.style.haveILetI false`
warning: SM/GenericTopology.lean:118:2: Try this: 
  haveI̵

The goal is a proposition, so `have` is preferred over `haveI`.
The difference between `have` and `haveI` is that `haveI` inlines the value.
But this is not relevant for proofs because of proof irrelevance.

Note: This linter can be disabled with `set_option linter.style.haveILetI false`
⚠ [3092/3108] Replayed SM.CarrierSmoothing
warning: SM/CarrierSmoothing.lean:41:0: automatically included section variable(s) unused in theorem `SM.Carrier.selectedMarkPerm_vertex`:
  [NeZero n]
consider restructuring your `variable` declarations so that the variables are not in scope or explicitly omit them:
  omit [NeZero n] in theorem ...

Note: This linter can be disabled with `set_option linter.unusedSectionVars false`
warning: SM/CarrierSmoothing.lean:45:0: automatically included section variable(s) unused in theorem `SM.Carrier.selectedMarkPerm_visit`:
  [NeZero n]
consider restructuring your `variable` declarations so that the variables are not in scope or explicitly omit them:
  omit [NeZero n] in theorem ...

Note: This linter can be disabled with `set_option linter.unusedSectionVars false`
warning: SM/CarrierSmoothing.lean:48:0: automatically included section variable(s) unused in theorem `SM.Carrier.selectedMarkPerm_involutive`:
  [NeZero n]
consider restructuring your `variable` declarations so that the variables are not in scope or explicitly omit them:
  omit [NeZero n] in theorem ...

Note: This linter can be disabled with `set_option linter.unusedSectionVars false`
warning: SM/CarrierSmoothing.lean:64:0: automatically included section variable(s) unused in theorem `SM.Carrier.selectedMarkPerm_commute`:
  [NeZero n]
consider restructuring your `variable` declarations so that the variables are not in scope or explicitly omit them:
  omit [NeZero n] in theorem ...

Note: This linter can be disabled with `set_option linter.unusedSectionVars false`
warning: SM/CarrierSmoothing.lean:72:0: automatically included section variable(s) unused in theorem `SM.Carrier.selectedMarkPerm_union_of_disjoint`:
  [NeZero n]
consider restructuring your `variable` declarations so that the variables are not in scope or explicitly omit them:
  omit [NeZero n] in theorem ...

Note: This linter can be disabled with `set_option linter.unusedSectionVars false`
warning: SM/CarrierSmoothing.lean:183:2: Try this: 
  letI̵

The goal is a proposition, so `let` is preferred over `letI`.
The difference between `let` and `letI` is that `letI` inlines the value.
But this is not relevant for proofs because of proof irrelevance.

Note: This linter can be disabled with `set_option linter.style.haveILetI false`
warning: SM/CarrierSmoothing.lean:184:2: Try this: 
  letI̵

The goal is a proposition, so `let` is preferred over `letI`.
The difference between `let` and `letI` is that `letI` inlines the value.
But this is not relevant for proofs because of proof irrelevance.

Note: This linter can be disabled with `set_option linter.style.haveILetI false`
⚠ [3093/3108] Replayed SM.CarrierSingleSwitch
warning: SM/CarrierSingleSwitch.lean:37:0: automatically included section variable(s) unused in theorem `SM.Carrier.selectedVisitTwin_singleton`:
  [NeZero n]
consider restructuring your `variable` declarations so that the variables are not in scope or explicitly omit them:
  omit [NeZero n] in theorem ...

Note: This linter can be disabled with `set_option linter.unusedSectionVars false`
warning: SM/CarrierSingleSwitch.lean:76:10: This simp argument is unused:
  or_comm

Hint: Omit it from the simp argument list.
  [apply] simp

Note: This linter can be disabled with `set_option linter.unusedSimpArgs false`
⚠ [3095/3108] Replayed SM.Chambers
warning: SM/Chambers.lean:37:2: Try this: 
  letI̵

The goal is a proposition, so `let` is preferred over `letI`.
The difference between `let` and `letI` is that `letI` inlines the value.
But this is not relevant for proofs because of proof irrelevance.

Note: This linter can be disabled with `set_option linter.style.haveILetI false`
warning: SM/Chambers.lean:42:2: Try this: 
  letI̵

The goal is a proposition, so `let` is preferred over `letI`.
The difference between `let` and `letI` is that `letI` inlines the value.
But this is not relevant for proofs because of proof irrelevance.

Note: This linter can be disabled with `set_option linter.style.haveILetI false`
warning: SM/Chambers.lean:50:2: Try this: 
  letI̵

The goal is a proposition, so `let` is preferred over `letI`.
The difference between `let` and `letI` is that `letI` inlines the value.
But this is not relevant for proofs because of proof irrelevance.

Note: This linter can be disabled with `set_option linter.style.haveILetI false`
warning: SM/Chambers.lean:112:2: Try this: 
  haveI̵

The goal is a proposition, so `have` is preferred over `haveI`.
The difference between `have` and `haveI` is that `haveI` inlines the value.
But this is not relevant for proofs because of proof irrelevance.

Note: This linter can be disabled with `set_option linter.style.haveILetI false`
warning: SM/Chambers.lean:113:2: Try this: 
  haveI̵

The goal is a proposition, so `have` is preferred over `haveI`.
The difference between `have` and `haveI` is that `haveI` inlines the value.
But this is not relevant for proofs because of proof irrelevance.

Note: This linter can be disabled with `set_option linter.style.haveILetI false`
warning: SM/Chambers.lean:126:2: Try this: 
  haveI̵

The goal is a proposition, so `have` is preferred over `haveI`.
The difference between `have` and `haveI` is that `haveI` inlines the value.
But this is not relevant for proofs because of proof irrelevance.

Note: This linter can be disabled with `set_option linter.style.haveILetI false`
warning: SM/Chambers.lean:127:2: Try this: 
  haveI̵

The goal is a proposition, so `have` is preferred over `haveI`.
The difference between `have` and `haveI` is that `haveI` inlines the value.
But this is not relevant for proofs because of proof irrelevance.

Note: This linter can be disabled with `set_option linter.style.haveILetI false`
⚠ [3096/3108] Replayed SM.ChamberPaths
warning: SM/ChamberPaths.lean:24:0: automatically included section variable(s) unused in theorem `SM.generic_family_edgeParameter_continuous`:
  [PreconnectedSpace α]
consider restructuring your `variable` declarations so that the variables are not in scope or explicitly omit them:
  omit [PreconnectedSpace α] in theorem ...

Note: This linter can be disabled with `set_option linter.unusedSectionVars false`
⚠ [3098/3108] Replayed SM.ZeroTriples
warning: SM/ZeroTriples.lean:53:4: Try `simp at hm` instead of `simpa using hm`

Note: This linter can be disabled with `set_option linter.unnecessarySimpa false`
⚠ [3099/3108] Replayed SM.SinglePointTriple
warning: SM/SinglePointTriple.lean:26:0: automatically included section variable(s) unused in theorem `SM.chi_zero_of_vertices_eq`:
  [NeZero n]
consider restructuring your `variable` declarations so that the variables are not in scope or explicitly omit them:
  omit [NeZero n] in theorem ...

Note: This linter can be disabled with `set_option linter.unusedSectionVars false`
warning: SM/SinglePointTriple.lean:55:2: Try this: 
  letI̵

The goal is a proposition, so `let` is preferred over `letI`.
The difference between `let` and `letI` is that `letI` inlines the value.
But this is not relevant for proofs because of proof irrelevance.

Note: This linter can be disabled with `set_option linter.style.haveILetI false`
⚠ [3100/3108] Replayed SM.FiniteChiStability
warning: SM/FiniteChiStability.lean:13:0: automatically included section variable(s) unused in theorem `SM.chi_locally_constant_of_ne_zero`:
  [NeZero n]
consider restructuring your `variable` declarations so that the variables are not in scope or explicitly omit them:
  omit [NeZero n] in theorem ...

Note: This linter can be disabled with `set_option linter.unusedSectionVars false`
⚠ [3101/3108] Replayed SM.WeakGeneric
warning: SM/WeakGeneric.lean:32:2: Try this: 
  haveI̵

The goal is a proposition, so `have` is preferred over `haveI`.
The difference between `have` and `haveI` is that `haveI` inlines the value.
But this is not relevant for proofs because of proof irrelevance.

Note: This linter can be disabled with `set_option linter.style.haveILetI false`
warning: SM/WeakGeneric.lean:33:2: Try this: 
  haveI̵

The goal is a proposition, so `have` is preferred over `haveI`.
The difference between `have` and `haveI` is that `haveI` inlines the value.
But this is not relevant for proofs because of proof irrelevance.

Note: This linter can be disabled with `set_option linter.style.haveILetI false`
⚠ [3106/3124] Replayed SM.AffineSegments
warning: SM/AffineSegments.lean:31:41: Variable name `hs0` is not explicitly referenced.

Hint: The binding can be removed (if unused) or named `_` (if used implicitly). Alternatively, prefix the name with `_` to silence this warning:
  [apply] _hs0

Note: This linter can be disabled with `set_option linter.unusedVariables false`
warning: SM/AffineSegments.lean:32:19: Variable name `ht1` is not explicitly referenced.

Hint: The binding can be removed (if unused) or named `_` (if used implicitly). Alternatively, prefix the name with `_` to silence this warning:
  [apply] _ht1

Note: This linter can be disabled with `set_option linter.unusedVariables false`
⚠ [3108/3124] Replayed SM.CyclicChambers
warning: SM/CyclicChambers.lean:86:2: Try this: 
  haveI̵

The goal is a proposition, so `have` is preferred over `haveI`.
The difference between `have` and `haveI` is that `haveI` inlines the value.
But this is not relevant for proofs because of proof irrelevance.

Note: This linter can be disabled with `set_option linter.style.haveILetI false`
warning: SM/CyclicChambers.lean:87:2: Try this: 
  letI̵

The goal is a proposition, so `let` is preferred over `letI`.
The difference between `let` and `letI` is that `letI` inlines the value.
But this is not relevant for proofs because of proof irrelevance.

Note: This linter can be disabled with `set_option linter.style.haveILetI false`
warning: SM/CyclicChambers.lean:143:2: Try this: 
  haveI̵

The goal is a proposition, so `have` is preferred over `haveI`.
The difference between `have` and `haveI` is that `haveI` inlines the value.
But this is not relevant for proofs because of proof irrelevance.

Note: This linter can be disabled with `set_option linter.style.haveILetI false`
⚠ [3111/3124] Replayed SM.GermSignChange
warning: SM/GermSignChange.lean:25:33: Variable name `hδ` is not explicitly referenced.

Hint: The binding can be removed (if unused) or named `_` (if used implicitly). Alternatively, prefix the name with `_` to silence this warning:
  [apply] _hδ

Note: This linter can be disabled with `set_option linter.unusedVariables false`
⚠ [3115/3124] Replayed SM.TurnSupports
warning: SM/TurnSupports.lean:12:0: automatically included section variable(s) unused in theorem `SM.small_natCast_ne_zero`:
  [NeZero n]
consider restructuring your `variable` declarations so that the variables are not in scope or explicitly omit them:
  omit [NeZero n] in theorem ...

Note: This linter can be disabled with `set_option linter.unusedSectionVars false`
warning: SM/TurnSupports.lean:20:2: Try this: 
  letI̵

The goal is a proposition, so `let` is preferred over `letI`.
The difference between `let` and `letI` is that `letI` inlines the value.
But this is not relevant for proofs because of proof irrelevance.

Note: This linter can be disabled with `set_option linter.style.haveILetI false`
warning: SM/TurnSupports.lean:19:0: automatically included section variable(s) unused in theorem `SM.turnSupport_card`:
  [NeZero n]
consider restructuring your `variable` declarations so that the variables are not in scope or explicitly omit them:
  omit [NeZero n] in theorem ...

Note: This linter can be disabled with `set_option linter.unusedSectionVars false`
warning: SM/TurnSupports.lean:54:2: Try this: 
  letI̵

The goal is a proposition, so `let` is preferred over `letI`.
The difference between `let` and `letI` is that `letI` inlines the value.
But this is not relevant for proofs because of proof irrelevance.

Note: This linter can be disabled with `set_option linter.style.haveILetI false`
⚠ [3116/3124] Replayed SM.CuspDefinition
warning: SM/CuspDefinition.lean:27:0: automatically included section variable(s) unused in theorem `SM.cusp_indices_A`:
  [NeZero n]
consider restructuring your `variable` declarations so that the variables are not in scope or explicitly omit them:
  omit [NeZero n] in theorem ...

Note: This linter can be disabled with `set_option linter.unusedSectionVars false`
warning: SM/CuspDefinition.lean:33:0: automatically included section variable(s) unused in theorem `SM.cusp_indices_B`:
  [NeZero n]
consider restructuring your `variable` declarations so that the variables are not in scope or explicitly omit them:
  omit [NeZero n] in theorem ...

Note: This linter can be disabled with `set_option linter.unusedSectionVars false`
⚠ [3117/3124] Replayed SM.SingleTripleTransverse
warning: SM/SingleTripleTransverse.lean:22:2: Try this: 
  letI̵

The goal is a proposition, so `let` is preferred over `letI`.
The difference between `let` and `letI` is that `letI` inlines the value.
But this is not relevant for proofs because of proof irrelevance.

Note: This linter can be disabled with `set_option linter.style.haveILetI false`
⚠ [3118/3158] Replayed SM.CuspCenter
warning: SM/CuspCenter.lean:49:0: automatically included section variable(s) unused in theorem `SM.cusp_negative_pair`:
  [NeZero n]
consider restructuring your `variable` declarations so that the variables are not in scope or explicitly omit them:
  omit [NeZero n] in theorem ...

Note: This linter can be disabled with `set_option linter.unusedSectionVars false`
⚠ [3119/3158] Replayed SM.CuspParameters
warning: SM/CuspParameters.lean:13:0: automatically included section variable(s) unused in theorem `SM.edgeParameter_reverse_eq_second`:
  [NeZero n]
consider restructuring your `variable` declarations so that the variables are not in scope or explicitly omit them:
  omit [NeZero n] in theorem ...

Note: This linter can be disabled with `set_option linter.unusedSectionVars false`
warning: SM/CuspParameters.lean:91:0: automatically included section variable(s) unused in theorem `SM.continuousAt_edgeParameter_of_det`:
  [NeZero n]
consider restructuring your `variable` declarations so that the variables are not in scope or explicitly omit them:
  omit [NeZero n] in theorem ...

Note: This linter can be disabled with `set_option linter.unusedSectionVars false`
warning: SM/CuspParameters.lean:97:0: automatically included section variable(s) unused in theorem `SM.continuous_cuspDelta`:
  [NeZero n]
consider restructuring your `variable` declarations so that the variables are not in scope or explicitly omit them:
  omit [NeZero n] in theorem ...

Note: This linter can be disabled with `set_option linter.unusedSectionVars false`
⚠ [3120/3158] Replayed SM.RootBoundary
warning: SM/RootBoundary.lean:14:0: automatically included section variable(s) unused in theorem `SM.boundaryIndex_injective`:
  [NeZero n]
consider restructuring your `variable` declarations so that the variables are not in scope or explicitly omit them:
  omit [NeZero n] in theorem ...

Note: This linter can be disabled with `set_option linter.unusedSectionVars false`
warning: SM/RootBoundary.lean:22:0: automatically included section variable(s) unused in theorem `SM.boundaryWord_shift`:
  [NeZero n]
consider restructuring your `variable` declarations so that the variables are not in scope or explicitly omit them:
  omit [NeZero n] in theorem ...

Note: This linter can be disabled with `set_option linter.unusedSectionVars false`
warning: SM/RootBoundary.lean:29:0: automatically included section variable(s) unused in theorem `SM.boundaryWord_first`:
  [NeZero n]
consider restructuring your `variable` declarations so that the variables are not in scope or explicitly omit them:
  omit [NeZero n] in theorem ...

Note: This linter can be disabled with `set_option linter.unusedSectionVars false`
warning: SM/RootBoundary.lean:33:0: automatically included section variable(s) unused in theorem `SM.boundaryWord_last`:
  [NeZero n]
consider restructuring your `variable` declarations so that the variables are not in scope or explicitly omit them:
  omit [NeZero n] in theorem ...

Note: This linter can be disabled with `set_option linter.unusedSectionVars false`
warning: SM/RootBoundary.lean:42:0: automatically included section variable(s) unused in theorem `SM.boundaryWord_leaf_edge`:
  [NeZero n]
consider restructuring your `variable` declarations so that the variables are not in scope or explicitly omit them:
  omit [NeZero n] in theorem ...

Note: This linter can be disabled with `set_option linter.unusedSectionVars false`
warning: SM/RootBoundary.lean:57:0: automatically included section variable(s) unused in theorem `SM.BoundaryInterval.leaves_pos`:
  [NeZero n]
consider restructuring your `variable` declarations so that the variables are not in scope or explicitly omit them:
  omit [NeZero n] in theorem ...

Note: This linter can be disabled with `set_option linter.unusedSectionVars false`
warning: SM/RootBoundary.lean:74:0: automatically included section variable(s) unused in theorem `SM.IntervalComposition.parts_lt`:
  [NeZero n]
consider restructuring your `variable` declarations so that the variables are not in scope or explicitly omit them:
  omit [NeZero n] in theorem ...

Note: This linter can be disabled with `set_option linter.unusedSectionVars false`
⚠ [3121/3158] Replayed SM.FiniteCompositions
warning: SM/FiniteCompositions.lean:32:0: automatically included section variable(s) unused in theorem `SM.IntervalComposition.part_leaves_lt`:
  [NeZero n]
consider restructuring your `variable` declarations so that the variables are not in scope or explicitly omit them:
  omit [NeZero n] in theorem ...

Note: This linter can be disabled with `set_option linter.unusedSectionVars false`
⚠ [3122/3158] Replayed SM.CompositionCutSet
warning: SM/CompositionCutSet.lean:20:7: automatically included section variable(s) unused in theorem `SM.BoundaryCutSet.ext`:
  [NeZero n]
consider restructuring your `variable` declarations so that the variables are not in scope or explicitly omit them:
  omit [NeZero n] in theorem ...

Note: This linter can be disabled with `set_option linter.unusedSectionVars false`
warning: SM/CompositionCutSet.lean:26:0: automatically included section variable(s) unused in theorem `SM.BoundaryCutSet.card_ge_two`:
  [NeZero n]
consider restructuring your `variable` declarations so that the variables are not in scope or explicitly omit them:
  omit [NeZero n] in theorem ...

Note: This linter can be disabled with `set_option linter.unusedSectionVars false`
warning: SM/CompositionCutSet.lean:87:0: automatically included section variable(s) unused in theorem `SM.IntervalComposition.cutSet_card`:
  [NeZero n]
consider restructuring your `variable` declarations so that the variables are not in scope or explicitly omit them:
  omit [NeZero n] in theorem ...

Note: This linter can be disabled with `set_option linter.unusedSectionVars false`
⚠ [3123/3158] Replayed SM.InteriorCutSet
warning: SM/InteriorCutSet.lean:36:0: automatically included section variable(s) unused in theorem `SM.BoundaryCutSet.interior_ofInterior`:
  [NeZero n]
consider restructuring your `variable` declarations so that the variables are not in scope or explicitly omit them:
  omit [NeZero n] in theorem ...

Note: This linter can be disabled with `set_option linter.unusedSectionVars false`
warning: SM/InteriorCutSet.lean:81:0: automatically included section variable(s) unused in theorem `SM.BoundaryCutSet.mem_restrict`:
  [NeZero n]
consider restructuring your `variable` declarations so that the variables are not in scope or explicitly omit them:
  omit [NeZero n] in theorem ...

Note: This linter can be disabled with `set_option linter.unusedSectionVars false`
⚠ [3124/3158] Replayed SM.CompositionSegments
warning: SM/CompositionSegments.lean:9:0: automatically included section variable(s) unused in theorem `SM.IntervalComposition.part_bounds`:
  [NeZero n]
consider restructuring your `variable` declarations so that the variables are not in scope or explicitly omit them:
  omit [NeZero n] in theorem ...

Note: This linter can be disabled with `set_option linter.unusedSectionVars false`
warning: SM/CompositionSegments.lean:18:0: automatically included section variable(s) unused in theorem `SM.IntervalComposition.part_order`:
  [NeZero n]
consider restructuring your `variable` declarations so that the variables are not in scope or explicitly omit them:
  omit [NeZero n] in theorem ...

Note: This linter can be disabled with `set_option linter.unusedSectionVars false`
warning: SM/CompositionSegments.lean:26:0: automatically included section variable(s) unused in theorem `SM.IntervalComposition.exists_halfOpen_part`:
  [NeZero n]
consider restructuring your `variable` declarations so that the variables are not in scope or explicitly omit them:
  omit [NeZero n] in theorem ...

Note: This linter can be disabled with `set_option linter.unusedSectionVars false`
⚠ [3126/3158] Replayed SM.ConsecutiveCuts
warning: SM/ConsecutiveCuts.lean:11:0: automatically included section variable(s) unused in theorem `SM.BoundaryInterval.eq_of_endpoints`:
  [NeZero n]
consider restructuring your `variable` declarations so that the variables are not in scope or explicitly omit them:
  omit [NeZero n] in theorem ...

Note: This linter can be disabled with `set_option linter.unusedSectionVars false`
warning: SM/ConsecutiveCuts.lean:30:0: automatically included section variable(s) unused in theorem `SM.BoundaryCutSet.consecutive_restrict_iff`:
  [NeZero n]
consider restructuring your `variable` declarations so that the variables are not in scope or explicitly omit them:
  omit [NeZero n] in theorem ...

Note: This linter can be disabled with `set_option linter.unusedSectionVars false`
warning: SM/ConsecutiveCuts.lean:52:0: automatically included section variable(s) unused in theorem `SM.IntervalComposition.part_consecutive`:
  [NeZero n]
consider restructuring your `variable` declarations so that the variables are not in scope or explicitly omit them:
  omit [NeZero n] in theorem ...

Note: This linter can be disabled with `set_option linter.unusedSectionVars false`
warning: SM/ConsecutiveCuts.lean:64:0: automatically included section variable(s) unused in theorem `SM.IntervalComposition.part_injective`:
  [NeZero n]
consider restructuring your `variable` declarations so that the variables are not in scope or explicitly omit them:
  omit [NeZero n] in theorem ...

Note: This linter can be disabled with `set_option linter.unusedSectionVars false`
⚠ [3128/3158] Replayed SM.InteriorCutIndex
warning: SM/InteriorCutIndex.lean:12:0: automatically included section variable(s) unused in theorem `SM.IntervalComposition.interiorPosition_injective`:
  [NeZero n]
consider restructuring your `variable` declarations so that the variables are not in scope or explicitly omit them:
  omit [NeZero n] in theorem ...

Note: This linter can be disabled with `set_option linter.unusedSectionVars false`
warning: SM/InteriorCutIndex.lean:21:0: automatically included section variable(s) unused in theorem `SM.IntervalComposition.interiorPosition_mem`:
  [NeZero n]
consider restructuring your `variable` declarations so that the variables are not in scope or explicitly omit them:
  omit [NeZero n] in theorem ...

Note: This linter can be disabled with `set_option linter.unusedSectionVars false`
⚠ [3129/3158] Replayed SM.Gates
warning: SM/Gates.lean:76:2: Try this: 
  letI̵

The goal is a proposition, so `let` is preferred over `letI`.
The difference between `let` and `letI` is that `letI` inlines the value.
But this is not relevant for proofs because of proof irrelevance.

Note: This linter can be disabled with `set_option linter.style.haveILetI false`
warning: SM/Gates.lean:79:0: automatically included section variable(s) unused in theorem `SM.IntervalComposition.binary_near_eq_far`:
  [NeZero n]
consider restructuring your `variable` declarations so that the variables are not in scope or explicitly omit them:
  omit [NeZero n] in theorem ...

Note: This linter can be disabled with `set_option linter.unusedSectionVars false`
warning: SM/Gates.lean:159:0: automatically included section variable(s) unused in theorem `SM.IntervalComposition.nearSign_shift`:
  [NeZero n]
consider restructuring your `variable` declarations so that the variables are not in scope or explicitly omit them:
  omit [NeZero n] in theorem ...

Note: This linter can be disabled with `set_option linter.unusedSectionVars false`
warning: SM/Gates.lean:165:0: automatically included section variable(s) unused in theorem `SM.IntervalComposition.farSign_shift`:
  [NeZero n]
consider restructuring your `variable` declarations so that the variables are not in scope or explicitly omit them:
  omit [NeZero n] in theorem ...

Note: This linter can be disabled with `set_option linter.unusedSectionVars false`
⚠ [3130/3158] Replayed SM.NearFar
warning: SM/NearFar.lean:74:0: automatically included section variable(s) unused in theorem `SM.geometricBoundaryArray_near`:
  [NeZero n]
  [Invertible 2]
consider restructuring your `variable` declarations so that the variables are not in scope or explicitly omit them:
  omit [NeZero n] [Invertible 2] in theorem ...

Note: This linter can be disabled with `set_option linter.unusedSectionVars false`
warning: SM/NearFar.lean:78:0: automatically included section variable(s) unused in theorem `SM.geometricBoundaryArray_far`:
  [NeZero n]
  [Invertible 2]
consider restructuring your `variable` declarations so that the variables are not in scope or explicitly omit them:
  omit [NeZero n] [Invertible 2] in theorem ...

Note: This linter can be disabled with `set_option linter.unusedSectionVars false`
warning: SM/NearFar.lean:100:0: automatically included section variable(s) unused in theorem `SM.geometricBoundaryArray_shift`:
  [NeZero n]
consider restructuring your `variable` declarations so that the variables are not in scope or explicitly omit them:
  omit [NeZero n] in theorem ...

Note: This linter can be disabled with `set_option linter.unusedSectionVars false`
⚠ [3131/3158] Replayed SM.ConsecutiveTriples
warning: SM/ConsecutiveTriples.lean:46:0: automatically included section variable(s) unused in theorem `SM.IncreasingBoundaryTriple.eq_of_entries`:
  [NeZero n]
consider restructuring your `variable` declarations so that the variables are not in scope or explicitly omit them:
  omit [NeZero n] in theorem ...

Note: This linter can be disabled with `set_option linter.unusedSectionVars false`
warning: SM/ConsecutiveTriples.lean:70:0: automatically included section variable(s) unused in theorem `SM.IntervalComposition.nearTriple_leftInterval`:
  [NeZero n]
consider restructuring your `variable` declarations so that the variables are not in scope or explicitly omit them:
  omit [NeZero n] in theorem ...

Note: This linter can be disabled with `set_option linter.unusedSectionVars false`
warning: SM/ConsecutiveTriples.lean:74:0: automatically included section variable(s) unused in theorem `SM.IntervalComposition.nearTriple_rightInterval`:
  [NeZero n]
consider restructuring your `variable` declarations so that the variables are not in scope or explicitly omit them:
  omit [NeZero n] in theorem ...

Note: This linter can be disabled with `set_option linter.unusedSectionVars false`
warning: SM/ConsecutiveTriples.lean:83:0: automatically included section variable(s) unused in theorem `SM.IntervalComposition.nearTriple_middle_position`:
  [NeZero n]
consider restructuring your `variable` declarations so that the variables are not in scope or explicitly omit them:
  omit [NeZero n] in theorem ...

Note: This linter can be disabled with `set_option linter.unusedSectionVars false`
⚠ [3132/3158] Replayed SM.MarkedRefinement
warning: SM/MarkedRefinement.lean:14:0: automatically included section variable(s) unused in theorem `SM.BoundaryCutSet.cuts_subset_iff_interior_subset`:
  [NeZero n]
consider restructuring your `variable` declarations so that the variables are not in scope or explicitly omit them:
  omit [NeZero n] in theorem ...

Note: This linter can be disabled with `set_option linter.unusedSectionVars false`
⚠ [3134/3158] Replayed SM.NearFarCutExpansion
warning: SM/NearFarCutExpansion.lean:13:0: automatically included section variable(s) unused in theorem `SM.IntervalComposition.nearFarWeight_marked_expansion`:
  [NeZero n]
consider restructuring your `variable` declarations so that the variables are not in scope or explicitly omit them:
  omit [NeZero n] in theorem ...

Note: This linter can be disabled with `set_option linter.unusedSectionVars false`
⚠ [3135/3158] Replayed SM.TreeCoefficient
warning: SM/TreeCoefficient.lean:93:0: automatically included section variable(s) unused in theorem `SM.IntervalComposition.nearSign_eq_of_chi`:
  [NeZero n]
consider restructuring your `variable` declarations so that the variables are not in scope or explicitly omit them:
  omit [NeZero n] in theorem ...

Note: This linter can be disabled with `set_option linter.unusedSectionVars false`
warning: SM/TreeCoefficient.lean:97:0: automatically included section variable(s) unused in theorem `SM.IntervalComposition.farSign_eq_of_chi`:
  [NeZero n]
consider restructuring your `variable` declarations so that the variables are not in scope or explicitly omit them:
  omit [NeZero n] in theorem ...

Note: This linter can be disabled with `set_option linter.unusedSectionVars false`
⚠ [3136/3158] Replayed SM.UnaryComposition
warning: SM/UnaryComposition.lean:12:0: automatically included section variable(s) unused in theorem `SM.IntervalComposition.eq_single_of_parts_eq_one`:
  [NeZero n]
consider restructuring your `variable` declarations so that the variables are not in scope or explicitly omit them:
  omit [NeZero n] in theorem ...

Note: This linter can be disabled with `set_option linter.unusedSectionVars false`
warning: SM/UnaryComposition.lean:31:0: automatically included section variable(s) unused in theorem `SM.IntervalComposition.single_part`:
  [NeZero n]
consider restructuring your `variable` declarations so that the variables are not in scope or explicitly omit them:
  omit [NeZero n] in theorem ...

Note: This linter can be disabled with `set_option linter.unusedSectionVars false`
⚠ [3138/3158] Replayed SM.NearFarTriangular
warning: SM/NearFarTriangular.lean:17:2: Try this: 
  letI̵

The goal is a proposition, so `let` is preferred over `letI`.
The difference between `let` and `letI` is that `letI` inlines the value.
But this is not relevant for proofs because of proof irrelevance.

Note: This linter can be disabled with `set_option linter.style.haveILetI false`
warning: SM/NearFarTriangular.lean:15:0: automatically included section variable(s) unused in theorem `SM.IntervalComposition.nearFarWeight_one`:
  [NeZero n]
consider restructuring your `variable` declarations so that the variables are not in scope or explicitly omit them:
  omit [NeZero n] in theorem ...

Note: This linter can be disabled with `set_option linter.unusedSectionVars false`
⚠ [3139/3158] Replayed SM.GeometricNearFar
warning: SM/GeometricNearFar.lean:78:4: Try this: 
  letI̵

The goal is a proposition, so `let` is preferred over `letI`.
The difference between `let` and `letI` is that `letI` inlines the value.
But this is not relevant for proofs because of proof irrelevance.

Note: This linter can be disabled with `set_option linter.style.haveILetI false`
warning: SM/GeometricNearFar.lean:85:29: `if_false` has been deprecated: Use `ite_false` instead
⚠ [3141/3158] Replayed SM.PairVisits
warning: SM/PairVisits.lean:52:2: Try this: 
  letI̵

The goal is a proposition, so `let` is preferred over `letI`.
The difference between `let` and `letI` is that `letI` inlines the value.
But this is not relevant for proofs because of proof irrelevance.

Note: This linter can be disabled with `set_option linter.style.haveILetI false`
⚠ [3142/3190] Replayed SM.RefinedInterior
warning: SM/RefinedInterior.lean:11:0: automatically included section variable(s) unused in theorem `SM.BoundaryCutSet.mem_interior_iff`:
  [NeZero n]
consider restructuring your `variable` declarations so that the variables are not in scope or explicitly omit them:
  omit [NeZero n] in theorem ...

Note: This linter can be disabled with `set_option linter.unusedSectionVars false`
⚠ [3144/3190] Replayed SM.RefinedWeights
warning: SM/RefinedWeights.lean:52:0: automatically included section variable(s) unused in theorem `SM.IntervalComposition.nearFarWeight_near_only`:
  [NeZero n]
consider restructuring your `variable` declarations so that the variables are not in scope or explicitly omit them:
  omit [NeZero n] in theorem ...

Note: This linter can be disabled with `set_option linter.unusedSectionVars false`
warning: SM/RefinedWeights.lean:56:0: automatically included section variable(s) unused in theorem `SM.IntervalComposition.nearFarWeight_far_only`:
  [NeZero n]
consider restructuring your `variable` declarations so that the variables are not in scope or explicitly omit them:
  omit [NeZero n] in theorem ...

Note: This linter can be disabled with `set_option linter.unusedSectionVars false`
⚠ [3145/3190] Replayed SM.NearFarFactorization
warning: SM/NearFarFactorization.lean:10:0: automatically included section variable(s) unused in theorem `SM.BoundaryCutSet.marked_transport_val`:
  [NeZero n]
consider restructuring your `variable` declarations so that the variables are not in scope or explicitly omit them:
  omit [NeZero n] in theorem ...

Note: This linter can be disabled with `set_option linter.unusedSectionVars false`
⚠ [3146/3190] Replayed SM.FarOnlyOutput
warning: SM/FarOnlyOutput.lean:66:2: Try this: 
  letI̵

The goal is a proposition, so `let` is preferred over `letI`.
The difference between `let` and `letI` is that `letI` inlines the value.
But this is not relevant for proofs because of proof irrelevance.

Note: This linter can be disabled with `set_option linter.style.haveILetI false`
warning: SM/FarOnlyOutput.lean:71:0: automatically included section variable(s) unused in theorem `SM.boundaryUnitArray_leaf`:
  [NeZero n]
  [Invertible 2]
consider restructuring your `variable` declarations so that the variables are not in scope or explicitly omit them:
  omit [NeZero n] [Invertible 2] in theorem ...

Note: This linter can be disabled with `set_option linter.unusedSectionVars false`
⚠ [3147/3190] Replayed SM.IntervalRestriction
warning: SM/IntervalRestriction.lean:21:0: automatically included section variable(s) unused in theorem `SM.BoundaryInterval.globalPosition_strict`:
  [NeZero n]
consider restructuring your `variable` declarations so that the variables are not in scope or explicitly omit them:
  omit [NeZero n] in theorem ...

Note: This linter can be disabled with `set_option linter.unusedSectionVars false`
warning: SM/IntervalRestriction.lean:26:0: automatically included section variable(s) unused in theorem `SM.BoundaryInterval.globalPosition_bounds`:
  [NeZero n]
consider restructuring your `variable` declarations so that the variables are not in scope or explicitly omit them:
  omit [NeZero n] in theorem ...

Note: This linter can be disabled with `set_option linter.unusedSectionVars false`
warning: SM/IntervalRestriction.lean:44:0: automatically included section variable(s) unused in theorem `SM.BoundaryInterval.global_localPosition`:
  [NeZero n]
consider restructuring your `variable` declarations so that the variables are not in scope or explicitly omit them:
  omit [NeZero n] in theorem ...

Note: This linter can be disabled with `set_option linter.unusedSectionVars false`
warning: SM/IntervalRestriction.lean:77:0: automatically included section variable(s) unused in theorem `SM.IntervalComposition.eq_of_parts_cut`:
  [NeZero n]
consider restructuring your `variable` declarations so that the variables are not in scope or explicitly omit them:
  omit [NeZero n] in theorem ...

Note: This linter can be disabled with `set_option linter.unusedSectionVars false`
warning: SM/IntervalRestriction.lean:85:0: automatically included section variable(s) unused in theorem `SM.IntervalComposition.cut_bounds`:
  [NeZero n]
consider restructuring your `variable` declarations so that the variables are not in scope or explicitly omit them:
  omit [NeZero n] in theorem ...

Note: This linter can be disabled with `set_option linter.unusedSectionVars false`
warning: SM/IntervalRestriction.lean:199:0: automatically included section variable(s) unused in theorem `SM.boundaryUnitArray_restrict`:
  [Invertible 2]
consider restructuring your `variable` declarations so that the variables are not in scope or explicitly omit them:
  omit [Invertible 2] in theorem ...

Note: This linter can be disabled with `set_option linter.unusedSectionVars false`
⚠ [3148/3190] Replayed SM.RestrictedWordRoot
warning: SM/RestrictedWordRoot.lean:14:0: automatically included section variable(s) unused in theorem `SM.restrictedWord_boundary`:
  [NeZero n]
consider restructuring your `variable` declarations so that the variables are not in scope or explicitly omit them:
  omit [NeZero n] in theorem ...

Note: This linter can be disabled with `set_option linter.unusedSectionVars false`
warning: SM/RestrictedWordRoot.lean:22:0: automatically included section variable(s) unused in theorem `SM.restrictedWord_first_vertex`:
  [NeZero n]
consider restructuring your `variable` declarations so that the variables are not in scope or explicitly omit them:
  omit [NeZero n] in theorem ...

Note: This linter can be disabled with `set_option linter.unusedSectionVars false`
warning: SM/RestrictedWordRoot.lean:29:0: automatically included section variable(s) unused in theorem `SM.restrictedWord_last_vertex`:
  [NeZero n]
consider restructuring your `variable` declarations so that the variables are not in scope or explicitly omit them:
  omit [NeZero n] in theorem ...

Note: This linter can be disabled with `set_option linter.unusedSectionVars false`
warning: SM/RestrictedWordRoot.lean:63:0: automatically included section variable(s) unused in theorem `SM.geometricBoundaryArray_restrictedWord`:
  [Invertible 2]
consider restructuring your `variable` declarations so that the variables are not in scope or explicitly omit them:
  omit [Invertible 2] in theorem ...

Note: This linter can be disabled with `set_option linter.unusedSectionVars false`
⚠ [3150/3190] Replayed SM.ContactIndices
warning: SM/ContactIndices.lean:14:0: automatically included section variable(s) unused in theorem `SM.contactSeparated_iff`:
  [NeZero n]
consider restructuring your `variable` declarations so that the variables are not in scope or explicitly omit them:
  omit [NeZero n] in theorem ...

Note: This linter can be disabled with `set_option linter.unusedSectionVars false`
⚠ [3152/3190] Replayed SM.NonFlatCenter
warning: SM/NonFlatCenter.lean:14:0: automatically included section variable(s) unused in theorem `SM.nonzero_turns_regular`:
  [NeZero n]
consider restructuring your `variable` declarations so that the variables are not in scope or explicitly omit them:
  omit [NeZero n] in theorem ...

Note: This linter can be disabled with `set_option linter.unusedSectionVars false`
warning: SM/NonFlatCenter.lean:33:2: Try this: 
  letI̵

The goal is a proposition, so `let` is preferred over `letI`.
The difference between `let` and `letI` is that `letI` inlines the value.
But this is not relevant for proofs because of proof irrelevance.

Note: This linter can be disabled with `set_option linter.style.haveILetI false`
warning: SM/NonFlatCenter.lean:48:2: Try `simp at hm` instead of `simpa using hm`

Note: This linter can be disabled with `set_option linter.unnecessarySimpa false`
⚠ [3153/3190] Replayed SM.ContactCenter
warning: SM/ContactCenter.lean:14:2: Try this: 
  letI̵

The goal is a proposition, so `let` is preferred over `letI`.
The difference between `let` and `letI` is that `letI` inlines the value.
But this is not relevant for proofs because of proof irrelevance.

Note: This linter can be disabled with `set_option linter.style.haveILetI false`
⚠ [3154/3190] Replayed SM.PureCutIndices
warning: SM/PureCutIndices.lean:27:0: automatically included section variable(s) unused in theorem `SM.noConsecutive_ne_turnSupport`:
  [NeZero n]
consider restructuring your `variable` declarations so that the variables are not in scope or explicitly omit them:
  omit [NeZero n] in theorem ...

Note: This linter can be disabled with `set_option linter.unusedSectionVars false`
warning: SM/PureCutIndices.lean:35:2: Try this: 
  letI̵

The goal is a proposition, so `let` is preferred over `letI`.
The difference between `let` and `letI` is that `letI` inlines the value.
But this is not relevant for proofs because of proof irrelevance.

Note: This linter can be disabled with `set_option linter.style.haveILetI false`
⚠ [3163/3219] Replayed SM.FixedEndpointGate
warning: SM/FixedEndpointGate.lean:47:20: `dif_pos` has been deprecated: Use `dite_eq_left` instead
warning: SM/FixedEndpointGate.lean:42:0: automatically included section variable(s) unused in theorem `SM.IncreasingBoundaryTriple.fixedFarGate_at_interior`:
  [NeZero n]
consider restructuring your `variable` declarations so that the variables are not in scope or explicitly omit them:
  omit [NeZero n] in theorem ...

Note: This linter can be disabled with `set_option linter.unusedSectionVars false`
warning: SM/FixedEndpointGate.lean:53:29: `dif_pos` has been deprecated: Use `dite_eq_left` instead
warning: SM/FixedEndpointGate.lean:54:29: `dif_neg` has been deprecated: Use `dite_eq_right` instead
warning: SM/FixedEndpointGate.lean:50:0: automatically included section variable(s) unused in theorem `SM.IncreasingBoundaryTriple.fixedFarGate_neg`:
  [NeZero n]
consider restructuring your `variable` declarations so that the variables are not in scope or explicitly omit them:
  omit [NeZero n] in theorem ...

Note: This linter can be disabled with `set_option linter.unusedSectionVars false`
⚠ [3165/3219] Replayed SM.FarOnlyLocality
warning: SM/FarOnlyLocality.lean:10:0: automatically included section variable(s) unused in theorem `SM.restrictTripleArray_eq_of_local`:
  [CommRing R]
  [Invertible 2]
consider restructuring your `variable` declarations so that the variables are not in scope or explicitly omit them:
  omit [CommRing R] [Invertible 2] in theorem ...

Note: This linter can be disabled with `set_option linter.unusedSectionVars false`
⚠ [3169/3219] Replayed SM.NamedWallSides
warning: SM/NamedWallSides.lean:17:0: automatically included section variable(s) unused in theorem `SM.WallGerm.flatRightSide_iff_at`:
  [NeZero n]
consider restructuring your `variable` declarations so that the variables are not in scope or explicitly omit them:
  omit [NeZero n] in theorem ...

Note: This linter can be disabled with `set_option linter.unusedSectionVars false`
warning: SM/NamedWallSides.lean:24:0: automatically included section variable(s) unused in theorem `SM.WallGerm.flatLeftSide_iff_at`:
  [NeZero n]
consider restructuring your `variable` declarations so that the variables are not in scope or explicitly omit them:
  omit [NeZero n] in theorem ...

Note: This linter can be disabled with `set_option linter.unusedSectionVars false`
warning: SM/NamedWallSides.lean:61:0: automatically included section variable(s) unused in theorem `SM.WallGerm.contactSign_eq_at`:
  [NeZero n]
consider restructuring your `variable` declarations so that the variables are not in scope or explicitly omit them:
  omit [NeZero n] in theorem ...

Note: This linter can be disabled with `set_option linter.unusedSectionVars false`
⚠ [3170/3219] Replayed SM.WallRelabelGeometry
warning: SM/WallRelabelGeometry.lean:10:0: automatically included section variable(s) unused in theorem `SM.wall_sub_add_cancel_right`:
  [NeZero n]
consider restructuring your `variable` declarations so that the variables are not in scope or explicitly omit them:
  omit [NeZero n] in theorem ...

Note: This linter can be disabled with `set_option linter.unusedSectionVars false`
warning: SM/WallRelabelGeometry.lean:12:0: automatically included section variable(s) unused in theorem `SM.wall_sub_sub_cancel_right`:
  [NeZero n]
consider restructuring your `variable` declarations so that the variables are not in scope or explicitly omit them:
  omit [NeZero n] in theorem ...

Note: This linter can be disabled with `set_option linter.unusedSectionVars false`
warning: SM/WallRelabelGeometry.lean:14:0: automatically included section variable(s) unused in theorem `SM.wall_translateSupport_injective`:
  [NeZero n]
consider restructuring your `variable` declarations so that the variables are not in scope or explicitly omit them:
  omit [NeZero n] in theorem ...

Note: This linter can be disabled with `set_option linter.unusedSectionVars false`
warning: SM/WallRelabelGeometry.lean:24:0: automatically included section variable(s) unused in theorem `SM.translateSupport_turn`:
  [NeZero n]
consider restructuring your `variable` declarations so that the variables are not in scope or explicitly omit them:
  omit [NeZero n] in theorem ...

Note: This linter can be disabled with `set_option linter.unusedSectionVars false`
warning: SM/WallRelabelGeometry.lean:28:0: automatically included section variable(s) unused in theorem `SM.translateSupport_contact`:
  [NeZero n]
consider restructuring your `variable` declarations so that the variables are not in scope or explicitly omit them:
  omit [NeZero n] in theorem ...

Note: This linter can be disabled with `set_option linter.unusedSectionVars false`
warning: SM/WallRelabelGeometry.lean:32:0: automatically included section variable(s) unused in theorem `SM.translateSupport_three`:
  [NeZero n]
consider restructuring your `variable` declarations so that the variables are not in scope or explicitly omit them:
  omit [NeZero n] in theorem ...

Note: This linter can be disabled with `set_option linter.unusedSectionVars false`
warning: SM/WallRelabelGeometry.lean:36:0: automatically included section variable(s) unused in theorem `SM.contactSeparated_sub`:
  [NeZero n]
consider restructuring your `variable` declarations so that the variables are not in scope or explicitly omit them:
  omit [NeZero n] in theorem ...

Note: This linter can be disabled with `set_option linter.unusedSectionVars false`
warning: SM/WallRelabelGeometry.lean:41:0: automatically included section variable(s) unused in theorem `SM.noConsecutive_translate`:
  [NeZero n]
consider restructuring your `variable` declarations so that the variables are not in scope or explicitly omit them:
  omit [NeZero n] in theorem ...

Note: This linter can be disabled with `set_option linter.unusedSectionVars false`
warning: SM/WallRelabelGeometry.lean:53:0: automatically included section variable(s) unused in theorem `SM.edgeParameter_shift`:
  [NeZero n]
consider restructuring your `variable` declarations so that the variables are not in scope or explicitly omit them:
  omit [NeZero n] in theorem ...

Note: This linter can be disabled with `set_option linter.unusedSectionVars false`
⚠ [3171/3219] Replayed SM.NamedWallRelabel
warning: SM/NamedWallRelabel.lean:32:63: This simp argument is unused:
  wall_sub_sub_cancel_right

Hint: Omit it from the simp argument list.
  [apply] simp only [shift, sub_add_cancel, wall_sub_add_cancel_right]

Note: This linter can be disabled with `set_option linter.unusedSimpArgs false`
warning: SM/NamedWallRelabel.lean:41:63: This simp argument is unused:
  wall_sub_sub_cancel_right

Hint: Omit it from the simp argument list.
  [apply] simp only [shift, sub_add_cancel, wall_sub_add_cancel_right]

Note: This linter can be disabled with `set_option linter.unusedSimpArgs false`
warning: SM/NamedWallRelabel.lean:69:0: automatically included section variable(s) unused in theorem `SM.WallGerm.flatRightSide_relabel`:
  [NeZero n]
consider restructuring your `variable` declarations so that the variables are not in scope or explicitly omit them:
  omit [NeZero n] in theorem ...

Note: This linter can be disabled with `set_option linter.unusedSectionVars false`
warning: SM/NamedWallRelabel.lean:74:0: automatically included section variable(s) unused in theorem `SM.WallGerm.flatLeftSide_relabel`:
  [NeZero n]
consider restructuring your `variable` declarations so that the variables are not in scope or explicitly omit them:
  omit [NeZero n] in theorem ...

Note: This linter can be disabled with `set_option linter.unusedSectionVars false`
⚠ [3172/3219] Replayed SM.UnorderedWallTriples
warning: SM/UnorderedWallTriples.lean:35:0: automatically included section variable(s) unused in theorem `SM.WallGerm.signChanges_neg`:
  [NeZero n]
consider restructuring your `variable` declarations so that the variables are not in scope or explicitly omit them:
  omit [NeZero n] in theorem ...

Note: This linter can be disabled with `set_option linter.unusedSectionVars false`
warning: SM/UnorderedWallTriples.lean:48:82: This simp argument is unused:
  or_left_comm

Hint: Omit it from the simp argument list.
  [apply] simp [or_comm]

Note: This linter can be disabled with `set_option linter.unusedSimpArgs false`
warning: SM/UnorderedWallTriples.lean:60:82: This simp argument is unused:
  or_left_comm

Hint: Omit it from the simp argument list.
  [apply] simp [or_comm]

Note: This linter can be disabled with `set_option linter.unusedSimpArgs false`
⚠ [3173/3219] Replayed SM.BoundaryTripleSupports
warning: SM/BoundaryTripleSupports.lean:24:0: automatically included section variable(s) unused in theorem `SM.IncreasingBoundaryTriple.positionSet_bounds`:
  [NeZero n]
consider restructuring your `variable` declarations so that the variables are not in scope or explicitly omit them:
  omit [NeZero n] in theorem ...

Note: This linter can be disabled with `set_option linter.unusedSectionVars false`
warning: SM/BoundaryTripleSupports.lean:62:0: automatically included section variable(s) unused in theorem `SM.IncreasingBoundaryTriple.vertexSet_reversed`:
  [NeZero n]
consider restructuring your `variable` declarations so that the variables are not in scope or explicitly omit them:
  omit [NeZero n] in theorem ...

Note: This linter can be disabled with `set_option linter.unusedSectionVars false`
warning: SM/BoundaryTripleSupports.lean:65:41: This simp argument is unused:
  or_left_comm

Hint: Omit it from the simp argument list.
  [apply] simp [vertexSet, positionSet, or_comm, or_assoc]

Note: This linter can be disabled with `set_option linter.unusedSimpArgs false`
⚠ [3174/3219] Replayed SM.CanonicalTripleSigns
warning: SM/CanonicalTripleSigns.lean:20:0: automatically included section variable(s) unused in theorem `SM.canonical_label`:
  [NeZero n]
consider restructuring your `variable` declarations so that the variables are not in scope or explicitly omit them:
  omit [NeZero n] in theorem ...

Note: This linter can be disabled with `set_option linter.unusedSectionVars false`
warning: SM/CanonicalTripleSigns.lean:24:0: automatically included section variable(s) unused in theorem `SM.canonical_label_range`:
  [NeZero n]
consider restructuring your `variable` declarations so that the variables are not in scope or explicitly omit them:
  omit [NeZero n] in theorem ...

Note: This linter can be disabled with `set_option linter.unusedSectionVars false`
warning: SM/CanonicalTripleSigns.lean:66:0: automatically included section variable(s) unused in theorem `SM.sortTriplePositions_sign`:
  [NeZero n]
consider restructuring your `variable` declarations so that the variables are not in scope or explicitly omit them:
  omit [NeZero n] in theorem ...

Note: This linter can be disabled with `set_option linter.unusedSectionVars false`
warning: SM/CanonicalTripleSigns.lean:73:0: automatically included section variable(s) unused in theorem `SM.sortTriplePositions_positionSet`:
  [NeZero n]
consider restructuring your `variable` declarations so that the variables are not in scope or explicitly omit them:
  omit [NeZero n] in theorem ...

Note: This linter can be disabled with `set_option linter.unusedSectionVars false`
warning: SM/CanonicalTripleSigns.lean:78:71: This simp argument is unused:
  or_assoc

Hint: Omit it from the simp argument list.
  [apply] simp [IncreasingBoundaryTriple.positionSet, or_comm, or_left_comm]

Note: This linter can be disabled with `set_option linter.unusedSimpArgs false`
warning: SM/CanonicalTripleSigns.lean:87:0: automatically included section variable(s) unused in theorem `SM.sortTriplePositions_evaluation`:
  [NeZero n]
consider restructuring your `variable` declarations so that the variables are not in scope or explicitly omit them:
  omit [NeZero n] in theorem ...

Note: This linter can be disabled with `set_option linter.unusedSectionVars false`
⚠ [3175/3219] Replayed SM.SoftInsertionIndices
warning: SM/SoftInsertionIndices.lean:56:8: `if_pos` has been deprecated: Use `ite_eq_left` instead
warning: SM/SoftInsertionIndices.lean:60:8: `if_neg` has been deprecated: Use `ite_eq_right` instead
⚠ [3176/3248] Replayed SM.SoftInsertionSuccessors
warning: SM/SoftInsertionSuccessors.lean:45:14: `if_pos` has been deprecated: Use `ite_eq_left` instead
warning: SM/SoftInsertionSuccessors.lean:45:28: `if_pos` has been deprecated: Use `ite_eq_left` instead
warning: SM/SoftInsertionSuccessors.lean:49:14: `if_neg` has been deprecated: Use `ite_eq_right` instead
warning: SM/SoftInsertionSuccessors.lean:49:28: `if_neg` has been deprecated: Use `ite_eq_right` instead
warning: SM/SoftInsertionSuccessors.lean:63:35: `if_pos` has been deprecated: Use `ite_eq_left` instead
warning: SM/SoftInsertionSuccessors.lean:66:35: `if_neg` has been deprecated: Use `ite_eq_right` instead
warning: SM/SoftInsertionSuccessors.lean:82:8: `if_neg` has been deprecated: Use `ite_eq_right` instead
warning: SM/SoftInsertionSuccessors.lean:95:35: `if_pos` has been deprecated: Use `ite_eq_left` instead
⚠ [3177/3248] Replayed SM.SoftInsertionTuple
warning: SM/SoftInsertionTuple.lean:69:0: automatically included section variable(s) unused in theorem `SM.SoftAdmissible.vector_ne_zero`:
  [NeZero n]
consider restructuring your `variable` declarations so that the variables are not in scope or explicitly omit them:
  omit [NeZero n] in theorem ...

Note: This linter can be disabled with `set_option linter.unusedSectionVars false`
⚠ [3178/3248] Replayed SM.SoftParentEdges
warning: SM/SoftParentEdges.lean:95:36: This simp argument is unused:
  false_and

Hint: Omit it from the simp argument list.
  [apply] simp only [softOldIndex_ne_new, ne_eq, not_true_eq_false, and_false]

Note: This linter can be disabled with `set_option linter.unusedSimpArgs false`
⚠ [3183/3248] Replayed SM.SoftFamilyLocalCrossing
warning: SM/SoftFamilyLocalCrossing.lean:47:2: Try this: 
  haveI̵

The goal is a proposition, so `have` is preferred over `haveI`.
The difference between `have` and `haveI` is that `haveI` inlines the value.
But this is not relevant for proofs because of proof irrelevance.

Note: This linter can be disabled with `set_option linter.style.haveILetI false`
warning: SM/SoftFamilyLocalCrossing.lean:81:2: Try this: 
  haveI̵

The goal is a proposition, so `have` is preferred over `haveI`.
The difference between `have` and `haveI` is that `haveI` inlines the value.
But this is not relevant for proofs because of proof irrelevance.

Note: This linter can be disabled with `set_option linter.style.haveILetI false`
warning: SM/SoftFamilyLocalCrossing.lean:116:2: Try this: 
  haveI̵

The goal is a proposition, so `have` is preferred over `haveI`.
The difference between `have` and `haveI` is that `haveI` inlines the value.
But this is not relevant for proofs because of proof irrelevance.

Note: This linter can be disabled with `set_option linter.style.haveILetI false`
⚠ [3186/3248] Replayed SM.GeometricVisits
warning: SM/GeometricVisits.lean:76:2: Try this: 
  letI̵

The goal is a proposition, so `let` is preferred over `letI`.
The difference between `let` and `letI` is that `letI` inlines the value.
But this is not relevant for proofs because of proof irrelevance.

Note: This linter can be disabled with `set_option linter.style.haveILetI false`
warning: SM/GeometricVisits.lean:82:2: Try this: 
  letI̵

The goal is a proposition, so `let` is preferred over `letI`.
The difference between `let` and `letI` is that `letI` inlines the value.
But this is not relevant for proofs because of proof irrelevance.

Note: This linter can be disabled with `set_option linter.style.haveILetI false`
warning: SM/GeometricVisits.lean:88:2: Try this: 
  letI̵

The goal is a proposition, so `let` is preferred over `letI`.
The difference between `let` and `letI` is that `letI` inlines the value.
But this is not relevant for proofs because of proof irrelevance.

Note: This linter can be disabled with `set_option linter.style.haveILetI false`
⚠ [3191/3248] Replayed SM.GeometricTransport
warning: SM/GeometricTransport.lean:14:0: automatically included section variable(s) unused in theorem `SM.geometric_visitParameterOrder`:
  [NeZero n]
consider restructuring your `variable` declarations so that the variables are not in scope or explicitly omit them:
  omit [NeZero n] in theorem ...

Note: This linter can be disabled with `set_option linter.unusedSectionVars false`
⚠ [3193/3248] Replayed SM.GeometricCrossingStability
warning: SM/GeometricCrossingStability.lean:13:0: automatically included section variable(s) unused in theorem `SM.remote_pair_persists_of_geometry`:
  [NeZero n]
consider restructuring your `variable` declarations so that the variables are not in scope or explicitly omit them:
  omit [NeZero n] in theorem ...

Note: This linter can be disabled with `set_option linter.unusedSectionVars false`
⚠ [3195/3248] Replayed SM.SortedCut
warning: SM/SortedCut.lean:40:28: `if_pos` has been deprecated: Use `ite_eq_left` instead
warning: SM/SortedCut.lean:40:40: `if_pos` has been deprecated: Use `ite_eq_left` instead
warning: SM/SortedCut.lean:48:28: `if_neg` has been deprecated: Use `ite_eq_right` instead
warning: SM/SortedCut.lean:48:40: `if_neg` has been deprecated: Use `ite_eq_right` instead
warning: SM/SortedCut.lean:61:28: `if_neg` has been deprecated: Use `ite_eq_right` instead
warning: SM/SortedCut.lean:61:40: `if_pos` has been deprecated: Use `ite_eq_left` instead
⚠ [3197/3248] Replayed SM.TreeChamber
warning: SM/TreeChamber.lean:24:0: automatically included section variable(s) unused in theorem `SM.labelled_chamber_chi_constant`:
  [NeZero n]
consider restructuring your `variable` declarations so that the variables are not in scope or explicitly omit them:
  omit [NeZero n] in theorem ...

Note: This linter can be disabled with `set_option linter.unusedSectionVars false`
⚠ [3198/3278] Replayed SM.SoftEdgeAvoidance
warning: SM/SoftEdgeAvoidance.lean:53:2: Try this: 
  haveI̵

The goal is a proposition, so `have` is preferred over `haveI`.
The difference between `have` and `haveI` is that `haveI` inlines the value.
But this is not relevant for proofs because of proof irrelevance.

Note: This linter can be disabled with `set_option linter.style.haveILetI false`
warning: SM/SoftEdgeAvoidance.lean:103:2: Try this: 
  haveI̵

The goal is a proposition, so `have` is preferred over `haveI`.
The difference between `have` and `haveI` is that `haveI` inlines the value.
But this is not relevant for proofs because of proof irrelevance.

Note: This linter can be disabled with `set_option linter.style.haveILetI false`
warning: SM/SoftEdgeAvoidance.lean:104:2: Try this: 
  haveI̵

The goal is a proposition, so `have` is preferred over `haveI`.
The difference between `have` and `haveI` is that `haveI` inlines the value.
But this is not relevant for proofs because of proof irrelevance.

Note: This linter can be disabled with `set_option linter.style.haveILetI false`
⚠ [3199/3278] Replayed SM.SoftCrossingClassification
warning: SM/SoftCrossingClassification.lean:48:37: Variable name `hn` is not explicitly referenced.

Hint: The binding can be removed (if unused) or named `_` (if used implicitly). Alternatively, prefix the name with `_` to silence this warning:
  [apply] _hn

Note: This linter can be disabled with `set_option linter.unusedVariables false`
warning: SM/SoftCrossingClassification.lean:85:2: Try this: 
  haveI̵

The goal is a proposition, so `have` is preferred over `haveI`.
The difference between `have` and `haveI` is that `haveI` inlines the value.
But this is not relevant for proofs because of proof irrelevance.

Note: This linter can be disabled with `set_option linter.style.haveILetI false`
warning: SM/SoftCrossingClassification.lean:146:2: Try this: 
  haveI̵

The goal is a proposition, so `have` is preferred over `haveI`.
The difference between `have` and `haveI` is that `haveI` inlines the value.
But this is not relevant for proofs because of proof irrelevance.

Note: This linter can be disabled with `set_option linter.style.haveILetI false`
⚠ [3200/3278] Replayed SM.SoftFamilyG2
warning: SM/SoftFamilyG2.lean:52:2: Try this: 
  haveI̵

The goal is a proposition, so `have` is preferred over `haveI`.
The difference between `have` and `haveI` is that `haveI` inlines the value.
But this is not relevant for proofs because of proof irrelevance.

Note: This linter can be disabled with `set_option linter.style.haveILetI false`
warning: SM/SoftFamilyG2.lean:75:2: Try this: 
  haveI̵

The goal is a proposition, so `have` is preferred over `haveI`.
The difference between `have` and `haveI` is that `haveI` inlines the value.
But this is not relevant for proofs because of proof irrelevance.

Note: This linter can be disabled with `set_option linter.style.haveILetI false`
warning: SM/SoftFamilyG2.lean:97:26: `Set.mem_setOf_eq` has been deprecated: Use `Set.mem_ofPred_eq` instead
warning: SM/SoftFamilyG2.lean:137:2: Try this: 
  haveI̵

The goal is a proposition, so `have` is preferred over `haveI`.
The difference between `have` and `haveI` is that `haveI` inlines the value.
But this is not relevant for proofs because of proof irrelevance.

Note: This linter can be disabled with `set_option linter.style.haveILetI false`
warning: SM/SoftFamilyG2.lean:138:2: Try this: 
  haveI̵

The goal is a proposition, so `have` is preferred over `haveI`.
The difference between `have` and `haveI` is that `haveI` inlines the value.
But this is not relevant for proofs because of proof irrelevance.

Note: This linter can be disabled with `set_option linter.style.haveILetI false`
warning: SM/SoftFamilyG2.lean:223:2: Try this: 
  letI̵

The goal is a proposition, so `let` is preferred over `letI`.
The difference between `let` and `letI` is that `letI` inlines the value.
But this is not relevant for proofs because of proof irrelevance.

Note: This linter can be disabled with `set_option linter.style.haveILetI false`
⚠ [3202/3278] Replayed SM.SoftParentOrder
warning: SM/SoftParentOrder.lean:56:2: Try this: 
  haveI̵

The goal is a proposition, so `have` is preferred over `haveI`.
The difference between `have` and `haveI` is that `haveI` inlines the value.
But this is not relevant for proofs because of proof irrelevance.

Note: This linter can be disabled with `set_option linter.style.haveILetI false`
warning: SM/SoftParentOrder.lean:83:10: `if_pos` has been deprecated: Use `ite_eq_left` instead
warning: SM/SoftParentOrder.lean:100:12: `if_neg` has been deprecated: Use `ite_eq_right` instead
⚠ [3205/3278] Replayed SM.CycleFiltering
warning: SM/CycleFiltering.lean:107:30: Variable name `l` is not explicitly referenced.

Hint: The binding can be removed (if unused) or named `_` (if used implicitly). Alternatively, prefix the name with `_` to silence this warning:
  [apply] _l

Note: This linter can be disabled with `set_option linter.unusedVariables false`
⚠ [3206/3278] Replayed SM.InsertionIndices
warning: SM/InsertionIndices.lean:32:0: automatically included section variable(s) unused in theorem `SM.insertIndex_zero`:
  [NeZero n]
consider restructuring your `variable` declarations so that the variables are not in scope or explicitly omit them:
  omit [NeZero n] in theorem ...

Note: This linter can be disabled with `set_option linter.unusedSectionVars false`
warning: SM/InsertionIndices.lean:34:0: automatically included section variable(s) unused in theorem `SM.insertedIndex_add_one`:
  [NeZero n]
consider restructuring your `variable` declarations so that the variables are not in scope or explicitly omit them:
  omit [NeZero n] in theorem ...

Note: This linter can be disabled with `set_option linter.unusedSectionVars false`
⚠ [3208/3278] Replayed SM.InsertedTuple
warning: SM/InsertedTuple.lean:16:44: `if_pos` has been deprecated: Use `ite_eq_left` instead
warning: SM/InsertedTuple.lean:20:65: `if_false` has been deprecated: Use `ite_false` instead
warning: SM/InsertedTuple.lean:18:0: automatically included section variable(s) unused in theorem `SM.appendVertex_new`:
  [NeZero n]
consider restructuring your `variable` declarations so that the variables are not in scope or explicitly omit them:
  omit [NeZero n] in theorem ...

Note: This linter can be disabled with `set_option linter.unusedSectionVars false`
warning: SM/InsertedTuple.lean:52:8: `if_neg` has been deprecated: Use `ite_eq_right` instead
warning: SM/InsertedTuple.lean:66:59: `if_neg` has been deprecated: Use `ite_eq_right` instead
⚠ [3209/3278] Replayed SM.DeletedTuple
warning: SM/DeletedTuple.lean:16:0: automatically included section variable(s) unused in theorem `SM.deleteVertex_apply`:
  [NeZero n]
consider restructuring your `variable` declarations so that the variables are not in scope or explicitly omit them:
  omit [NeZero n] in theorem ...

Note: This linter can be disabled with `set_option linter.unusedSectionVars false`
warning: SM/DeletedTuple.lean:46:0: automatically included section variable(s) unused in theorem `SM.continuous_deleteVertex`:
  [NeZero n]
consider restructuring your `variable` declarations so that the variables are not in scope or explicitly omit them:
  omit [NeZero n] in theorem ...

Note: This linter can be disabled with `set_option linter.unusedSectionVars false`
⚠ [3213/3278] Replayed SM.FlatContacts
warning: SM/FlatContacts.lean:16:2: Try this: 
  letI̵

The goal is a proposition, so `let` is preferred over `letI`.
The difference between `let` and `letI` is that `letI` inlines the value.
But this is not relevant for proofs because of proof irrelevance.

Note: This linter can be disabled with `set_option linter.style.haveILetI false`
⚠ [3214/3278] Replayed SM.FlatCenter
warning: SM/FlatCenter.lean:11:0: automatically included section variable(s) unused in theorem `SM.flat_fusion`:
  [NeZero n]
consider restructuring your `variable` declarations so that the variables are not in scope or explicitly omit them:
  omit [NeZero n] in theorem ...

Note: This linter can be disabled with `set_option linter.unusedSectionVars false`
⚠ [3215/3278] Replayed SM.FlatAdjacent
warning: SM/FlatAdjacent.lean:88:2: Try `simp at hm` instead of `simpa using hm`

Note: This linter can be disabled with `set_option linter.unnecessarySimpa false`
⚠ [3217/3278] Replayed SM.FusionIndices
warning: SM/FusionIndices.lean:13:0: automatically included section variable(s) unused in theorem `SM.fusionIndex_deleted`:
  [NeZero n]
consider restructuring your `variable` declarations so that the variables are not in scope or explicitly omit them:
  omit [NeZero n] in theorem ...

Note: This linter can be disabled with `set_option linter.unusedSectionVars false`
warning: SM/FusionIndices.lean:18:19: `if_neg` has been deprecated: Use `ite_eq_right` instead
⚠ [3219/3278] Replayed SM.CriticalContractionBounds
warning: SM/CriticalContractionBounds.lean:21:0: automatically included section variable(s) unused in theorem `SM.IncreasingBoundaryTriple.expandPosition_initial`:
  [NeZero n]
consider restructuring your `variable` declarations so that the variables are not in scope or explicitly omit them:
  omit [NeZero n] in theorem ...

Note: This linter can be disabled with `set_option linter.unusedSectionVars false`
warning: SM/CriticalContractionBounds.lean:33:6: `if_neg` has been deprecated: Use `ite_eq_right` instead
warning: SM/CriticalContractionBounds.lean:28:0: automatically included section variable(s) unused in theorem `SM.IncreasingBoundaryTriple.expandPosition_final`:
  [NeZero n]
consider restructuring your `variable` declarations so that the variables are not in scope or explicitly omit them:
  omit [NeZero n] in theorem ...

Note: This linter can be disabled with `set_option linter.unusedSectionVars false`
⚠ [3220/3278] Replayed SM.ContractedGeometricWord
warning: SM/ContractedGeometricWord.lean:24:0: automatically included section variable(s) unused in theorem `SM.IncreasingBoundaryTriple.contractedSize_neZero`:
  [NeZero n]
consider restructuring your `variable` declarations so that the variables are not in scope or explicitly omit them:
  omit [NeZero n] in theorem ...

Note: This linter can be disabled with `set_option linter.unusedSectionVars false`
warning: SM/ContractedGeometricWord.lean:39:2: Try this: 
  letI̵

The goal is a proposition, so `let` is preferred over `letI`.
The difference between `let` and `letI` is that `letI` inlines the value.
But this is not relevant for proofs because of proof irrelevance.

Note: This linter can be disabled with `set_option linter.style.haveILetI false`
warning: SM/ContractedGeometricWord.lean:53:2: Try this: 
  letI̵

The goal is a proposition, so `let` is preferred over `letI`.
The difference between `let` and `letI` is that `letI` inlines the value.
But this is not relevant for proofs because of proof irrelevance.

Note: This linter can be disabled with `set_option linter.style.haveILetI false`
warning: SM/ContractedGeometricWord.lean:61:2: Try this: 
  letI̵

The goal is a proposition, so `let` is preferred over `letI`.
The difference between `let` and `letI` is that `letI` inlines the value.
But this is not relevant for proofs because of proof irrelevance.

Note: This linter can be disabled with `set_option linter.style.haveILetI false`
warning: SM/ContractedGeometricWord.lean:71:2: Try this: 
  letI̵

The goal is a proposition, so `let` is preferred over `letI`.
The difference between `let` and `letI` is that `letI` inlines the value.
But this is not relevant for proofs because of proof irrelevance.

Note: This linter can be disabled with `set_option linter.style.haveILetI false`
warning: SM/ContractedGeometricWord.lean:90:2: Try this: 
  letI̵

The goal is a proposition, so `let` is preferred over `letI`.
The difference between `let` and `letI` is that `letI` inlines the value.
But this is not relevant for proofs because of proof irrelevance.

Note: This linter can be disabled with `set_option linter.style.haveILetI false`
⚠ [3221/3278] Replayed SM.ContractedIntervals
warning: SM/ContractedIntervals.lean:45:0: automatically included section variable(s) unused in theorem `SM.IncreasingBoundaryTriple.contractedLeaf_leaves`:
  [NeZero n]
consider restructuring your `variable` declarations so that the variables are not in scope or explicitly omit them:
  omit [NeZero n] in theorem ...

Note: This linter can be disabled with `set_option linter.unusedSectionVars false`
warning: SM/ContractedIntervals.lean:56:0: automatically included section variable(s) unused in theorem `SM.IncreasingBoundaryTriple.expandInterval_contains`:
  [NeZero n]
consider restructuring your `variable` declarations so that the variables are not in scope or explicitly omit them:
  omit [NeZero n] in theorem ...

Note: This linter can be disabled with `set_option linter.unusedSectionVars false`
⚠ [3222/3278] Replayed SM.ContractedCompositions
warning: SM/ContractedCompositions.lean:42:0: automatically included section variable(s) unused in theorem `SM.IntervalComposition.expandComposition_survives`:
  [NeZero n]
consider restructuring your `variable` declarations so that the variables are not in scope or explicitly omit them:
  omit [NeZero n] in theorem ...

Note: This linter can be disabled with `set_option linter.unusedSectionVars false`
warning: SM/ContractedCompositions.lean:97:0: automatically included section variable(s) unused in theorem `SM.IntervalComposition.expandComposition_part`:
  [NeZero n]
consider restructuring your `variable` declarations so that the variables are not in scope or explicitly omit them:
  omit [NeZero n] in theorem ...

Note: This linter can be disabled with `set_option linter.unusedSectionVars false`
warning: SM/ContractedCompositions.lean:101:0: automatically included section variable(s) unused in theorem `SM.IntervalComposition.expandComposition_nearTriple`:
  [NeZero n]
consider restructuring your `variable` declarations so that the variables are not in scope or explicitly omit them:
  omit [NeZero n] in theorem ...

Note: This linter can be disabled with `set_option linter.unusedSectionVars false`
warning: SM/ContractedCompositions.lean:105:0: automatically included section variable(s) unused in theorem `SM.IntervalComposition.expandComposition_farTriple`:
  [NeZero n]
consider restructuring your `variable` declarations so that the variables are not in scope or explicitly omit them:
  omit [NeZero n] in theorem ...

Note: This linter can be disabled with `set_option linter.unusedSectionVars false`
warning: SM/ContractedCompositions.lean:112:0: automatically included section variable(s) unused in theorem `SM.IntervalComposition.survivingCuts_of_containing_child`:
  [NeZero n]
consider restructuring your `variable` declarations so that the variables are not in scope or explicitly omit them:
  omit [NeZero n] in theorem ...

Note: This linter can be disabled with `set_option linter.unusedSectionVars false`
⚠ [3225/3302] Replayed SM.CarrierSplitList
warning: SM/CarrierSplitList.lean:90:0: automatically included section variable(s) unused in theorem `SM.Carrier.splitList_child_data`:
  [DecidableEq α]
consider restructuring your `variable` declarations so that the variables are not in scope or explicitly omit them:
  omit [DecidableEq α] in theorem ...

Note: This linter can be disabled with `set_option linter.unusedSectionVars false`
⚠ [3230/3302] Replayed SM.OffLeafContraction
warning: SM/OffLeafContraction.lean:30:0: automatically included section variable(s) unused in theorem `SM.IncreasingBoundaryTriple.contractedInterval_side`:
  [NeZero n]
consider restructuring your `variable` declarations so that the variables are not in scope or explicitly omit them:
  omit [NeZero n] in theorem ...

Note: This linter can be disabled with `set_option linter.unusedSectionVars false`
warning: SM/OffLeafContraction.lean:51:8: `if_pos` has been deprecated: Use `ite_eq_left` instead
warning: SM/OffLeafContraction.lean:51:19: `if_pos` has been deprecated: Use `ite_eq_left` instead
warning: SM/OffLeafContraction.lean:53:8: `if_neg` has been deprecated: Use `ite_eq_right` instead
warning: SM/OffLeafContraction.lean:53:27: `if_neg` has been deprecated: Use `ite_eq_right` instead
warning: SM/OffLeafContraction.lean:57:0: automatically included section variable(s) unused in theorem `SM.IncreasingBoundaryTriple.subinterval_off_leaf`:
  [NeZero n]
consider restructuring your `variable` declarations so that the variables are not in scope or explicitly omit them:
  omit [NeZero n] in theorem ...

Note: This linter can be disabled with `set_option linter.unusedSectionVars false`
warning: SM/OffLeafContraction.lean:104:0: automatically included section variable(s) unused in theorem `SM.IntervalComposition.expandComposition_weight`:
  [NeZero n]
consider restructuring your `variable` declarations so that the variables are not in scope or explicitly omit them:
  omit [NeZero n] in theorem ...

Note: This linter can be disabled with `set_option linter.unusedSectionVars false`
warning: SM/OffLeafContraction.lean:120:0: automatically included section variable(s) unused in theorem `SM.boundaryUnitArray_expanded_off_leaf`:
  [Invertible 2]
consider restructuring your `variable` declarations so that the variables are not in scope or explicitly omit them:
  omit [Invertible 2] in theorem ...

Note: This linter can be disabled with `set_option linter.unusedSectionVars false`
⚠ [3231/3302] Replayed SM.UniqueChangingChild
warning: SM/UniqueChangingChild.lean:48:0: automatically included section variable(s) unused in theorem `SM.IntervalComposition.child_product_unchanged`:
  [NeZero n]
consider restructuring your `variable` declarations so that the variables are not in scope or explicitly omit them:
  omit [NeZero n] in theorem ...

Note: This linter can be disabled with `set_option linter.unusedSectionVars false`
⚠ [3238/3325] Replayed SM.CarrierTrueCorners
warning: SM/CarrierTrueCorners.lean:49:0: automatically included section variable(s) unused in theorem `SM.Carrier.isTrueCorner_vertex`:
  [NeZero n]
consider restructuring your `variable` declarations so that the variables are not in scope or explicitly omit them:
  omit [NeZero n] in theorem ...

Note: This linter can be disabled with `set_option linter.unusedSectionVars false`
warning: SM/CarrierTrueCorners.lean:53:0: automatically included section variable(s) unused in theorem `SM.Carrier.isTrueCorner_visit`:
  [NeZero n]
consider restructuring your `variable` declarations so that the variables are not in scope or explicitly omit them:
  omit [NeZero n] in theorem ...

Note: This linter can be disabled with `set_option linter.unusedSectionVars false`
⚠ [3244/3325] Replayed SM.CarrierMarkedArcLists
warning: SM/CarrierMarkedArcLists.lean:58:2: Try this: 
  letI̵

The goal is a proposition, so `let` is preferred over `letI`.
The difference between `let` and `letI` is that `letI` inlines the value.
But this is not relevant for proofs because of proof irrelevance.

Note: This linter can be disabled with `set_option linter.style.haveILetI false`
warning: SM/CarrierMarkedArcLists.lean:69:2: Try this: 
  letI̵

The goal is a proposition, so `let` is preferred over `letI`.
The difference between `let` and `letI` is that `letI` inlines the value.
But this is not relevant for proofs because of proof irrelevance.

Note: This linter can be disabled with `set_option linter.style.haveILetI false`
⚠ [3248/3325] Replayed SM.BoundaryGateSigns
warning: SM/BoundaryGateSigns.lean:34:0: automatically included section variable(s) unused in theorem `SM.geometricBoundaryArray_pointFarSign`:
  [NeZero n]
consider restructuring your `variable` declarations so that the variables are not in scope or explicitly omit them:
  omit [NeZero n] in theorem ...

Note: This linter can be disabled with `set_option linter.unusedSectionVars false`
warning: SM/BoundaryGateSigns.lean:42:0: automatically included section variable(s) unused in theorem `SM.boundary_collinear_left_sign`:
  [NeZero n]
consider restructuring your `variable` declarations so that the variables are not in scope or explicitly omit them:
  omit [NeZero n] in theorem ...

Note: This linter can be disabled with `set_option linter.unusedSectionVars false`
warning: SM/BoundaryGateSigns.lean:60:0: automatically included section variable(s) unused in theorem `SM.boundary_collinear_right_sign`:
  [NeZero n]
consider restructuring your `variable` declarations so that the variables are not in scope or explicitly omit them:
  omit [NeZero n] in theorem ...

Note: This linter can be disabled with `set_option linter.unusedSectionVars false`
⚠ [3250/3325] Replayed SM.BoundaryArrayStability
warning: SM/BoundaryArrayStability.lean:39:0: automatically included section variable(s) unused in theorem `SM.geometric_array_persists_off_critical`:
  [Invertible 2]
consider restructuring your `variable` declarations so that the variables are not in scope or explicitly omit them:
  omit [Invertible 2] in theorem ...

Note: This linter can be disabled with `set_option linter.unusedSectionVars false`
⚠ [3252/3325] Replayed SM.WallGapValues
warning: SM/WallGapValues.lean:53:18: `if_pos` has been deprecated: Use `ite_eq_left` instead
warning: SM/WallGapValues.lean:60:18: `if_neg` has been deprecated: Use `ite_eq_right` instead
warning: SM/WallGapValues.lean:74:18: `if_pos` has been deprecated: Use `ite_eq_left` instead
warning: SM/WallGapValues.lean:79:18: `if_neg` has been deprecated: Use `ite_eq_right` instead
⚠ [3253/3325] Replayed SM.BoundaryGapGates
warning: SM/BoundaryGapGates.lean:68:45: `dif_pos` has been deprecated: Use `dite_eq_left` instead
warning: SM/BoundaryGapGates.lean:100:45: `dif_pos` has been deprecated: Use `dite_eq_left` instead
⚠ [3255/3325] Replayed SM.ContactHalfSizes
warning: SM/ContactHalfSizes.lean:59:0: automatically included section variable(s) unused in theorem `SM.contactDistance_relabel`:
  [NeZero n]
consider restructuring your `variable` declarations so that the variables are not in scope or explicitly omit them:
  omit [NeZero n] in theorem ...

Note: This linter can be disabled with `set_option linter.unusedSectionVars false`
⚠ [3256/3325] Replayed SM.CyclicRangeIndices
warning: SM/CyclicRangeIndices.lean:13:0: automatically included section variable(s) unused in theorem `SM.cyclicRangeIndex_injective`:
  [NeZero n]
consider restructuring your `variable` declarations so that the variables are not in scope or explicitly omit them:
  omit [NeZero n] in theorem ...

Note: This linter can be disabled with `set_option linter.unusedSectionVars false`
warning: SM/CyclicRangeIndices.lean:22:0: automatically included section variable(s) unused in theorem `SM.cyclicRangeIndex_zero`:
  [NeZero n]
  [NeZero k]
consider restructuring your `variable` declarations so that the variables are not in scope or explicitly omit them:
  omit [NeZero n] [NeZero k] in theorem ...

Note: This linter can be disabled with `set_option linter.unusedSectionVars false`
warning: SM/CyclicRangeIndices.lean:38:0: automatically included section variable(s) unused in theorem `SM.cyclicRangeIndex_next`:
  [NeZero n]
consider restructuring your `variable` declarations so that the variables are not in scope or explicitly omit them:
  omit [NeZero n] in theorem ...

Note: This linter can be disabled with `set_option linter.unusedSectionVars false`
warning: SM/CyclicRangeIndices.lean:43:0: automatically included section variable(s) unused in theorem `SM.cyclicRangeIndex_last`:
  [NeZero n]
consider restructuring your `variable` declarations so that the variables are not in scope or explicitly omit them:
  omit [NeZero n] in theorem ...

Note: This linter can be disabled with `set_option linter.unusedSectionVars false`
warning: SM/CyclicRangeIndices.lean:50:0: automatically included section variable(s) unused in theorem `SM.cyclicRangeIndex_offset`:
  [NeZero n]
consider restructuring your `variable` declarations so that the variables are not in scope or explicitly omit them:
  omit [NeZero n] in theorem ...

Note: This linter can be disabled with `set_option linter.unusedSectionVars false`
⚠ [3257/3325] Replayed SM.ContactHalfIndices
warning: SM/ContactHalfIndices.lean:32:0: automatically included section variable(s) unused in theorem `SM.secondHalfSize_le`:
  [NeZero n]
consider restructuring your `variable` declarations so that the variables are not in scope or explicitly omit them:
  omit [NeZero n] in theorem ...

Note: This linter can be disabled with `set_option linter.unusedSectionVars false`
warning: SM/ContactHalfIndices.lean:53:0: automatically included section variable(s) unused in theorem `SM.secondHalfIndex_zero`:
  [NeZero n]
consider restructuring your `variable` declarations so that the variables are not in scope or explicitly omit them:
  omit [NeZero n] in theorem ...

Note: This linter can be disabled with `set_option linter.unusedSectionVars false`
warning: SM/ContactHalfIndices.lean:56:0: automatically included section variable(s) unused in theorem `SM.secondHalfIndex_nonzero`:
  [NeZero n]
consider restructuring your `variable` declarations so that the variables are not in scope or explicitly omit them:
  omit [NeZero n] in theorem ...

Note: This linter can be disabled with `set_option linter.unusedSectionVars false`
warning: SM/ContactHalfIndices.lean:92:2: Try this: 
  haveI̵

The goal is a proposition, so `have` is preferred over `haveI`.
The difference between `have` and `haveI` is that `haveI` inlines the value.
But this is not relevant for proofs because of proof irrelevance.

Note: This linter can be disabled with `set_option linter.style.haveILetI false`
warning: SM/ContactHalfIndices.lean:99:2: Try this: 
  haveI̵

The goal is a proposition, so `have` is preferred over `haveI`.
The difference between `have` and `haveI` is that `haveI` inlines the value.
But this is not relevant for proofs because of proof irrelevance.

Note: This linter can be disabled with `set_option linter.style.haveILetI false`
⚠ [3264/3349] Replayed SM.CarrierMarkedSegments
warning: SM/CarrierMarkedSegments.lean:58:2: Try this: 
  haveI̵

The goal is a proposition, so `have` is preferred over `haveI`.
The difference between `have` and `haveI` is that `haveI` inlines the value.
But this is not relevant for proofs because of proof irrelevance.

Note: This linter can be disabled with `set_option linter.style.haveILetI false`
warning: SM/CarrierMarkedSegments.lean:76:2: Try this: 
  haveI̵

The goal is a proposition, so `have` is preferred over `haveI`.
The difference between `have` and `haveI` is that `haveI` inlines the value.
But this is not relevant for proofs because of proof irrelevance.

Note: This linter can be disabled with `set_option linter.style.haveILetI false`
⚠ [3265/3349] Replayed SM.CarrierAffineSegments
warning: SM/CarrierAffineSegments.lean:56:0: automatically included section variable(s) unused in theorem `SM.Carrier.edgePoint_sub_edgePoint`:
  [NeZero n]
consider restructuring your `variable` declarations so that the variables are not in scope or explicitly omit them:
  omit [NeZero n] in theorem ...

Note: This linter can be disabled with `set_option linter.unusedSectionVars false`
warning: SM/CarrierAffineSegments.lean:62:0: automatically included section variable(s) unused in theorem `SM.Carrier.edgePoint_affine`:
  [NeZero n]
consider restructuring your `variable` declarations so that the variables are not in scope or explicitly omit them:
  omit [NeZero n] in theorem ...

Note: This linter can be disabled with `set_option linter.unusedSectionVars false`
⚠ [3270/3349] Replayed SM.ContractedGeometricArray
warning: SM/ContractedGeometricArray.lean:42:0: automatically included section variable(s) unused in theorem `SM.IncreasingBoundaryTriple.expandTriple_ne_critical`:
  [NeZero n]
consider restructuring your `variable` declarations so that the variables are not in scope or explicitly omit them:
  omit [NeZero n] in theorem ...

Note: This linter can be disabled with `set_option linter.unusedSectionVars false`
warning: SM/ContractedGeometricArray.lean:56:0: automatically included section variable(s) unused in theorem `SM.contractedTripleArray_eq_off_critical`:
  [CommRing R]
  [Invertible 2]
consider restructuring your `variable` declarations so that the variables are not in scope or explicitly omit them:
  omit [CommRing R] [Invertible 2] in theorem ...

Note: This linter can be disabled with `set_option linter.unusedSectionVars false`
warning: SM/ContractedGeometricArray.lean:62:0: automatically included section variable(s) unused in theorem `SM.contractedTripleArray_neg`:
  [NeZero n]
  [Invertible 2]
consider restructuring your `variable` declarations so that the variables are not in scope or explicitly omit them:
  omit [NeZero n] [Invertible 2] in theorem ...

Note: This linter can be disabled with `set_option linter.unusedSectionVars false`
warning: SM/ContractedGeometricArray.lean:68:0: automatically included section variable(s) unused in theorem `SM.geometricBoundaryArray_contractedWord`:
  [Invertible 2]
consider restructuring your `variable` declarations so that the variables are not in scope or explicitly omit them:
  omit [Invertible 2] in theorem ...

Note: This linter can be disabled with `set_option linter.unusedSectionVars false`
⚠ [3275/3349] Replayed SM.SignedCriticalJump
warning: SM/SignedCriticalJump.lean:109:0: automatically included section variable(s) unused in theorem `SM.WallGerm.boundary_half_jump_signed`:
  [NeZero n]
consider restructuring your `variable` declarations so that the variables are not in scope or explicitly omit them:
  omit [NeZero n] in theorem ...

Note: This linter can be disabled with `set_option linter.unusedSectionVars false`
⚠ [3276/3349] Replayed SM.SingleTripleTreeResponse
warning: SM/SingleTripleTreeResponse.lean:89:8: `dif_pos` has been deprecated: Use `dite_eq_left` instead
warning: SM/SingleTripleTreeResponse.lean:100:8: `dif_neg` has been deprecated: Use `dite_eq_right` instead
warning: SM/SingleTripleTreeResponse.lean:53:5: Variable name `hZc` is not explicitly referenced.

Hint: The binding can be removed (if unused) or named `_` (if used implicitly). Alternatively, prefix the name with `_` to silence this warning:
  [apply] _hZc

Note: This linter can be disabled with `set_option linter.unusedVariables false`
warning: SM/SingleTripleTreeResponse.lean:56:31: Variable name `hω` is not explicitly referenced.

Hint: The binding can be removed (if unused) or named `_` (if used implicitly). Alternatively, prefix the name with `_` to silence this warning:
  [apply] _hω

Note: This linter can be disabled with `set_option linter.unusedVariables false`
⚠ [3277/3349] Replayed SM.ContactRootPartition
warning: SM/ContactRootPartition.lean:22:8: `if_pos` has been deprecated: Use `ite_eq_left` instead
warning: SM/ContactRootPartition.lean:28:8: `if_neg` has been deprecated: Use `ite_eq_right` instead
warning: SM/ContactRootPartition.lean:81:10: `if_pos` has been deprecated: Use `ite_eq_left` instead
warning: SM/ContactRootPartition.lean:84:10: `if_neg` has been deprecated: Use `ite_eq_right` instead
warning: SM/ContactRootPartition.lean:89:45: `if_neg` has been deprecated: Use `ite_eq_right` instead
⚠ [3278/3349] Replayed SM.ContactHalfRoots
warning: SM/ContactHalfRoots.lean:22:0: automatically included section variable(s) unused in theorem `SM.contactHalfRoots_base`:
  [NeZero n]
consider restructuring your `variable` declarations so that the variables are not in scope or explicitly omit them:
  omit [NeZero n] in theorem ...

Note: This linter can be disabled with `set_option linter.unusedSectionVars false`
warning: SM/ContactHalfRoots.lean:33:24: `if_neg` has been deprecated: Use `ite_eq_right` instead
warning: SM/ContactHalfRoots.lean:33:36: `if_pos` has been deprecated: Use `ite_eq_left` instead
warning: SM/ContactHalfRoots.lean:44:24: `if_neg` has been deprecated: Use `ite_eq_right` instead
warning: SM/ContactHalfRoots.lean:44:36: `if_neg` has been deprecated: Use `ite_eq_right` instead
warning: SM/ContactHalfRoots.lean:84:35: `if_pos` has been deprecated: Use `ite_eq_left` instead
warning: SM/ContactHalfRoots.lean:84:46: `if_neg` has been deprecated: Use `ite_eq_right` instead
warning: SM/ContactHalfRoots.lean:90:35: `if_neg` has been deprecated: Use `ite_eq_right` instead
warning: SM/ContactHalfRoots.lean:90:46: `if_pos` has been deprecated: Use `ite_eq_left` instead
warning: SM/ContactHalfRoots.lean:77:15: This simp argument is unused:
  Prod.fst

Hint: Omit it from the simp argument list.
  [apply] simp only [Prod.snd, contactDistance, Nat.lt_irrefl, ite_false, neg_add_cancel, zero_add, firstHalf_last,
    firstHalf_zero, secondHalf_zero, secondHalf_one hn hc, and_self]

Note: This linter can be disabled with `set_option linter.unusedSimpArgs false`
warning: SM/ContactHalfRoots.lean:77:25: This simp argument is unused:
  Prod.snd

Hint: Omit it from the simp argument list.
  [apply] simp only [Prod.fst, contactDistance, Nat.lt_irrefl, ite_false, neg_add_cancel, zero_add, firstHalf_last,
    firstHalf_zero, secondHalf_zero, secondHalf_one hn hc, and_self]

Note: This linter can be disabled with `set_option linter.unusedSimpArgs false`
warning: SM/ContactHalfRoots.lean:84:15: This simp argument is unused:
  Prod.fst

Hint: Omit it from the simp argument list.
  [apply] simp only [Prod.snd, if_pos hf, if_neg hs, zero_add, secondHalf_zero, secondHalf_one hn hc, firstHalf,
    firstHalfIndex_next M a hi, and_self]

Note: This linter can be disabled with `set_option linter.unusedSimpArgs false`
warning: SM/ContactHalfRoots.lean:84:25: This simp argument is unused:
  Prod.snd

Hint: Omit it from the simp argument list.
  [apply] simp only [Prod.fst, if_pos hf, if_neg hs, zero_add, secondHalf_zero, secondHalf_one hn hc, firstHalf,
    firstHalfIndex_next M a hi, and_self]

Note: This linter can be disabled with `set_option linter.unusedSimpArgs false`
warning: SM/ContactHalfRoots.lean:90:15: This simp argument is unused:
  Prod.fst

Hint: Omit it from the simp argument list.
  [apply] simp only [Prod.snd, if_neg hf, if_pos hs, neg_add_cancel, firstHalf_last, firstHalf_zero, secondHalf,
    secondHalfIndex_nonzero M a hi, secondHalfIndex_next M a hi, and_self]

Note: This linter can be disabled with `set_option linter.unusedSimpArgs false`
warning: SM/ContactHalfRoots.lean:90:25: This simp argument is unused:
  Prod.snd

Hint: Omit it from the simp argument list.
  [apply] simp only [Prod.fst, if_neg hf, if_pos hs, neg_add_cancel, firstHalf_last, firstHalf_zero, secondHalf,
    secondHalfIndex_nonzero M a hi, secondHalfIndex_next M a hi, and_self]

Note: This linter can be disabled with `set_option linter.unusedSimpArgs false`
⚠ [3279/3349] Replayed SM.ContactHalfInteriors
warning: SM/ContactHalfInteriors.lean:71:0: automatically included section variable(s) unused in theorem `SM.g2_of_injective_edge_interior_map`:
  [NeZero n]
consider restructuring your `variable` declarations so that the variables are not in scope or explicitly omit them:
  omit [NeZero n] in theorem ...

Note: This linter can be disabled with `set_option linter.unusedSectionVars false`
⚠ [3280/3349] Replayed SM.ChildRelabel
warning: SM/ChildRelabel.lean:11:0: automatically included section variable(s) unused in theorem `SM.deleteVertex_relabel`:
  [NeZero n]
consider restructuring your `variable` declarations so that the variables are not in scope or explicitly omit them:
  omit [NeZero n] in theorem ...

Note: This linter can be disabled with `set_option linter.unusedSectionVars false`
warning: SM/ChildRelabel.lean:18:0: automatically included section variable(s) unused in theorem `SM.firstHalf_relabel`:
  [NeZero n]
consider restructuring your `variable` declarations so that the variables are not in scope or explicitly omit them:
  omit [NeZero n] in theorem ...

Note: This linter can be disabled with `set_option linter.unusedSectionVars false`
warning: SM/ChildRelabel.lean:30:0: automatically included section variable(s) unused in theorem `SM.secondHalf_relabel`:
  [NeZero n]
consider restructuring your `variable` declarations so that the variables are not in scope or explicitly omit them:
  omit [NeZero n] in theorem ...

Note: This linter can be disabled with `set_option linter.unusedSectionVars false`
warning: SM/ChildRelabel.lean:41:31: This simp argument is unused:
  shift

Hint: Omit it from the simp argument list.
  [apply] simp only [hi, ↓reduceIte, sub_add_cancel]

Note: This linter can be disabled with `set_option linter.unusedSimpArgs false`
warning: SM/ChildRelabel.lean:42:31: This simp argument is unused:
  shift

Hint: Omit it from the simp argument list.
  [apply] simp only [hi, ↓reduceIte]

Note: This linter can be disabled with `set_option linter.unusedSimpArgs false`
⚠ [3282/3349] Replayed SM.DeletionHalvesDefinition
warning: SM/DeletionHalvesDefinition.lean:100:30: Variable name `hk` is not explicitly referenced.

Hint: The binding can be removed (if unused) or named `_` (if used implicitly). Alternatively, prefix the name with `_` to silence this warning:
  [apply] _hk

Note: This linter can be disabled with `set_option linter.unusedVariables false`
warning: SM/DeletionHalvesDefinition.lean:102:30: Variable name `hk` is not explicitly referenced.

Hint: The binding can be removed (if unused) or named `_` (if used implicitly). Alternatively, prefix the name with `_` to silence this warning:
  [apply] _hk

Note: This linter can be disabled with `set_option linter.unusedVariables false`
⚠ [3284/3349] Replayed SM.CuspCrossing
warning: SM/CuspCrossing.lean:18:2: Try this: 
  haveI̵

The goal is a proposition, so `have` is preferred over `haveI`.
The difference between `have` and `haveI` is that `haveI` inlines the value.
But this is not relevant for proofs because of proof irrelevance.

Note: This linter can be disabled with `set_option linter.style.haveILetI false`
warning: SM/CuspCrossing.lean:77:2: Try this: 
  haveI̵

The goal is a proposition, so `have` is preferred over `haveI`.
The difference between `have` and `haveI` is that `haveI` inlines the value.
But this is not relevant for proofs because of proof irrelevance.

Note: This linter can be disabled with `set_option linter.style.haveILetI false`
⚠ [3285/3349] Replayed SM.CuspNeedle
warning: SM/CuspNeedle.lean:75:2: Try this: 
  haveI̵

The goal is a proposition, so `have` is preferred over `haveI`.
The difference between `have` and `haveI` is that `haveI` inlines the value.
But this is not relevant for proofs because of proof irrelevance.

Note: This linter can be disabled with `set_option linter.style.haveILetI false`
⚠ [3286/3349] Replayed SM.CuspUnusedPair
warning: SM/CuspUnusedPair.lean:13:0: automatically included section variable(s) unused in theorem `SM.edgeLine_parameter_of_det_zero`:
  [NeZero n]
consider restructuring your `variable` declarations so that the variables are not in scope or explicitly omit them:
  omit [NeZero n] in theorem ...

Note: This linter can be disabled with `set_option linter.unusedSectionVars false`
warning: SM/CuspUnusedPair.lean:22:0: automatically included section variable(s) unused in theorem `SM.segments_disjoint_of_exterior_line_contact`:
  [NeZero n]
consider restructuring your `variable` declarations so that the variables are not in scope or explicitly omit them:
  omit [NeZero n] in theorem ...

Note: This linter can be disabled with `set_option linter.unusedSectionVars false`
warning: SM/CuspUnusedPair.lean:35:2: Try this: 
  haveI̵

The goal is a proposition, so `have` is preferred over `haveI`.
The difference between `have` and `haveI` is that `haveI` inlines the value.
But this is not relevant for proofs because of proof irrelevance.

Note: This linter can be disabled with `set_option linter.style.haveILetI false`
⚠ [3287/3349] Replayed SM.CuspOtherCrossings
warning: SM/CuspOtherCrossings.lean:45:2: Try this: 
  haveI̵

The goal is a proposition, so `have` is preferred over `haveI`.
The difference between `have` and `haveI` is that `haveI` inlines the value.
But this is not relevant for proofs because of proof irrelevance.

Note: This linter can be disabled with `set_option linter.style.haveILetI false`
⚠ [3289/3349] Replayed SM.CuspSideCrossings
warning: SM/CuspSideCrossings.lean:31:2: Try this: 
  haveI̵

The goal is a proposition, so `have` is preferred over `haveI`.
The difference between `have` and `haveI` is that `haveI` inlines the value.
But this is not relevant for proofs because of proof irrelevance.

Note: This linter can be disabled with `set_option linter.style.haveILetI false`
⚠ [3292/3349] Replayed SM.CuspTurnLimits
warning: SM/CuspTurnLimits.lean:32:2: Try this: 
  haveI̵

The goal is a proposition, so `have` is preferred over `haveI`.
The difference between `have` and `haveI` is that `haveI` inlines the value.
But this is not relevant for proofs because of proof irrelevance.

Note: This linter can be disabled with `set_option linter.style.haveILetI false`
⚠ [3301/3373] Replayed SM.CarriersLemma
warning: SM/CarriersLemma.lean:134:35: Variable name `x` is not explicitly referenced.

Hint: The binding can be removed (if unused) or named `_` (if used implicitly). Alternatively, prefix the name with `_` to silence this warning:
  [apply] _x

Note: This linter can be disabled with `set_option linter.unusedVariables false`
warning: SM/CarriersLemma.lean:135:37: Variable name `x` is not explicitly referenced.

Hint: The binding can be removed (if unused) or named `_` (if used implicitly). Alternatively, prefix the name with `_` to silence this warning:
  [apply] _x

Note: This linter can be disabled with `set_option linter.unusedVariables false`
⚠ [3304/3373] Replayed SM.PositiveLiftDefinition
warning: SM/PositiveLiftDefinition.lean:114:10: Variable name `Γ` is not explicitly referenced.

Hint: The binding can be removed (if unused) or named `_` (if used implicitly). Alternatively, prefix the name with `_` to silence this warning:
  [apply] _Γ

Note: This linter can be disabled with `set_option linter.unusedVariables false`
⚠ [3306/3373] Replayed SM.IntegerCriticalGaps
warning: SM/IntegerCriticalGaps.lean:47:0: automatically included section variable(s) unused in theorem `SM.IncreasingBoundaryTriple.leftInterval_excludes_span`:
  [NeZero n]
consider restructuring your `variable` declarations so that the variables are not in scope or explicitly omit them:
  omit [NeZero n] in theorem ...

Note: This linter can be disabled with `set_option linter.unusedSectionVars false`
warning: SM/IntegerCriticalGaps.lean:52:0: automatically included section variable(s) unused in theorem `SM.IncreasingBoundaryTriple.rightInterval_excludes_span`:
  [NeZero n]
consider restructuring your `variable` declarations so that the variables are not in scope or explicitly omit them:
  omit [NeZero n] in theorem ...

Note: This linter can be disabled with `set_option linter.unusedSectionVars false`
warning: SM/IntegerCriticalGaps.lean:86:46: `dif_pos` has been deprecated: Use `dite_eq_left` instead
warning: SM/IntegerCriticalGaps.lean:97:0: automatically included section variable(s) unused in theorem `SM.boundaryUnitArray_intCast`:
  [NeZero n]
  [Invertible 2]
consider restructuring your `variable` declarations so that the variables are not in scope or explicitly omit them:
  omit [NeZero n] [Invertible 2] in theorem ...

Note: This linter can be disabled with `set_option linter.unusedSectionVars false`
warning: SM/IntegerCriticalGaps.lean:109:39: `dif_pos` has been deprecated: Use `dite_eq_left` instead
warning: SM/IntegerCriticalGaps.lean:111:39: `dif_neg` has been deprecated: Use `dite_eq_right` instead
warning: SM/IntegerCriticalGaps.lean:121:46: `if_pos` has been deprecated: Use `ite_eq_left` instead
warning: SM/IntegerCriticalGaps.lean:123:46: `if_neg` has been deprecated: Use `ite_eq_right` instead
warning: SM/IntegerCriticalGaps.lean:131:46: `if_pos` has been deprecated: Use `ite_eq_left` instead
warning: SM/IntegerCriticalGaps.lean:133:46: `if_neg` has been deprecated: Use `ite_eq_right` instead
⚠ [3307/3373] Replayed SM.IntegerSingleTripleResponse
warning: SM/IntegerSingleTripleResponse.lean:49:0: automatically included section variable(s) unused in theorem `SM.geometricBoundaryArray_intCast`:
  [NeZero n]
consider restructuring your `variable` declarations so that the variables are not in scope or explicitly omit them:
  omit [NeZero n] in theorem ...

Note: This linter can be disabled with `set_option linter.unusedSectionVars false`
warning: SM/IntegerSingleTripleResponse.lean:115:10: `dif_pos` has been deprecated: Use `dite_eq_left` instead
warning: SM/IntegerSingleTripleResponse.lean:115:10: `dif_pos` has been deprecated: Use `dite_eq_left` instead
warning: SM/IntegerSingleTripleResponse.lean:117:10: `dif_neg` has been deprecated: Use `dite_eq_right` instead
warning: SM/IntegerSingleTripleResponse.lean:117:10: `dif_neg` has been deprecated: Use `dite_eq_right` instead
⚠ [3308/3373] Replayed SM.UnorderedCriticalTriple
warning: SM/UnorderedCriticalTriple.lean:60:0: automatically included section variable(s) unused in theorem `SM.IncreasingBoundaryTriple.exists_positionSet`:
  [NeZero n]
consider restructuring your `variable` declarations so that the variables are not in scope or explicitly omit them:
  omit [NeZero n] in theorem ...

Note: This linter can be disabled with `set_option linter.unusedSectionVars false`
warning: SM/UnorderedCriticalTriple.lean:68:36: This simp argument is unused:
  or_left_comm

Hint: Omit it from the simp argument list.
  [apply] simp [positionSet, or_comm, or_assoc]

Note: This linter can be disabled with `set_option linter.unusedSimpArgs false`
warning: SM/UnorderedCriticalTriple.lean:68:50: This simp argument is unused:
  or_assoc

Hint: Omit it from the simp argument list.
  [apply] simp [positionSet, or_comm, or_left_comm]

Note: This linter can be disabled with `set_option linter.unusedSimpArgs false`
warning: SM/UnorderedCriticalTriple.lean:71:50: This simp argument is unused:
  or_assoc

Hint: Omit it from the simp argument list.
  [apply] simp [positionSet, or_comm, or_left_comm]

Note: This linter can be disabled with `set_option linter.unusedSimpArgs false`
warning: SM/UnorderedCriticalTriple.lean:75:25: This simp argument is unused:
  or_comm

Hint: Omit it from the simp argument list.
  [apply] simp [positionSet, or_left_comm, or_assoc]

Note: This linter can be disabled with `set_option linter.unusedSimpArgs false`
warning: SM/UnorderedCriticalTriple.lean:75:48: This simp argument is unused:
  or_assoc

Hint: Omit it from the simp argument list.
  [apply] simp [positionSet, or_comm, or_left_comm]

Note: This linter can be disabled with `set_option linter.unusedSimpArgs false`
warning: SM/UnorderedCriticalTriple.lean:79:50: This simp argument is unused:
  or_assoc

Hint: Omit it from the simp argument list.
  [apply] simp [positionSet, or_comm, or_left_comm]

Note: This linter can be disabled with `set_option linter.unusedSimpArgs false`
warning: SM/UnorderedCriticalTriple.lean:82:50: This simp argument is unused:
  or_assoc

Hint: Omit it from the simp argument list.
  [apply] simp [positionSet, or_comm, or_left_comm]

Note: This linter can be disabled with `set_option linter.unusedSimpArgs false`
warning: SM/UnorderedCriticalTriple.lean:137:0: automatically included section variable(s) unused in theorem `SM.WallGerm.chi_signChanges_cyclic`:
  [NeZero n]
consider restructuring your `variable` declarations so that the variables are not in scope or explicitly omit them:
  omit [NeZero n] in theorem ...

Note: This linter can be disabled with `set_option linter.unusedSectionVars false`
⚠ [3310/3373] Replayed SM.FlatBoundaryPositions
warning: SM/FlatBoundaryPositions.lean:55:0: automatically included section variable(s) unused in theorem `SM.boundaryIndex_first`:
  [NeZero n]
consider restructuring your `variable` declarations so that the variables are not in scope or explicitly omit them:
  omit [NeZero n] in theorem ...

Note: This linter can be disabled with `set_option linter.unusedSectionVars false`
warning: SM/FlatBoundaryPositions.lean:58:0: automatically included section variable(s) unused in theorem `SM.boundaryIndex_last`:
  [NeZero n]
consider restructuring your `variable` declarations so that the variables are not in scope or explicitly omit them:
  omit [NeZero n] in theorem ...

Note: This linter can be disabled with `set_option linter.unusedSectionVars false`
warning: SM/FlatBoundaryPositions.lean:93:0: automatically included section variable(s) unused in theorem `SM.consecutiveBoundaryTriple_labels`:
  [NeZero n]
consider restructuring your `variable` declarations so that the variables are not in scope or explicitly omit them:
  omit [NeZero n] in theorem ...

Note: This linter can be disabled with `set_option linter.unusedSectionVars false`
warning: SM/FlatBoundaryPositions.lean:107:0: automatically included section variable(s) unused in theorem `SM.consecutiveBoundaryTriple_gaps`:
  [NeZero n]
consider restructuring your `variable` declarations so that the variables are not in scope or explicitly omit them:
  omit [NeZero n] in theorem ...

Note: This linter can be disabled with `set_option linter.unusedSectionVars false`
warning: SM/FlatBoundaryPositions.lean:114:0: automatically included section variable(s) unused in theorem `SM.consecutiveBoundaryTriple_proper`:
  [NeZero n]
consider restructuring your `variable` declarations so that the variables are not in scope or explicitly omit them:
  omit [NeZero n] in theorem ...

Note: This linter can be disabled with `set_option linter.unusedSectionVars false`
warning: SM/FlatBoundaryPositions.lean:177:0: automatically included section variable(s) unused in theorem `SM.incomingFlatTriple_intervals`:
  [NeZero n]
consider restructuring your `variable` declarations so that the variables are not in scope or explicitly omit them:
  omit [NeZero n] in theorem ...

Note: This linter can be disabled with `set_option linter.unusedSectionVars false`
warning: SM/FlatBoundaryPositions.lean:185:0: automatically included section variable(s) unused in theorem `SM.outgoingFlatTriple_intervals`:
  [NeZero n]
consider restructuring your `variable` declarations so that the variables are not in scope or explicitly omit them:
  omit [NeZero n] in theorem ...

Note: This linter can be disabled with `set_option linter.unusedSectionVars false`
warning: SM/FlatBoundaryPositions.lean:199:17: This simp argument is unused:
  or_left_comm

Hint: Omit it from the simp argument list.
  [apply] simp [or_comm, or_assoc]

Note: This linter can be disabled with `set_option linter.unusedSimpArgs false`
⚠ [3311/3373] Replayed SM.FlatAffineSigns
warning: SM/FlatAffineSigns.lean:109:0: automatically included section variable(s) unused in theorem `SM.turn_far_cyclic_signs`:
  [NeZero n]
consider restructuring your `variable` declarations so that the variables are not in scope or explicitly omit them:
  omit [NeZero n] in theorem ...

Note: This linter can be disabled with `set_option linter.unusedSectionVars false`
⚠ [3312/3373] Replayed SM.IncidentFlatGapTuples
warning: SM/IncidentFlatGapTuples.lean:117:37: `dif_neg` has been deprecated: Use `dite_eq_right` instead
warning: SM/IncidentFlatGapTuples.lean:141:37: `dif_neg` has been deprecated: Use `dite_eq_right` instead
⚠ [3314/3373] Replayed SM.SoftDuplicationIndices
warning: SM/SoftDuplicationIndices.lean:68:8: `if_pos` has been deprecated: Use `ite_eq_left` instead
warning: SM/SoftDuplicationIndices.lean:73:8: `if_neg` has been deprecated: Use `ite_eq_right` instead
warning: SM/SoftDuplicationIndices.lean:90:8: `if_pos` has been deprecated: Use `ite_eq_left` instead
warning: SM/SoftDuplicationIndices.lean:94:8: `if_neg` has been deprecated: Use `ite_eq_right` instead
⚠ [3315/3373] Replayed SM.SoftDuplicationCutFibers
warning: SM/SoftDuplicationCutFibers.lean:47:0: automatically included section variable(s) unused in theorem `SM.SoftDuplication.exists_position_in_interval`:
  [NeZero n]
consider restructuring your `variable` declarations so that the variables are not in scope or explicitly omit them:
  omit [NeZero n] in theorem ...

Note: This linter can be disabled with `set_option linter.unusedSectionVars false`
warning: SM/SoftDuplicationCutFibers.lean:137:0: automatically included section variable(s) unused in theorem `SM.SoftDuplication.mem_expandCuts`:
  [NeZero n]
consider restructuring your `variable` declarations so that the variables are not in scope or explicitly omit them:
  omit [NeZero n] in theorem ...

Note: This linter can be disabled with `set_option linter.unusedSectionVars false`
warning: SM/SoftDuplicationCutFibers.lean:234:0: automatically included section variable(s) unused in theorem `SM.SoftDuplication.cutFiber_subset_pair`:
  [NeZero n]
consider restructuring your `variable` declarations so that the variables are not in scope or explicitly omit them:
  omit [NeZero n] in theorem ...

Note: This linter can be disabled with `set_option linter.unusedSectionVars false`
warning: SM/SoftDuplicationCutFibers.lean:242:0: automatically included section variable(s) unused in theorem `SM.SoftDuplication.cutFiber_empty_iff`:
  [NeZero n]
consider restructuring your `variable` declarations so that the variables are not in scope or explicitly omit them:
  omit [NeZero n] in theorem ...

Note: This linter can be disabled with `set_option linter.unusedSectionVars false`
⚠ [3316/3373] Replayed SM.SoftDuplicationPresentations
warning: SM/SoftDuplicationPresentations.lean:46:0: automatically included section variable(s) unused in theorem `SM.SoftDuplication.cutSubsetPair_cases`:
  [NeZero n]
consider restructuring your `variable` declarations so that the variables are not in scope or explicitly omit them:
  omit [NeZero n] in theorem ...

Note: This linter can be disabled with `set_option linter.unusedSectionVars false`
warning: SM/SoftDuplicationPresentations.lean:83:0: automatically included section variable(s) unused in theorem `SM.SoftDuplication.cutFiberCondition_empty`:
  [NeZero n]
consider restructuring your `variable` declarations so that the variables are not in scope or explicitly omit them:
  omit [NeZero n] in theorem ...

Note: This linter can be disabled with `set_option linter.unusedSectionVars false`
warning: SM/SoftDuplicationPresentations.lean:93:48: This simp argument is unused:
  iff_false

Hint: Omit it from the simp argument list.
  [apply] simp only [Finset.not_nonempty_empty, hs, not_false_eq_true]

Note: This linter can be disabled with `set_option linter.unusedSimpArgs false`
warning: SM/SoftDuplicationPresentations.lean:93:59: This simp argument is unused:
  not_false_eq_true

Hint: Omit it from the simp argument list.
  [apply] simp only [Finset.not_nonempty_empty, hs, iff_false]

Note: This linter can be disabled with `set_option linter.unusedSimpArgs false`
warning: SM/SoftDuplicationPresentations.lean:158:27: Try `simp at ha` instead of `simpa using ha`

Note: This linter can be disabled with `set_option linter.unnecessarySimpa false`
warning: SM/SoftDuplicationPresentations.lean:197:27: Try `simp at hb` instead of `simpa using hb`

Note: This linter can be disabled with `set_option linter.unnecessarySimpa false`
⚠ [3317/3373] Replayed SM.OrderedBoundaryTransport
warning: SM/OrderedBoundaryTransport.lean:151:2: Try this: 
  letI̵

The goal is a proposition, so `let` is preferred over `letI`.
The difference between `let` and `letI` is that `letI` inlines the value.
But this is not relevant for proofs because of proof irrelevance.

Note: This linter can be disabled with `set_option linter.style.haveILetI false`
warning: SM/OrderedBoundaryTransport.lean:160:2: Try this: 
  letI̵

The goal is a proposition, so `let` is preferred over `letI`.
The difference between `let` and `letI` is that `letI` inlines the value.
But this is not relevant for proofs because of proof irrelevance.

Note: This linter can be disabled with `set_option linter.style.haveILetI false`
warning: SM/OrderedBoundaryTransport.lean:169:2: Try this: 
  letI̵

The goal is a proposition, so `let` is preferred over `letI`.
The difference between `let` and `letI` is that `letI` inlines the value.
But this is not relevant for proofs because of proof irrelevance.

Note: This linter can be disabled with `set_option linter.style.haveILetI false`
warning: SM/OrderedBoundaryTransport.lean:182:2: Try this: 
  letI̵

The goal is a proposition, so `let` is preferred over `letI`.
The difference between `let` and `letI` is that `letI` inlines the value.
But this is not relevant for proofs because of proof irrelevance.

Note: This linter can be disabled with `set_option linter.style.haveILetI false`
warning: SM/OrderedBoundaryTransport.lean:183:2: Try this: 
  letI̵

The goal is a proposition, so `let` is preferred over `letI`.
The difference between `let` and `letI` is that `letI` inlines the value.
But this is not relevant for proofs because of proof irrelevance.

Note: This linter can be disabled with `set_option linter.style.haveILetI false`
warning: SM/OrderedBoundaryTransport.lean:220:0: automatically included section variable(s) unused in theorem `SM.OrderedBoundaryTransport.childProduct_transport`:
  [Invertible 2]
consider restructuring your `variable` declarations so that the variables are not in scope or explicitly omit them:
  omit [Invertible 2] in theorem ...

Note: This linter can be disabled with `set_option linter.unusedSectionVars false`
⚠ [3318/3373] Replayed SM.SoftDuplicationStartingChildren
warning: SM/SoftDuplicationStartingChildren.lean:48:0: automatically included section variable(s) unused in theorem `SM.SoftDuplication.cut_mem_ordered_image`:
  [NeZero n]
consider restructuring your `variable` declarations so that the variables are not in scope or explicitly omit them:
  omit [NeZero n] in theorem ...

Note: This linter can be disabled with `set_option linter.unusedSectionVars false`
warning: SM/SoftDuplicationStartingChildren.lean:126:8: automatically included section variable(s) unused in theorem `SM.SoftDuplication.startingTail_self`:
  [NeZero n]
consider restructuring your `variable` declarations so that the variables are not in scope or explicitly omit them:
  omit [NeZero n] in theorem ...

Note: This linter can be disabled with `set_option linter.unusedSectionVars false`
warning: SM/SoftDuplicationStartingChildren.lean:129:8: automatically included section variable(s) unused in theorem `SM.SoftDuplication.collapse_startingTail`:
  [NeZero n]
consider restructuring your `variable` declarations so that the variables are not in scope or explicitly omit them:
  omit [NeZero n] in theorem ...

Note: This linter can be disabled with `set_option linter.unusedSectionVars false`
warning: SM/SoftDuplicationStartingChildren.lean:145:0: automatically included section variable(s) unused in theorem `SM.SoftDuplication.starting_core_left`:
  [NeZero n]
consider restructuring your `variable` declarations so that the variables are not in scope or explicitly omit them:
  omit [NeZero n] in theorem ...

Note: This linter can be disabled with `set_option linter.unusedSectionVars false`
⚠ [3319/3373] Replayed SM.SoftDuplicationArrays
warning: SM/SoftDuplicationArrays.lean:159:25: `dif_pos` has been deprecated: Use `dite_eq_left` instead
warning: SM/SoftDuplicationArrays.lean:166:25: `dif_neg` has been deprecated: Use `dite_eq_right` instead
warning: SM/SoftDuplicationArrays.lean:166:37: `dif_pos` has been deprecated: Use `dite_eq_left` instead
warning: SM/SoftDuplicationArrays.lean:175:25: `dif_neg` has been deprecated: Use `dite_eq_right` instead
warning: SM/SoftDuplicationArrays.lean:175:37: `dif_neg` has been deprecated: Use `dite_eq_right` instead
warning: SM/SoftDuplicationArrays.lean:196:23: `if_pos` has been deprecated: Use `ite_eq_left` instead
warning: SM/SoftDuplicationArrays.lean:200:23: `if_neg` has been deprecated: Use `ite_eq_right` instead
warning: SM/SoftDuplicationArrays.lean:304:27: `dif_neg` has been deprecated: Use `dite_eq_right` instead
warning: SM/SoftDuplicationArrays.lean:304:74: `if_neg` has been deprecated: Use `ite_eq_right` instead
warning: SM/SoftDuplicationArrays.lean:313:27: `dif_neg` has been deprecated: Use `dite_eq_right` instead
warning: SM/SoftDuplicationArrays.lean:313:71: `if_pos` has been deprecated: Use `ite_eq_left` instead
warning: SM/SoftDuplicationArrays.lean:313:85: `if_pos` has been deprecated: Use `ite_eq_left` instead
warning: SM/SoftDuplicationArrays.lean:322:27: `dif_neg` has been deprecated: Use `dite_eq_right` instead
warning: SM/SoftDuplicationArrays.lean:322:70: `if_pos` has been deprecated: Use `ite_eq_left` instead
warning: SM/SoftDuplicationArrays.lean:323:4: `if_neg` has been deprecated: Use `ite_eq_right` instead
warning: SM/SoftDuplicationArrays.lean:323:26: `if_pos` has been deprecated: Use `ite_eq_left` instead
warning: SM/SoftDuplicationArrays.lean:332:27: `dif_neg` has been deprecated: Use `dite_eq_right` instead
warning: SM/SoftDuplicationArrays.lean:332:70: `if_pos` has been deprecated: Use `ite_eq_left` instead
warning: SM/SoftDuplicationArrays.lean:333:4: `if_neg` has been deprecated: Use `ite_eq_right` instead
warning: SM/SoftDuplicationArrays.lean:333:26: `if_neg` has been deprecated: Use `ite_eq_right` instead
⚠ [3322/3396] Replayed SM.FlatIntegerFactors
warning: SM/FlatIntegerFactors.lean:63:32: `if_neg` has been deprecated: Use `ite_eq_right` instead
warning: SM/FlatIntegerFactors.lean:58:0: automatically included section variable(s) unused in theorem `SM.boundaryUnitArray_nonleaf_zero`:
  [NeZero n]
consider restructuring your `variable` declarations so that the variables are not in scope or explicitly omit them:
  omit [NeZero n] in theorem ...

Note: This linter can be disabled with `set_option linter.unusedSectionVars false`
⚠ [3323/3396] Replayed SM.FlatIncidentResponse
warning: SM/FlatIncidentResponse.lean:98:6: `dif_neg` has been deprecated: Use `dite_eq_right` instead
warning: SM/FlatIncidentResponse.lean:140:6: `dif_neg` has been deprecated: Use `dite_eq_right` instead
⚠ [3325/3396] Replayed SM.FlatContractionArithmetic
warning: SM/FlatContractionArithmetic.lean:89:19: `if_neg` has been deprecated: Use `ite_eq_right` instead
warning: SM/FlatContractionArithmetic.lean:76:0: automatically included section variable(s) unused in theorem `SM.nonincident_fusionIndex_eq`:
  [NeZero q]
consider restructuring your `variable` declarations so that the variables are not in scope or explicitly omit them:
  omit [NeZero q] in theorem ...

Note: This linter can be disabled with `set_option linter.unusedSectionVars false`
warning: SM/FlatContractionArithmetic.lean:112:8: `if_pos` has been deprecated: Use `ite_eq_left` instead
warning: SM/FlatContractionArithmetic.lean:117:8: `if_neg` has been deprecated: Use `ite_eq_right` instead
⚠ [3327/3396] Replayed SM.NonincidentFlatContraction
warning: SM/NonincidentFlatContraction.lean:93:8: `if_pos` has been deprecated: Use `ite_eq_left` instead
warning: SM/NonincidentFlatContraction.lean:93:19: `if_pos` has been deprecated: Use `ite_eq_left` instead
warning: SM/NonincidentFlatContraction.lean:96:8: `if_neg` has been deprecated: Use `ite_eq_right` instead
warning: SM/NonincidentFlatContraction.lean:96:19: `if_neg` has been deprecated: Use `ite_eq_right` instead
warning: SM/NonincidentFlatContraction.lean:112:41: This simp argument is unused:
  add_comm

Hint: Omit it from the simp argument list.
  [apply] simp only [RingEquiv.apply_symm_apply]

Note: This linter can be disabled with `set_option linter.unusedSimpArgs false`
warning: SM/NonincidentFlatContraction.lean:115:0: automatically included section variable(s) unused in theorem `SM.nonincident_flat_contracted_support`:
  [NeZero q]
consider restructuring your `variable` declarations so that the variables are not in scope or explicitly omit them:
  omit [NeZero q] in theorem ...

Note: This linter can be disabled with `set_option linter.unusedSectionVars false`
⚠ [3328/3396] Replayed SM.FlatNonincidentResponse
warning: SM/FlatNonincidentResponse.lean:106:6: `dif_pos` has been deprecated: Use `dite_eq_left` instead
⚠ [3330/3396] Replayed SM.ContactContractionLabels
warning: SM/ContactContractionLabels.lean:99:8: `if_pos` has been deprecated: Use `ite_eq_left` instead
warning: SM/ContactContractionLabels.lean:99:19: `if_pos` has been deprecated: Use `ite_eq_left` instead
warning: SM/ContactContractionLabels.lean:106:8: `if_neg` has been deprecated: Use `ite_eq_right` instead
warning: SM/ContactContractionLabels.lean:106:19: `if_neg` has been deprecated: Use `ite_eq_right` instead
warning: SM/ContactContractionLabels.lean:127:43: `if_neg` has been deprecated: Use `ite_eq_right` instead
warning: SM/ContactContractionLabels.lean:161:8: `if_pos` has been deprecated: Use `ite_eq_left` instead
warning: SM/ContactContractionLabels.lean:161:19: `if_pos` has been deprecated: Use `ite_eq_left` instead
warning: SM/ContactContractionLabels.lean:168:8: `if_neg` has been deprecated: Use `ite_eq_right` instead
warning: SM/ContactContractionLabels.lean:168:19: `if_neg` has been deprecated: Use `ite_eq_right` instead
⚠ [3331/3396] Replayed SM.ContactGapTuples
warning: SM/ContactGapTuples.lean:65:0: automatically included section variable(s) unused in theorem `SM.restrictedWord_reindex_start`:
  [NeZero n]
consider restructuring your `variable` declarations so that the variables are not in scope or explicitly omit them:
  omit [NeZero n] in theorem ...

Note: This linter can be disabled with `set_option linter.unusedSectionVars false`
⚠ [3332/3396] Replayed SM.SoftDuplicationSpanningCutPresentations
warning: SM/SoftDuplicationSpanningCutPresentations.lean:57:0: automatically included section variable(s) unused in theorem `SM.SoftDuplication.spanning_old_cut_bounds`:
  [NeZero n]
consider restructuring your `variable` declarations so that the variables are not in scope or explicitly omit them:
  omit [NeZero n] in theorem ...

Note: This linter can be disabled with `set_option linter.unusedSectionVars false`
⚠ [3334/3396] Replayed SM.CutSetNearFarNeighbors
warning: SM/CutSetNearFarNeighbors.lean:52:0: automatically included section variable(s) unused in theorem `SM.BoundaryCutSet.consecutive_left_unique`:
  [NeZero n]
consider restructuring your `variable` declarations so that the variables are not in scope or explicitly omit them:
  omit [NeZero n] in theorem ...

Note: This linter can be disabled with `set_option linter.unusedSectionVars false`
warning: SM/CutSetNearFarNeighbors.lean:60:0: automatically included section variable(s) unused in theorem `SM.BoundaryCutSet.consecutive_right_unique`:
  [NeZero n]
consider restructuring your `variable` declarations so that the variables are not in scope or explicitly omit them:
  omit [NeZero n] in theorem ...

Note: This linter can be disabled with `set_option linter.unusedSectionVars false`
⚠ [3335/3396] Replayed SM.SoftDuplicationSpanningCutNeighbors
warning: SM/SoftDuplicationSpanningCutNeighbors.lean:53:0: automatically included section variable(s) unused in theorem `SM.SoftDuplication.spanning_core_cut_interior`:
  [NeZero n]
consider restructuring your `variable` declarations so that the variables are not in scope or explicitly omit them:
  omit [NeZero n] in theorem ...

Note: This linter can be disabled with `set_option linter.unusedSectionVars false`
⚠ [3337/3396] Replayed SM.SoftDuplicationSpanningCutGatePositions
warning: SM/SoftDuplicationSpanningCutGatePositions.lean:55:0: automatically included section variable(s) unused in theorem `SM.SoftDuplication.spanning_old_endpoints`:
  [NeZero n]
consider restructuring your `variable` declarations so that the variables are not in scope or explicitly omit them:
  omit [NeZero n] in theorem ...

Note: This linter can be disabled with `set_option linter.unusedSectionVars false`
⚠ [3339/3396] Replayed SM.SoftNewbornParameters
warning: SM/SoftNewbornParameters.lean:83:2: Try this: 
  haveI̵

The goal is a proposition, so `have` is preferred over `haveI`.
The difference between `have` and `haveI` is that `haveI` inlines the value.
But this is not relevant for proofs because of proof irrelevance.

Note: This linter can be disabled with `set_option linter.style.haveILetI false`
warning: SM/SoftNewbornParameters.lean:94:2: Try this: 
  haveI̵

The goal is a proposition, so `have` is preferred over `haveI`.
The difference between `have` and `haveI` is that `haveI` inlines the value.
But this is not relevant for proofs because of proof irrelevance.

Note: This linter can be disabled with `set_option linter.style.haveILetI false`
warning: SM/SoftNewbornParameters.lean:105:2: Try this: 
  haveI̵

The goal is a proposition, so `have` is preferred over `haveI`.
The difference between `have` and `haveI` is that `haveI` inlines the value.
But this is not relevant for proofs because of proof irrelevance.

Note: This linter can be disabled with `set_option linter.style.haveILetI false`
⚠ [3341/3396] Replayed SM.SoftParentArc
warning: SM/SoftParentArc.lean:81:2: Try this: 
  haveI̵

The goal is a proposition, so `have` is preferred over `haveI`.
The difference between `have` and `haveI` is that `haveI` inlines the value.
But this is not relevant for proofs because of proof irrelevance.

Note: This linter can be disabled with `set_option linter.style.haveILetI false`
warning: SM/SoftParentArc.lean:105:17: This simp argument is unused:
  hkprev

Hint: Omit it from the simp argument list.
  [apply] simp only [Ne.symm hkprev, hkj, Ne.symm hkj, hpj, Ne.symm hpj, false_and, or_false] at h

Note: This linter can be disabled with `set_option linter.unusedSimpArgs false`
warning: SM/SoftParentArc.lean:105:46: This simp argument is unused:
  Ne.symm hkj

Hint: Omit it from the simp argument list.
  [apply] simp only [hkprev, Ne.symm hkprev, hkj, hpj, Ne.symm hpj, false_and, or_false] at h

Note: This linter can be disabled with `set_option linter.unusedSimpArgs false`
warning: SM/SoftParentArc.lean:105:59: This simp argument is unused:
  hpj

Hint: Omit it from the simp argument list.
  [apply] simp only [hkprev, Ne.symm hkprev, hkj, Ne.symm hkj, Ne.symm hpj, false_and, or_false] at h

Note: This linter can be disabled with `set_option linter.unusedSimpArgs false`
⚠ [3342/3415] Replayed SM.TurnResponseOrientation
warning: SM/TurnResponseOrientation.lean:111:5: Variable name `hd` is not explicitly referenced.

Hint: The binding can be removed (if unused) or named `_` (if used implicitly). Alternatively, prefix the name with `_` to silence this warning:
  [apply] _hd

Note: This linter can be disabled with `set_option linter.unusedVariables false`
warning: SM/TurnResponseOrientation.lean:111:27: Variable name `hδ` is not explicitly referenced.

Hint: The binding can be removed (if unused) or named `_` (if used implicitly). Alternatively, prefix the name with `_` to silence this warning:
  [apply] _hδ

Note: This linter can be disabled with `set_option linter.unusedVariables false`
warning: SM/TurnResponseOrientation.lean:111:40: Variable name `hδr` is not explicitly referenced.

Hint: The binding can be removed (if unused) or named `_` (if used implicitly). Alternatively, prefix the name with `_` to silence this warning:
  [apply] _hδr

Note: This linter can be disabled with `set_option linter.unusedVariables false`
warning: SM/TurnResponseOrientation.lean:113:38: Variable name `hMinus` is not explicitly referenced.

Hint: The binding can be removed (if unused) or named `_` (if used implicitly). Alternatively, prefix the name with `_` to silence this warning:
  [apply] _hMinus

Note: This linter can be disabled with `set_option linter.unusedVariables false`
warning: SM/TurnResponseOrientation.lean:113:65: Variable name `hPlus` is not explicitly referenced.

Hint: The binding can be removed (if unused) or named `_` (if used implicitly). Alternatively, prefix the name with `_` to silence this warning:
  [apply] _hPlus

Note: This linter can be disabled with `set_option linter.unusedVariables false`
⚠ [3343/3415] Replayed SM.FlatAllRootResponse
warning: SM/FlatAllRootResponse.lean:112:19: `dif_pos` has been deprecated: Use `dite_eq_left` instead
warning: SM/FlatAllRootResponse.lean:112:45: `dif_pos` has been deprecated: Use `dite_eq_left` instead
warning: SM/FlatAllRootResponse.lean:120:17: `dif_pos` has been deprecated: Use `dite_eq_left` instead
warning: SM/FlatAllRootResponse.lean:120:34: `dif_pos` has been deprecated: Use `dite_eq_left` instead
⚠ [3348/3415] Replayed SM.CuspIntegerFactors
warning: SM/CuspIntegerFactors.lean:85:35: This simp argument is unused:
  show (-1 : SignType) ≠ 1 by decide

Hint: Omit it from the simp argument list.
  [apply] simp [criticalGapUInteger, he]

Note: This linter can be disabled with `set_option linter.unusedSimpArgs false`
warning: SM/CuspIntegerFactors.lean:87:31: This simp argument is unused:
  he

Hint: Omit it from the simp argument list.
  [apply] simp [criticalGapVInteger, show (-1 : SignType) ≠ 1 by decide]

Note: This linter can be disabled with `set_option linter.unusedSimpArgs false`
warning: SM/CuspIntegerFactors.lean:87:35: This simp argument is unused:
  show (-1 : SignType) ≠ 1 by decide

Hint: Omit it from the simp argument list.
  [apply] simp [criticalGapVInteger, he]

Note: This linter can be disabled with `set_option linter.unusedSimpArgs false`
warning: SM/CuspIntegerFactors.lean:102:31: This simp argument is unused:
  he

Hint: Omit it from the simp argument list.
  [apply] simp [criticalGapUInteger, show (-1 : SignType) ≠ 1 by decide]

Note: This linter can be disabled with `set_option linter.unusedSimpArgs false`
warning: SM/CuspIntegerFactors.lean:119:31: This simp argument is unused:
  he

Hint: Omit it from the simp argument list.
  [apply] simp [criticalGapUInteger, show (-1 : SignType) ≠ 1 by decide]

Note: This linter can be disabled with `set_option linter.unusedSimpArgs false`
warning: SM/CuspIntegerFactors.lean:136:35: This simp argument is unused:
  show (-1 : SignType) ≠ 1 by decide

Hint: Omit it from the simp argument list.
  [apply] simp [criticalGapUInteger, he]

Note: This linter can be disabled with `set_option linter.unusedSimpArgs false`
warning: SM/CuspIntegerFactors.lean:138:31: This simp argument is unused:
  he

Hint: Omit it from the simp argument list.
  [apply] simp [criticalGapVInteger, show (-1 : SignType) ≠ 1 by decide]

Note: This linter can be disabled with `set_option linter.unusedSimpArgs false`
warning: SM/CuspIntegerFactors.lean:138:35: This simp argument is unused:
  show (-1 : SignType) ≠ 1 by decide

Hint: Omit it from the simp argument list.
  [apply] simp [criticalGapVInteger, he]

Note: This linter can be disabled with `set_option linter.unusedSimpArgs false`
⚠ [3350/3415] Replayed SM.ContactIntegerFactors
warning: SM/ContactIntegerFactors.lean:86:31: This simp argument is unused:
  or_assoc

Hint: Omit it from the simp argument list.
  [apply] simp [or_comm, or_left_comm]

Note: This linter can be disabled with `set_option linter.unusedSimpArgs false`
warning: SM/ContactIntegerFactors.lean:127:37: `dif_neg` has been deprecated: Use `dite_eq_right` instead
warning: SM/ContactIntegerFactors.lean:153:37: `dif_neg` has been deprecated: Use `dite_eq_right` instead
warning: SM/ContactIntegerFactors.lean:183:37: `dif_neg` has been deprecated: Use `dite_eq_right` instead
warning: SM/ContactIntegerFactors.lean:210:37: `dif_neg` has been deprecated: Use `dite_eq_right` instead
⚠ [3352/3415] Replayed SM.SoftDuplicationSectionTriples
warning: SM/SoftDuplicationSectionTriples.lean:55:0: automatically included section variable(s) unused in theorem `SM.SoftDuplication.startingOld_triple_eq`:
  [NeZero n]
consider restructuring your `variable` declarations so that the variables are not in scope or explicitly omit them:
  omit [NeZero n] in theorem ...

Note: This linter can be disabled with `set_option linter.unusedSectionVars false`
warning: SM/SoftDuplicationSectionTriples.lean:60:0: automatically included section variable(s) unused in theorem `SM.SoftDuplication.startingTail_ne_A`:
  [NeZero n]
consider restructuring your `variable` declarations so that the variables are not in scope or explicitly omit them:
  omit [NeZero n] in theorem ...

Note: This linter can be disabled with `set_option linter.unusedSectionVars false`
⚠ [3355/3415] Replayed SM.SoftDuplicationStartingChildFactors
warning: SM/SoftDuplicationStartingChildFactors.lean:60:0: automatically included section variable(s) unused in theorem `SM.SoftDuplication.sectionInterval_not_duplicate`:
  [NeZero n]
consider restructuring your `variable` declarations so that the variables are not in scope or explicitly omit them:
  omit [NeZero n] in theorem ...

Note: This linter can be disabled with `set_option linter.unusedSectionVars false`
warning: SM/SoftDuplicationStartingChildFactors.lean:157:12: `if_pos` has been deprecated: Use `ite_eq_left` instead
warning: SM/SoftDuplicationStartingChildFactors.lean:159:12: `if_neg` has been deprecated: Use `ite_eq_right` instead
⚠ [3356/3415] Replayed SM.SoftDuplicationSpanningOneCutChildFactors
warning: SM/SoftDuplicationSpanningOneCutChildFactors.lean:76:17: `if_neg` has been deprecated: Use `ite_eq_right` instead
warning: SM/SoftDuplicationSpanningOneCutChildFactors.lean:185:12: `if_pos` has been deprecated: Use `ite_eq_left` instead
warning: SM/SoftDuplicationSpanningOneCutChildFactors.lean:187:12: `if_neg` has been deprecated: Use `ite_eq_right` instead
warning: SM/SoftDuplicationSpanningOneCutChildFactors.lean:218:12: `if_pos` has been deprecated: Use `ite_eq_left` instead
warning: SM/SoftDuplicationSpanningOneCutChildFactors.lean:220:12: `if_neg` has been deprecated: Use `ite_eq_right` instead
⚠ [3357/3415] Replayed SM.SoftDuplicationSpanningBothChildren
warning: SM/SoftDuplicationSpanningBothChildren.lean:61:0: automatically included section variable(s) unused in theorem `SM.SoftDuplication.spanning_core_child_side`:
  [NeZero n]
consider restructuring your `variable` declarations so that the variables are not in scope or explicitly omit them:
  omit [NeZero n] in theorem ...

Note: This linter can be disabled with `set_option linter.unusedSectionVars false`
warning: SM/SoftDuplicationSpanningBothChildren.lean:82:2: `if_pos` has been deprecated: Use `ite_eq_left` instead
warning: SM/SoftDuplicationSpanningBothChildren.lean:79:0: automatically included section variable(s) unused in theorem `SM.SoftDuplication.spanningBothChild_of_right_le`:
  [NeZero n]
consider restructuring your `variable` declarations so that the variables are not in scope or explicitly omit them:
  omit [NeZero n] in theorem ...

Note: This linter can be disabled with `set_option linter.unusedSectionVars false`
warning: SM/SoftDuplicationSpanningBothChildren.lean:88:8: `if_neg` has been deprecated: Use `ite_eq_right` instead
warning: SM/SoftDuplicationSpanningBothChildren.lean:85:0: automatically included section variable(s) unused in theorem `SM.SoftDuplication.spanningBothChild_of_left_ge`:
  [NeZero n]
consider restructuring your `variable` declarations so that the variables are not in scope or explicitly omit them:
  omit [NeZero n] in theorem ...

Note: This linter can be disabled with `set_option linter.unusedSectionVars false`
warning: SM/SoftDuplicationSpanningBothChildren.lean:96:27: `if_pos` has been deprecated: Use `ite_eq_left` instead
warning: SM/SoftDuplicationSpanningBothChildren.lean:98:27: `if_neg` has been deprecated: Use `ite_eq_right` instead
⚠ [3359/3415] Replayed SM.SoftNewbornVisits
warning: SM/SoftNewbornVisits.lean:135:2: Try this: 
  haveI̵

The goal is a proposition, so `have` is preferred over `haveI`.
The difference between `have` and `haveI` is that `haveI` inlines the value.
But this is not relevant for proofs because of proof irrelevance.

Note: This linter can be disabled with `set_option linter.style.haveILetI false`
warning: SM/SoftNewbornVisits.lean:191:2: Try this: 
  haveI̵

The goal is a proposition, so `have` is preferred over `haveI`.
The difference between `have` and `haveI` is that `haveI` inlines the value.
But this is not relevant for proofs because of proof irrelevance.

Note: This linter can be disabled with `set_option linter.style.haveILetI false`
⚠ [3360/3415] Replayed SM.GaussNextFromEmptyArc
warning: SM/GaussNextFromEmptyArc.lean:135:2: Try this: 
  letI̵

The goal is a proposition, so `let` is preferred over `letI`.
The difference between `let` and `letI` is that `letI` inlines the value.
But this is not relevant for proofs because of proof irrelevance.

Note: This linter can be disabled with `set_option linter.style.haveILetI false`
⚠ [3362/3415] Replayed SM.SoftAttachmentSigns
warning: SM/SoftAttachmentSigns.lean:71:0: automatically included section variable(s) unused in theorem `SM.softAttachment_signs_nonzero`:
  [NeZero n]
consider restructuring your `variable` declarations so that the variables are not in scope or explicitly omit them:
  omit [NeZero n] in theorem ...

Note: This linter can be disabled with `set_option linter.unusedSectionVars false`
warning: SM/SoftAttachmentSigns.lean:83:2: Try this: 
  haveI̵

The goal is a proposition, so `have` is preferred over `haveI`.
The difference between `have` and `haveI` is that `haveI` inlines the value.
But this is not relevant for proofs because of proof irrelevance.

Note: This linter can be disabled with `set_option linter.style.haveILetI false`
⚠ [3369/3443] Replayed SM.CuspSignedResponse
warning: SM/CuspSignedResponse.lean:115:6: `dif_pos` has been deprecated: Use `dite_eq_left` instead
warning: SM/CuspSignedResponse.lean:172:6: `dif_neg` has been deprecated: Use `dite_eq_right` instead
warning: SM/CuspSignedResponse.lean:226:6: `dif_neg` has been deprecated: Use `dite_eq_right` instead
⚠ [3370/3443] Replayed SM.CuspOrientedResponse
warning: SM/CuspOrientedResponse.lean:103:19: `dif_pos` has been deprecated: Use `dite_eq_left` instead
warning: SM/CuspOrientedResponse.lean:103:45: `dif_pos` has been deprecated: Use `dite_eq_left` instead
warning: SM/CuspOrientedResponse.lean:111:17: `dif_pos` has been deprecated: Use `dite_eq_left` instead
warning: SM/CuspOrientedResponse.lean:111:37: `dif_pos` has been deprecated: Use `dite_eq_left` instead
⚠ [3373/3443] Replayed SM.ContactAffineSigns
warning: SM/ContactAffineSigns.lean:132:0: automatically included section variable(s) unused in theorem `SM.contact_boundary_chi_eq_neg`:
  [NeZero n]
consider restructuring your `variable` declarations so that the variables are not in scope or explicitly omit them:
  omit [NeZero n] in theorem ...

Note: This linter can be disabled with `set_option linter.unusedSectionVars false`
⚠ [3374/3443] Replayed SM.ContactSignedResponse
warning: SM/ContactSignedResponse.lean:112:6: `dif_neg` has been deprecated: Use `dite_eq_right` instead
warning: SM/ContactSignedResponse.lean:158:6: `dif_pos` has been deprecated: Use `dite_eq_left` instead
warning: SM/ContactSignedResponse.lean:204:6: `dif_pos` has been deprecated: Use `dite_eq_left` instead
warning: SM/ContactSignedResponse.lean:227:36: `if_neg` has been deprecated: Use `ite_eq_right` instead
warning: SM/ContactSignedResponse.lean:227:47: `if_pos` has been deprecated: Use `ite_eq_left` instead
warning: SM/ContactSignedResponse.lean:235:36: `if_neg` has been deprecated: Use `ite_eq_right` instead
warning: SM/ContactSignedResponse.lean:235:47: `if_neg` has been deprecated: Use `ite_eq_right` instead
⚠ [3380/3443] Replayed SM.ExtensionTreeResponse
warning: SM/ExtensionTreeResponse.lean:110:6: `dif_neg` has been deprecated: Use `dite_eq_right` instead
warning: SM/ExtensionTreeResponse.lean:146:6: `dif_pos` has been deprecated: Use `dite_eq_left` instead
warning: SM/ExtensionTreeResponse.lean:182:6: `dif_pos` has been deprecated: Use `dite_eq_left` instead
⚠ [3383/3443] Replayed SM.SoftDuplicationSpanningEmptyGates
warning: SM/SoftDuplicationSpanningEmptyGates.lean:65:0: automatically included section variable(s) unused in theorem `SM.SoftDuplication.emptySpanning_old_endpoints`:
  [NeZero n]
consider restructuring your `variable` declarations so that the variables are not in scope or explicitly omit them:
  omit [NeZero n] in theorem ...

Note: This linter can be disabled with `set_option linter.unusedSectionVars false`
⚠ [3384/3443] Replayed SM.SoftDuplicationAvoiding
warning: SM/SoftDuplicationAvoiding.lean:65:0: automatically included section variable(s) unused in theorem `SM.SoftDuplication.avoiding_not_duplicate`:
  [NeZero n]
consider restructuring your `variable` declarations so that the variables are not in scope or explicitly omit them:
  omit [NeZero n] in theorem ...

Note: This linter can be disabled with `set_option linter.unusedSectionVars false`
warning: SM/SoftDuplicationAvoiding.lean:73:0: automatically included section variable(s) unused in theorem `SM.SoftDuplication.collapse_injective_on_avoiding`:
  [NeZero n]
consider restructuring your `variable` declarations so that the variables are not in scope or explicitly omit them:
  omit [NeZero n] in theorem ...

Note: This linter can be disabled with `set_option linter.unusedSectionVars false`
warning: SM/SoftDuplicationAvoiding.lean:96:0: automatically included section variable(s) unused in theorem `SM.SoftDuplication.mem_avoidingExpandCuts`:
  [NeZero n]
consider restructuring your `variable` declarations so that the variables are not in scope or explicitly omit them:
  omit [NeZero n] in theorem ...

Note: This linter can be disabled with `set_option linter.unusedSectionVars false`
⚠ [3385/3443] Replayed SM.SoftDuplicationAvoidingCompositions
warning: SM/SoftDuplicationAvoidingCompositions.lean:139:0: automatically included section variable(s) unused in theorem `SM.SoftDuplication.composition_part_avoiding`:
  [NeZero n]
consider restructuring your `variable` declarations so that the variables are not in scope or explicitly omit them:
  omit [NeZero n] in theorem ...

Note: This linter can be disabled with `set_option linter.unusedSectionVars false`
warning: SM/SoftDuplicationAvoidingCompositions.lean:179:0: automatically included section variable(s) unused in theorem `SM.SoftDuplication.triple_plain_of_avoiding_interval`:
  [NeZero n]
consider restructuring your `variable` declarations so that the variables are not in scope or explicitly omit them:
  omit [NeZero n] in theorem ...

Note: This linter can be disabled with `set_option linter.unusedSectionVars false`
⚠ [3386/3443] Replayed SM.SoftDuplicationAvoidingUnit
warning: SM/SoftDuplicationAvoidingUnit.lean:86:8: `if_pos` has been deprecated: Use `ite_eq_left` instead
warning: SM/SoftDuplicationAvoidingUnit.lean:86:20: `if_pos` has been deprecated: Use `ite_eq_left` instead
warning: SM/SoftDuplicationAvoidingUnit.lean:90:8: `if_neg` has been deprecated: Use `ite_eq_right` instead
warning: SM/SoftDuplicationAvoidingUnit.lean:90:20: `if_neg` has been deprecated: Use `ite_eq_right` instead
⚠ [3387/3443] Replayed SM.SoftDuplicationAvoidingTransform
warning: SM/SoftDuplicationAvoidingTransform.lean:143:0: automatically included section variable(s) unused in theorem `SM.SoftDuplication.tripleLift_neg`:
  [NeZero n]
consider restructuring your `variable` declarations so that the variables are not in scope or explicitly omit them:
  omit [NeZero n] in theorem ...

Note: This linter can be disabled with `set_option linter.unusedSectionVars false`
⚠ [3388/3443] Replayed SM.TurnCountReversal
warning: SM/TurnCountReversal.lean:57:2: Try this: 
  haveI̵

The goal is a proposition, so `have` is preferred over `haveI`.
The difference between `have` and `haveI` is that `haveI` inlines the value.
But this is not relevant for proofs because of proof irrelevance.

Note: This linter can be disabled with `set_option linter.style.haveILetI false`
⚠ [3389/3443] Replayed SM.GaussRelabel
warning: SM/GaussRelabel.lean:31:2: Try this: 
  haveI̵

The goal is a proposition, so `have` is preferred over `haveI`.
The difference between `have` and `haveI` is that `haveI` inlines the value.
But this is not relevant for proofs because of proof irrelevance.

Note: This linter can be disabled with `set_option linter.style.haveILetI false`
⚠ [3390/3443] Replayed SM.GaussDefinition
warning: SM/GaussDefinition.lean:66:2: Try this: 
  haveI̵

The goal is a proposition, so `have` is preferred over `haveI`.
The difference between `have` and `haveI` is that `haveI` inlines the value.
But this is not relevant for proofs because of proof irrelevance.

Note: This linter can be disabled with `set_option linter.style.haveILetI false`
⚠ [3391/3443] Replayed SM.GaussFamilyOrder
warning: SM/GaussFamilyOrder.lean:39:2: Try this: 
  haveI̵

The goal is a proposition, so `have` is preferred over `haveI`.
The difference between `have` and `haveI` is that `haveI` inlines the value.
But this is not relevant for proofs because of proof irrelevance.

Note: This linter can be disabled with `set_option linter.style.haveILetI false`
⚠ [3394/3443] Replayed SM.VisibleSignature
warning: SM/VisibleSignature.lean:72:2: Try this: 
  haveI̵

The goal is a proposition, so `have` is preferred over `haveI`.
The difference between `have` and `haveI` is that `haveI` inlines the value.
But this is not relevant for proofs because of proof irrelevance.

Note: This linter can be disabled with `set_option linter.style.haveILetI false`
⚠ [3395/3443] Replayed SM.VisibleRelabel
warning: SM/VisibleRelabel.lean:17:46: This simp argument is unused:
  add_assoc

Hint: Omit it from the simp argument list.
  [apply] simp [translateSupport, Finset.image_image, add_comm, add_left_comm]

Note: This linter can be disabled with `set_option linter.unusedSimpArgs false`
warning: SM/VisibleRelabel.lean:72:2: Try this: 
  haveI̵

The goal is a proposition, so `have` is preferred over `haveI`.
The difference between `have` and `haveI` is that `haveI` inlines the value.
But this is not relevant for proofs because of proof irrelevance.

Note: This linter can be disabled with `set_option linter.style.haveILetI false`
⚠ [3404/3473] Replayed SM.PureCutTreeResponse
warning: SM/PureCutTreeResponse.lean:112:6: `dif_pos` has been deprecated: Use `dite_eq_left` instead
⚠ [3408/3473] Replayed SM.SoftDuplicationSpanningEmptyWeights
warning: SM/SoftDuplicationSpanningEmptyWeights.lean:85:17: `if_neg` has been deprecated: Use `ite_eq_right` instead
warning: SM/SoftDuplicationSpanningEmptyWeights.lean:137:12: `if_pos` has been deprecated: Use `ite_eq_left` instead
warning: SM/SoftDuplicationSpanningEmptyWeights.lean:139:12: `if_neg` has been deprecated: Use `ite_eq_right` instead
⚠ [3409/3473] Replayed SM.SoftDuplicationTransformSetup
warning: SM/SoftDuplicationTransformSetup.lean:84:0: automatically included section variable(s) unused in theorem `SM.SoftDuplication.ordinaryLift_transform_duplicate`:
  [NeZero n]
consider restructuring your `variable` declarations so that the variables are not in scope or explicitly omit them:
  omit [NeZero n] in theorem ...

Note: This linter can be disabled with `set_option linter.unusedSectionVars false`
⚠ [3410/3473] Replayed SM.SoftFarSignFamily
warning: SM/SoftFarSignFamily.lean:92:6: `dif_neg` has been deprecated: Use `dite_eq_right` instead
warning: SM/SoftFarSignFamily.lean:102:0: automatically included section variable(s) unused in theorem `SM.softFarSign_ne_zero`:
  [NeZero n]
consider restructuring your `variable` declarations so that the variables are not in scope or explicitly omit them:
  omit [NeZero n] in theorem ...

Note: This linter can be disabled with `set_option linter.unusedSectionVars false`
⚠ [3411/3473] Replayed SM.SoftRootBoundary
warning: SM/SoftRootBoundary.lean:93:0: automatically included section variable(s) unused in theorem `SM.softRoot_boundaryIndex_add`:
  [NeZero n]
consider restructuring your `variable` declarations so that the variables are not in scope or explicitly omit them:
  omit [NeZero n] in theorem ...

Note: This linter can be disabled with `set_option linter.unusedSectionVars false`
warning: SM/SoftRootBoundary.lean:101:0: automatically included section variable(s) unused in theorem `SM.softRoot_old_step_val`:
  [NeZero n]
consider restructuring your `variable` declarations so that the variables are not in scope or explicitly omit them:
  omit [NeZero n] in theorem ...

Note: This linter can be disabled with `set_option linter.unusedSectionVars false`
warning: SM/SoftRootBoundary.lean:147:22: `if_pos` has been deprecated: Use `ite_eq_left` instead
warning: SM/SoftRootBoundary.lean:166:22: `if_neg` has been deprecated: Use `ite_eq_right` instead
⚠ [3414/3473] Replayed SM.SoftDuplicationNeighbors
warning: SM/SoftDuplicationNeighbors.lean:196:0: automatically included section variable(s) unused in theorem `SM.SoftDuplication.fullInterval_not_duplicate`:
  [NeZero n]
consider restructuring your `variable` declarations so that the variables are not in scope or explicitly omit them:
  omit [NeZero n] in theorem ...

Note: This linter can be disabled with `set_option linter.unusedSectionVars false`
warning: SM/SoftDuplicationNeighbors.lean:211:22: `if_pos` has been deprecated: Use `ite_eq_left` instead
warning: SM/SoftDuplicationNeighbors.lean:216:8: `if_neg` has been deprecated: Use `ite_eq_right` instead
⚠ [3415/3473] Replayed SM.SoftDuplicationSpanningTransform
warning: SM/SoftDuplicationSpanningTransform.lean:215:32: `if_neg` has been deprecated: Use `ite_eq_right` instead
warning: SM/SoftDuplicationSpanningTransform.lean:210:0: automatically included section variable(s) unused in theorem `SM.SoftDuplication.boundaryUnitArray_spanning_zero`:
  [NeZero n]
consider restructuring your `variable` declarations so that the variables are not in scope or explicitly omit them:
  omit [NeZero n] in theorem ...

Note: This linter can be disabled with `set_option linter.unusedSectionVars false`
warning: SM/SoftDuplicationSpanningTransform.lean:226:32: `if_neg` has been deprecated: Use `ite_eq_right` instead
warning: SM/SoftDuplicationSpanningTransform.lean:218:0: automatically included section variable(s) unused in theorem `SM.SoftDuplication.boundaryUnitArray_core_spanning_zero`:
  [NeZero n]
consider restructuring your `variable` declarations so that the variables are not in scope or explicitly omit them:
  omit [NeZero n] in theorem ...

Note: This linter can be disabled with `set_option linter.unusedSectionVars false`
⚠ [3416/3473] Replayed SM.ShiftReversal
warning: SM/ShiftReversal.lean:16:34: Variable name `hn` is not explicitly referenced.

Hint: The binding can be removed (if unused) or named `_` (if used implicitly). Alternatively, prefix the name with `_` to silence this warning:
  [apply] _hn

Note: This linter can be disabled with `set_option linter.unusedVariables false`
⚠ [3419/3473] Replayed SM.GenericDensity
warning: SM/GenericDensity.lean:16:2: Try this: 
  haveI̵

The goal is a proposition, so `have` is preferred over `haveI`.
The difference between `have` and `haveI` is that `haveI` inlines the value.
But this is not relevant for proofs because of proof irrelevance.

Note: This linter can be disabled with `set_option linter.style.haveILetI false`
warning: SM/GenericDensity.lean:17:2: Try this: 
  haveI̵

The goal is a proposition, so `have` is preferred over `haveI`.
The difference between `have` and `haveI` is that `haveI` inlines the value.
But this is not relevant for proofs because of proof irrelevance.

Note: This linter can be disabled with `set_option linter.style.haveILetI false`
warning: SM/GenericDensity.lean:29:2: Try this: 
  haveI̵

The goal is a proposition, so `have` is preferred over `haveI`.
The difference between `have` and `haveI` is that `haveI` inlines the value.
But this is not relevant for proofs because of proof irrelevance.

Note: This linter can be disabled with `set_option linter.style.haveILetI false`
warning: SM/GenericDensity.lean:30:2: Try this: 
  haveI̵

The goal is a proposition, so `have` is preferred over `haveI`.
The difference between `have` and `haveI` is that `haveI` inlines the value.
But this is not relevant for proofs because of proof irrelevance.

Note: This linter can be disabled with `set_option linter.style.haveILetI false`
⚠ [3420/3473] Replayed SM.RegularPerturbation
warning: SM/RegularPerturbation.lean:14:0: automatically included section variable(s) unused in theorem `SM.continuous_cornerRotor_edges`:
  [NeZero n]
consider restructuring your `variable` declarations so that the variables are not in scope or explicitly omit them:
  omit [NeZero n] in theorem ...

Note: This linter can be disabled with `set_option linter.unusedSectionVars false`
⚠ [3424/3473] Replayed SM.Admissible
warning: SM/Admissible.lean:41:31: Variable name `hn` is not explicitly referenced.

Hint: The binding can be removed (if unused) or named `_` (if used implicitly). Alternatively, prefix the name with `_` to silence this warning:
  [apply] _hn

Note: This linter can be disabled with `set_option linter.unusedVariables false`
⚠ [3426/3473] Replayed SM.CumulativeTurns
warning: SM/CumulativeTurns.lean:16:0: automatically included section variable(s) unused in theorem `SM.principalTurn_nat_succ_angle`:
  [NeZero n]
consider restructuring your `variable` declarations so that the variables are not in scope or explicitly omit them:
  omit [NeZero n] in theorem ...

Note: This linter can be disabled with `set_option linter.unusedSectionVars false`
warning: SM/CumulativeTurns.lean:58:0: automatically included section variable(s) unused in theorem `SM.natIndex_ne_zero`:
  [NeZero n]
consider restructuring your `variable` declarations so that the variables are not in scope or explicitly omit them:
  omit [NeZero n] in theorem ...

Note: This linter can be disabled with `set_option linter.unusedSectionVars false`
⚠ [3427/3473] Replayed SM.ZeroRotationSeed
warning: SM/ZeroRotationSeed.lean:27:76: Unused tactic linter: `norm_num` does nothing

Note: This linter can be disabled with `set_option linter.unusedTactic false`
warning: SM/ZeroRotationSeed.lean:27:76: this tactic is never executed

Note: This linter can be disabled with `set_option linter.unreachableTactic false`
⚠ [3433/3473] Replayed SM.GenericCurveChamber
warning: SM/GenericCurveChamber.lean:30:2: Try this: 
  letI̵

The goal is a proposition, so `let` is preferred over `letI`.
The difference between `let` and `letI` is that `letI` inlines the value.
But this is not relevant for proofs because of proof irrelevance.

Note: This linter can be disabled with `set_option linter.style.haveILetI false`
⚠ [3435/3473] Replayed SM.Children
warning: SM/Children.lean:34:30: Variable name `hk` is not explicitly referenced.

Hint: The binding can be removed (if unused) or named `_` (if used implicitly). Alternatively, prefix the name with `_` to silence this warning:
  [apply] _hk

Note: This linter can be disabled with `set_option linter.unusedVariables false`
warning: SM/Children.lean:43:30: Variable name `hk` is not explicitly referenced.

Hint: The binding can be removed (if unused) or named `_` (if used implicitly). Alternatively, prefix the name with `_` to silence this warning:
  [apply] _hk

Note: This linter can be disabled with `set_option linter.unusedVariables false`
⚠ [3436/3473] Replayed SM.SoftFamilyTurns
warning: SM/SoftFamilyTurns.lean:88:2: Try this: 
  haveI̵

The goal is a proposition, so `have` is preferred over `haveI`.
The difference between `have` and `haveI` is that `haveI` inlines the value.
But this is not relevant for proofs because of proof irrelevance.

Note: This linter can be disabled with `set_option linter.style.haveILetI false`
warning: SM/SoftFamilyTurns.lean:121:2: Try this: 
  haveI̵

The goal is a proposition, so `have` is preferred over `haveI`.
The difference between `have` and `haveI` is that `haveI` inlines the value.
But this is not relevant for proofs because of proof irrelevance.

Note: This linter can be disabled with `set_option linter.style.haveILetI false`
⚠ [3438/3473] Replayed SM.SoftSourceSectors
warning: SM/SoftSourceSectors.lean:77:2: Try this: 
  haveI̵

The goal is a proposition, so `have` is preferred over `haveI`.
The difference between `have` and `haveI` is that `haveI` inlines the value.
But this is not relevant for proofs because of proof irrelevance.

Note: This linter can be disabled with `set_option linter.style.haveILetI false`
⚠ [3439/3473] Replayed SM.SoftNewbornVertexArc
warning: SM/SoftNewbornVertexArc.lean:90:2: Try this: 
  haveI̵

The goal is a proposition, so `have` is preferred over `haveI`.
The difference between `have` and `haveI` is that `haveI` inlines the value.
But this is not relevant for proofs because of proof irrelevance.

Note: This linter can be disabled with `set_option linter.style.haveILetI false`
warning: SM/SoftNewbornVertexArc.lean:94:10: `if_pos` has been deprecated: Use `ite_eq_left` instead
warning: SM/SoftNewbornVertexArc.lean:99:10: `if_pos` has been deprecated: Use `ite_eq_left` instead
warning: SM/SoftNewbornVertexArc.lean:106:17: `if_pos` has been deprecated: Use `ite_eq_left` instead
warning: SM/SoftNewbornVertexArc.lean:107:17: `if_neg` has been deprecated: Use `ite_eq_right` instead
warning: SM/SoftNewbornVertexArc.lean:106:17: This simp argument is unused:
  if_pos hj

Hint: Omit it from the simp argument list.
  [apply] simp only [hj, ZMod.val_zero]

Note: This linter can be disabled with `set_option linter.unusedSimpArgs false`
warning: SM/SoftNewbornVertexArc.lean:133:42: `if_pos` has been deprecated: Use `ite_eq_left` instead
warning: SM/SoftNewbornVertexArc.lean:143:36: `if_neg` has been deprecated: Use `ite_eq_right` instead
⚠ [3441/3473] Replayed SM.DirectionProjection
warning: SM/DirectionProjection.lean:41:2: Try `simp at hp` instead of `simpa using hp`

Note: This linter can be disabled with `set_option linter.unnecessarySimpa false`
⚠ [3452/3511] Replayed SM.SoftDuplicationStartingTransform
warning: SM/SoftDuplicationStartingTransform.lean:169:32: `if_neg` has been deprecated: Use `ite_eq_right` instead
warning: SM/SoftDuplicationStartingTransform.lean:164:0: automatically included section variable(s) unused in theorem `SM.SoftDuplication.boundaryUnitArray_starting_zero`:
  [NeZero n]
consider restructuring your `variable` declarations so that the variables are not in scope or explicitly omit them:
  omit [NeZero n] in theorem ...

Note: This linter can be disabled with `set_option linter.unusedSectionVars false`
warning: SM/SoftDuplicationStartingTransform.lean:197:34: `if_neg` has been deprecated: Use `ite_eq_right` instead
⚠ [3453/3511] Replayed SM.SoftDuplicationEndingChildren
warning: SM/SoftDuplicationEndingChildren.lean:87:0: automatically included section variable(s) unused in theorem `SM.SoftDuplication.ending_old_lt_A`:
  [NeZero n]
consider restructuring your `variable` declarations so that the variables are not in scope or explicitly omit them:
  omit [NeZero n] in theorem ...

Note: This linter can be disabled with `set_option linter.unusedSectionVars false`
warning: SM/SoftDuplicationEndingChildren.lean:98:0: automatically included section variable(s) unused in theorem `SM.SoftDuplication.ending_core_right`:
  [NeZero n]
consider restructuring your `variable` declarations so that the variables are not in scope or explicitly omit them:
  omit [NeZero n] in theorem ...

Note: This linter can be disabled with `set_option linter.unusedSectionVars false`
⚠ [3456/3511] Replayed SM.SoftDuplicationEndingChildFactors
warning: SM/SoftDuplicationEndingChildFactors.lean:169:12: `if_pos` has been deprecated: Use `ite_eq_left` instead
warning: SM/SoftDuplicationEndingChildFactors.lean:171:12: `if_neg` has been deprecated: Use `ite_eq_right` instead
⚠ [3457/3511] Replayed SM.SoftDuplicationEndingTransform
warning: SM/SoftDuplicationEndingTransform.lean:174:32: `if_neg` has been deprecated: Use `ite_eq_right` instead
warning: SM/SoftDuplicationEndingTransform.lean:169:0: automatically included section variable(s) unused in theorem `SM.SoftDuplication.boundaryUnitArray_ending_zero`:
  [NeZero n]
consider restructuring your `variable` declarations so that the variables are not in scope or explicitly omit them:
  omit [NeZero n] in theorem ...

Note: This linter can be disabled with `set_option linter.unusedSectionVars false`
warning: SM/SoftDuplicationEndingTransform.lean:202:34: `if_neg` has been deprecated: Use `ite_eq_right` instead
⚠ [3458/3511] Replayed SM.SoftInheritedCrossingData
warning: SM/SoftInheritedCrossingData.lean:157:9: Variable name `hQ` is not explicitly referenced.

Hint: The binding can be removed (if unused) or named `_` (if used implicitly). Alternatively, prefix the name with `_` to silence this warning:
  [apply] _hQ

Note: This linter can be disabled with `set_option linter.unusedVariables false`
⚠ [3463/3511] Replayed SM.TransportLengths
warning: SM/TransportLengths.lean:507:5: Variable name `hunit` is not explicitly referenced.

Hint: The binding can be removed (if unused) or named `_` (if used implicitly). Alternatively, prefix the name with `_` to silence this warning:
  [apply] _hunit

Note: This linter can be disabled with `set_option linter.unusedVariables false`
⚠ [3465/3511] Replayed SM.UniformRotation
warning: SM/UniformRotation.lean:12:0: automatically included section variable(s) unused in theorem `SM.principalTurn_sign`:
  [NeZero n]
consider restructuring your `variable` declarations so that the variables are not in scope or explicitly omit them:
  omit [NeZero n] in theorem ...

Note: This linter can be disabled with `set_option linter.unusedSectionVars false`
warning: SM/UniformRotation.lean:64:26: Variable name `hn` is not explicitly referenced.

Hint: The binding can be removed (if unused) or named `_` (if used implicitly). Alternatively, prefix the name with `_` to silence this warning:
  [apply] _hn

Note: This linter can be disabled with `set_option linter.unusedVariables false`
warning: SM/UniformRotation.lean:65:5: Variable name `hτ` is not explicitly referenced.

Hint: The binding can be removed (if unused) or named `_` (if used implicitly). Alternatively, prefix the name with `_` to silence this warning:
  [apply] _hτ

Note: This linter can be disabled with `set_option linter.unusedVariables false`
⚠ [3467/3511] Replayed SM.Fibres
warning: SM/Fibres.lean:28:4: Try this: 
  letI̵

The goal is a proposition, so `let` is preferred over `letI`.
The difference between `let` and `letI` is that `letI` inlines the value.
But this is not relevant for proofs because of proof irrelevance.

Note: This linter can be disabled with `set_option linter.style.haveILetI false`
warning: SM/Fibres.lean:36:4: Try this: 
  letI̵

The goal is a proposition, so `let` is preferred over `letI`.
The difference between `let` and `letI` is that `letI` inlines the value.
But this is not relevant for proofs because of proof irrelevance.

Note: This linter can be disabled with `set_option linter.style.haveILetI false`
⚠ [3492/3589] Replayed SM.SoftDuplicationFullEndpointOutput
warning: SM/SoftDuplicationFullEndpointOutput.lean:92:0: automatically included section variable(s) unused in theorem `SM.SoftDuplication.full_start_bounds`:
  [NeZero n]
consider restructuring your `variable` declarations so that the variables are not in scope or explicitly omit them:
  omit [NeZero n] in theorem ...

Note: This linter can be disabled with `set_option linter.unusedSectionVars false`
warning: SM/SoftDuplicationFullEndpointOutput.lean:102:0: automatically included section variable(s) unused in theorem `SM.SoftDuplication.full_end_bounds`:
  [NeZero n]
consider restructuring your `variable` declarations so that the variables are not in scope or explicitly omit them:
  omit [NeZero n] in theorem ...

Note: This linter can be disabled with `set_option linter.unusedSectionVars false`
⚠ [3493/3589] Replayed SM.SoftDuplicationOrdinaryIdentification
warning: SM/SoftDuplicationOrdinaryIdentification.lean:124:0: automatically included section variable(s) unused in theorem `SM.SoftDuplication.full_spanning_bounds`:
  [NeZero n]
consider restructuring your `variable` declarations so that the variables are not in scope or explicitly omit them:
  omit [NeZero n] in theorem ...

Note: This linter can be disabled with `set_option linter.unusedSectionVars false`
⚠ [3495/3589] Replayed SM.SoftAmplitudeSectors
warning: SM/SoftAmplitudeSectors.lean:101:0: automatically included section variable(s) unused in theorem `SM.SoftDuplication.softAmplitudeMultiplier_same_sign`:
  [NeZero n]
consider restructuring your `variable` declarations so that the variables are not in scope or explicitly omit them:
  omit [NeZero n] in theorem ...

Note: This linter can be disabled with `set_option linter.unusedSectionVars false`
warning: SM/SoftAmplitudeSectors.lean:120:0: automatically included section variable(s) unused in theorem `SM.SoftDuplication.softAmplitudeMultiplier_loop`:
  [NeZero n]
consider restructuring your `variable` declarations so that the variables are not in scope or explicitly omit them:
  omit [NeZero n] in theorem ...

Note: This linter can be disabled with `set_option linter.unusedSectionVars false`
⚠ [3509/3589] Replayed SM.ScalarCoordinateTopology
warning: SM/ScalarCoordinateTopology.lean:19:38: `if_true` has been deprecated: Use `ite_true` instead
warning: SM/ScalarCoordinateTopology.lean:20:38: `if_false` has been deprecated: Use `ite_false` instead
⚠ [3510/3589] Replayed SM.PolygonalConnected
warning: SM/PolygonalConnected.lean:23:0: automatically included section variable(s) unused in theorem `SM.polygonalJoin_mem`:
  [TopologicalSpace E]
  [IsTopologicalAddGroup E]
  [ContinuousSMul ℝ E]
  [LocallyConvexSpace ℝ E]
consider restructuring your `variable` declarations so that the variables are not in scope or explicitly omit them:
  omit [TopologicalSpace E] [IsTopologicalAddGroup E] [ContinuousSMul ℝ E] [LocallyConvexSpace ℝ E] in theorem ...

Note: This linter can be disabled with `set_option linter.unusedSectionVars false`
warning: SM/PolygonalConnected.lean:39:0: automatically included section variable(s) unused in theorem `SM.isOpen_polygonal_unreachable`:
  [IsTopologicalAddGroup E]
  [ContinuousSMul ℝ E]
consider restructuring your `variable` declarations so that the variables are not in scope or explicitly omit them:
  omit [IsTopologicalAddGroup E] [ContinuousSMul ℝ E] in theorem ...

Note: This linter can be disabled with `set_option linter.unusedSectionVars false`
⚠ [3586/3674] Replayed SM.ConcurrencePolynomialIrreducible
warning: SM/ConcurrencePolynomialIrreducible.lean:40:18: try 'simp' instead of 'simpa'

Note: This linter can be disabled with `set_option linter.unnecessarySimpa false`
warning: SM/ConcurrencePolynomialIrreducible.lean:41:8: try 'simp' instead of 'simpa'

Note: This linter can be disabled with `set_option linter.unnecessarySimpa false`
warning: SM/ConcurrencePolynomialIrreducible.lean:76:2: Try this: 
  letI̵

The goal is a proposition, so `let` is preferred over `letI`.
The difference between `let` and `letI` is that `letI` inlines the value.
But this is not relevant for proofs because of proof irrelevance.

Note: This linter can be disabled with `set_option linter.style.haveILetI false`
⚠ [3589/3674] Replayed SM.ConcurrenceNonassociation
warning: SM/ConcurrenceNonassociation.lean:34:2: Try this: 
  letI̵

The goal is a proposition, so `let` is preferred over `letI`.
The difference between `let` and `letI` is that `letI` inlines the value.
But this is not relevant for proofs because of proof irrelevance.

Note: This linter can be disabled with `set_option linter.style.haveILetI false`
warning: SM/ConcurrenceNonassociation.lean:41:4: This simp argument is unused:
  Matrix.cons_val_two

Hint: Omit it from the simp argument list.
  [apply] simp only [sixEndpointMap, Matrix.cons_val_zero, Matrix.cons_val_one, Matrix.cons_val_three,
    Matrix.cons_val_four, Matrix.vecHead, Matrix.vecTail] at he he1

Note: This linter can be disabled with `set_option linter.unusedSimpArgs false`
warning: SM/ConcurrenceNonassociation.lean:41:25: This simp argument is unused:
  Matrix.cons_val_three

Hint: Omit it from the simp argument list.
  [apply] simp only [sixEndpointMap, Matrix.cons_val_zero, Matrix.cons_val_one, Matrix.cons_val_two,
    Matrix.cons_val_four, Matrix.vecHead, Matrix.vecTail] at he he1

Note: This linter can be disabled with `set_option linter.unusedSimpArgs false`
warning: SM/ConcurrenceNonassociation.lean:41:48: This simp argument is unused:
  Matrix.cons_val_four

Hint: Omit it from the simp argument list.
  [apply] simp only [sixEndpointMap, Matrix.cons_val_zero, Matrix.cons_val_one, Matrix.cons_val_two,
    Matrix.cons_val_three, Matrix.vecHead, Matrix.vecTail] at he he1

Note: This linter can be disabled with `set_option linter.unusedSimpArgs false`
warning: SM/ConcurrenceNonassociation.lean:42:4: This simp argument is unused:
  Matrix.vecHead

Hint: Omit it from the simp argument list.
  [apply] simp only [sixEndpointMap, Matrix.cons_val_zero, Matrix.cons_val_one, Matrix.cons_val_two,
    Matrix.cons_val_three, Matrix.cons_val_four, Matrix.vecTail] at he he1

Note: This linter can be disabled with `set_option linter.unusedSimpArgs false`
warning: SM/ConcurrenceNonassociation.lean:42:20: This simp argument is unused:
  Matrix.vecTail

Hint: Omit it from the simp argument list.
  [apply] simp only [sixEndpointMap, Matrix.cons_val_zero, Matrix.cons_val_one, Matrix.cons_val_two,
    Matrix.cons_val_three, Matrix.cons_val_four, Matrix.vecHead] at he he1

Note: This linter can be disabled with `set_option linter.unusedSimpArgs false`
warning: SM/ConcurrenceNonassociation.lean:53:2: Try this: 
  letI̵

The goal is a proposition, so `let` is preferred over `letI`.
The difference between `let` and `letI` is that `letI` inlines the value.
But this is not relevant for proofs because of proof irrelevance.

Note: This linter can be disabled with `set_option linter.style.haveILetI false`
warning: SM/ConcurrenceNonassociation.lean:125:2: Try this: 
  letI̵

The goal is a proposition, so `let` is preferred over `letI`.
The difference between `let` and `letI` is that `letI` inlines the value.
But this is not relevant for proofs because of proof irrelevance.

Note: This linter can be disabled with `set_option linter.style.haveILetI false`
⚠ [3657/3704] Replayed SM.OrderedCoordinateLegs
warning: SM/OrderedCoordinateLegs.lean:41:18: `if_pos` has been deprecated: Use `ite_eq_left` instead
warning: SM/OrderedCoordinateLegs.lean:42:18: `if_neg` has been deprecated: Use `ite_eq_right` instead
warning: SM/OrderedCoordinateLegs.lean:123:50: This simp argument is unused:
  hbefore

Hint: Omit it from the simp argument list.
  [apply] simp [CoordinateWaypointLeg.endpoint, waypointHybrid, waypointSelection, CoordinateWaypointLeg.afterTag,
    CoordinateWaypointLeg.beforeTag, orderedWaypointLeg, orderedHybrid, hmove, hbefore', hafter]

Note: This linter can be disabled with `set_option linter.unusedSimpArgs false`
warning: SM/OrderedCoordinateLegs.lean:128:50: This simp argument is unused:
  hbefore

Hint: Omit it from the simp argument list.
  [apply] simp [CoordinateWaypointLeg.endpoint, waypointHybrid, waypointSelection, CoordinateWaypointLeg.afterTag,
    CoordinateWaypointLeg.beforeTag, orderedWaypointLeg, orderedHybrid, hmove, hbefore', hafter]

Note: This linter can be disabled with `set_option linter.unusedSimpArgs false`
⚠ [3658/3704] Replayed SM.TimedCoordinatePolyline
warning: SM/TimedCoordinatePolyline.lean:54:19: Used `tac1 <;> tac2` where `(tac1; tac2)` would suffice

Note: This linter can be disabled with `set_option linter.unnecessarySeqFocus false`
warning: SM/TimedCoordinatePolyline.lean:60:19: Used `tac1 <;> tac2` where `(tac1; tac2)` would suffice

Note: This linter can be disabled with `set_option linter.unnecessarySeqFocus false`
⚠ [3659/3704] Replayed SM.RegularScalarBoxes
warning: SM/RegularScalarBoxes.lean:80:2: Try this: 
  haveI̵

The goal is a proposition, so `have` is preferred over `haveI`.
The difference between `have` and `haveI` is that `haveI` inlines the value.
But this is not relevant for proofs because of proof irrelevance.

Note: This linter can be disabled with `set_option linter.style.haveILetI false`
⚠ [3660/3704] Replayed SM.CurveCubeSubdivision
warning: SM/CurveCubeSubdivision.lean:37:2: Try this: 
  haveI̵

The goal is a proposition, so `have` is preferred over `haveI`.
The difference between `have` and `haveI` is that `haveI` inlines the value.
But this is not relevant for proofs because of proof irrelevance.

Note: This linter can be disabled with `set_option linter.style.haveILetI false`
⚠ [3662/3704] Replayed SM.CubeWaypointDomains
warning: SM/CubeWaypointDomains.lean:67:2: Try this: 
  haveI̵

The goal is a proposition, so `have` is preferred over `haveI`.
The difference between `have` and `haveI` is that `haveI` inlines the value.
But this is not relevant for proofs because of proof irrelevance.

Note: This linter can be disabled with `set_option linter.style.haveILetI false`
⚠ [3666/3704] Replayed SM.NonzeroControlsGeneric
warning: SM/NonzeroControlsGeneric.lean:40:2: Try this: 
  haveI̵

The goal is a proposition, so `have` is preferred over `haveI`.
The difference between `have` and `haveI` is that `haveI` inlines the value.
But this is not relevant for proofs because of proof irrelevance.

Note: This linter can be disabled with `set_option linter.style.haveILetI false`
warning: SM/NonzeroControlsGeneric.lean:41:2: Try this: 
  haveI̵

The goal is a proposition, so `have` is preferred over `haveI`.
The difference between `have` and `haveI` is that `haveI` inlines the value.
But this is not relevant for proofs because of proof irrelevance.

Note: This linter can be disabled with `set_option linter.style.haveILetI false`
⚠ [3667/3704] Replayed SM.CentralLegFiniteRoots
warning: SM/CentralLegFiniteRoots.lean:27:38: `Set.mem_setOf_eq` has been deprecated: Use `Set.mem_ofPred_eq` instead
warning: SM/CentralLegFiniteRoots.lean:71:46: `Set.diff_subset` has been deprecated: Use `Set.sdiff_subset` instead
⚠ [3668/3704] Replayed SM.CentralRootNeighborhoods
warning: SM/CentralRootNeighborhoods.lean:70:2: Try this: 
  haveI̵

The goal is a proposition, so `have` is preferred over `haveI`.
The difference between `have` and `haveI` is that `haveI` inlines the value.
But this is not relevant for proofs because of proof irrelevance.

Note: This linter can be disabled with `set_option linter.style.haveILetI false`
⚠ [3680/3704] Replayed SM.SmoothControlGraph
warning: SM/SmoothControlGraph.lean:14:0: automatically included section variable(s) unused in theorem `SM.contDiff_polynomial_eval`:
  [DecidableEq σ]
consider restructuring your `variable` declarations so that the variables are not in scope or explicitly omit them:
  omit [DecidableEq σ] in theorem ...

Note: This linter can be disabled with `set_option linter.unusedSectionVars false`
warning: SM/SmoothControlGraph.lean:36:0: automatically included section variable(s) unused in theorem `SM.coordinate_graph_zero_iff`:
  [Fintype σ]
  [DecidableEq σ]
consider restructuring your `variable` declarations so that the variables are not in scope or explicitly omit them:
  omit [Fintype σ] [DecidableEq σ] in theorem ...

Note: This linter can be disabled with `set_option linter.unusedSectionVars false`
warning: SM/SmoothControlGraph.lean:54:0: automatically included section variable(s) unused in theorem `SM.coordinate_graph_injective`:
  [Fintype σ]
  [DecidableEq σ]
consider restructuring your `variable` declarations so that the variables are not in scope or explicitly omit them:
  omit [Fintype σ] [DecidableEq σ] in theorem ...

Note: This linter can be disabled with `set_option linter.unusedSectionVars false`
warning: SM/SmoothControlGraph.lean:72:0: automatically included section variable(s) unused in theorem `SM.coordinate_graph_projection`:
  [Fintype σ]
  [DecidableEq σ]
consider restructuring your `variable` declarations so that the variables are not in scope or explicitly omit them:
  omit [Fintype σ] [DecidableEq σ] in theorem ...

Note: This linter can be disabled with `set_option linter.unusedSectionVars false`
warning: SM/SmoothControlGraph.lean:129:53: `Set.mem_setOf_eq` has been deprecated: Use `Set.mem_ofPred_eq` instead
⚠ [3682/3704] Replayed SM.ContactLegs
warning: SM/ContactLegs.lean:16:0: automatically included section variable(s) unused in theorem `SM.contactLeg_remote`:
  [NeZero n]
consider restructuring your `variable` declarations so that the variables are not in scope or explicitly omit them:
  omit [NeZero n] in theorem ...

Note: This linter can be disabled with `set_option linter.unusedSectionVars false`
warning: SM/ContactLegs.lean:34:2: Try this: 
  letI̵

The goal is a proposition, so `let` is preferred over `letI`.
The difference between `let` and `letI` is that `letI` inlines the value.
But this is not relevant for proofs because of proof irrelevance.

Note: This linter can be disabled with `set_option linter.style.haveILetI false`
warning: SM/ContactLegs.lean:31:0: automatically included section variable(s) unused in theorem `SM.contactNeighbour_distinct`:
  [NeZero n]
consider restructuring your `variable` declarations so that the variables are not in scope or explicitly omit them:
  omit [NeZero n] in theorem ...

Note: This linter can be disabled with `set_option linter.unusedSectionVars false`
warning: SM/ContactLegs.lean:50:2: Try this: 
  letI̵

The goal is a proposition, so `let` is preferred over `letI`.
The difference between `let` and `letI` is that `letI` inlines the value.
But this is not relevant for proofs because of proof irrelevance.

Note: This linter can be disabled with `set_option linter.style.haveILetI false`
⚠ [3683/3704] Replayed SM.G1CrossingStability
warning: SM/G1CrossingStability.lean:12:0: automatically included section variable(s) unused in theorem `SM.chi_locally_constant_of_G1`:
  [NeZero n]
consider restructuring your `variable` declarations so that the variables are not in scope or explicitly omit them:
  omit [NeZero n] in theorem ...

Note: This linter can be disabled with `set_option linter.unusedSectionVars false`
warning: SM/G1CrossingStability.lean:37:0: automatically included section variable(s) unused in theorem `SM.continuousAt_edgeParameter`:
  [NeZero n]
consider restructuring your `variable` declarations so that the variables are not in scope or explicitly omit them:
  omit [NeZero n] in theorem ...

Note: This linter can be disabled with `set_option linter.unusedSectionVars false`
⚠ [3684/3704] Replayed SM.TripleCenter
warning: SM/TripleCenter.lean:11:0: automatically included section variable(s) unused in theorem `SM.isCrossing_of_common_interiors`:
  [NeZero n]
consider restructuring your `variable` declarations so that the variables are not in scope or explicitly omit them:
  omit [NeZero n] in theorem ...

Note: This linter can be disabled with `set_option linter.unusedSectionVars false`
warning: SM/TripleCenter.lean:17:0: automatically included section variable(s) unused in theorem `SM.crossingPoint_eq_edgeParameter`:
  [NeZero n]
consider restructuring your `variable` declarations so that the variables are not in scope or explicitly omit them:
  omit [NeZero n] in theorem ...

Note: This linter can be disabled with `set_option linter.unusedSectionVars false`
warning: SM/TripleCenter.lean:28:2: Try this: 
  letI̵

The goal is a proposition, so `let` is preferred over `letI`.
The difference between `let` and `letI` is that `letI` inlines the value.
But this is not relevant for proofs because of proof irrelevance.

Note: This linter can be disabled with `set_option linter.style.haveILetI false`
warning: SM/TripleCenter.lean:53:2: Try this: 
  letI̵

The goal is a proposition, so `let` is preferred over `letI`.
The difference between `let` and `letI` is that `letI` inlines the value.
But this is not relevant for proofs because of proof irrelevance.

Note: This linter can be disabled with `set_option linter.style.haveILetI false`
warning: SM/TripleCenter.lean:63:2: Try this: 
  letI̵

The goal is a proposition, so `let` is preferred over `letI`.
The difference between `let` and `letI` is that `letI` inlines the value.
But this is not relevant for proofs because of proof irrelevance.

Note: This linter can be disabled with `set_option linter.style.haveILetI false`
warning: SM/TripleCenter.lean:78:2: Try `simp at hmem` instead of `simpa using hmem`

Note: This linter can be disabled with `set_option linter.unnecessarySimpa false`
⚠ [3691/3738] Replayed SM.SingleControlCenters
warning: SM/SingleControlCenters.lean:12:0: automatically included section variable(s) unused in theorem `SM.vertex_control_zero_iff`:
  [NeZero n]
consider restructuring your `variable` declarations so that the variables are not in scope or explicitly omit them:
  omit [NeZero n] in theorem ...

Note: This linter can be disabled with `set_option linter.unusedSectionVars false`
warning: SM/SingleControlCenters.lean:22:0: automatically included section variable(s) unused in theorem `SM.edge_control_zero_of_concurrence`:
  [NeZero n]
consider restructuring your `variable` declarations so that the variables are not in scope or explicitly omit them:
  omit [NeZero n] in theorem ...

Note: This linter can be disabled with `set_option linter.unusedSectionVars false`
warning: SM/SingleControlCenters.lean:80:2: Try this: 
  letI̵

The goal is a proposition, so `let` is preferred over `letI`.
The difference between `let` and `letI` is that `letI` inlines the value.
But this is not relevant for proofs because of proof irrelevance.

Note: This linter can be disabled with `set_option linter.style.haveILetI false`
⚠ [3692/3738] Replayed SM.PointControlGeometry
warning: SM/PointControlGeometry.lean:16:2: Try this: 
  letI̵

The goal is a proposition, so `let` is preferred over `letI`.
The difference between `let` and `letI` is that `letI` inlines the value.
But this is not relevant for proofs because of proof irrelevance.

Note: This linter can be disabled with `set_option linter.style.haveILetI false`
warning: SM/PointControlGeometry.lean:12:0: automatically included section variable(s) unused in theorem `SM.triple_support_of_adjacent_pair`:
  [NeZero n]
consider restructuring your `variable` declarations so that the variables are not in scope or explicitly omit them:
  omit [NeZero n] in theorem ...

Note: This linter can be disabled with `set_option linter.unusedSectionVars false`
warning: SM/PointControlGeometry.lean:43:4: `push_neg` has been deprecated. Prefer using `push Not` instead.
If you'd rather continue using `push_neg` in your project, you can implement it as follows:
```
open Lean.Parser.Tactic in
macro "push_neg" cfg:optConfig loc:(location)? : tactic =>
  `(tactic| push $cfg:optConfig Not $[$loc]?)
```
warning: SM/PointControlGeometry.lean:80:2: Try this: 
  letI̵

The goal is a proposition, so `let` is preferred over `letI`.
The difference between `let` and `letI` is that `letI` inlines the value.
But this is not relevant for proofs because of proof irrelevance.

Note: This linter can be disabled with `set_option linter.style.haveILetI false`
⚠ [3693/3738] Replayed SM.PointControlWalls
warning: SM/PointControlWalls.lean:23:0: automatically included section variable(s) unused in theorem `SM.WallGerm.signChanges_real_sign`:
  [NeZero n]
consider restructuring your `variable` declarations so that the variables are not in scope or explicitly omit them:
  omit [NeZero n] in theorem ...

Note: This linter can be disabled with `set_option linter.unusedSectionVars false`
⚠ [3694/3738] Replayed SM.ConcurrenceOrder
warning: SM/ConcurrenceOrder.lean:14:0: automatically included section variable(s) unused in theorem `SM.concurrenceDet_order_identity`:
  [NeZero n]
consider restructuring your `variable` declarations so that the variables are not in scope or explicitly omit them:
  omit [NeZero n] in theorem ...

Note: This linter can be disabled with `set_option linter.unusedSectionVars false`
warning: SM/ConcurrenceOrder.lean:23:26: Used `tac1 <;> tac2` where `(tac1; tac2)` would suffice

Note: This linter can be disabled with `set_option linter.unnecessarySeqFocus false`
warning: SM/ConcurrenceOrder.lean:32:0: automatically included section variable(s) unused in theorem `SM.WallGerm.signChanges_of_nonzero_factor`:
  [NeZero n]
consider restructuring your `variable` declarations so that the variables are not in scope or explicitly omit them:
  omit [NeZero n] in theorem ...

Note: This linter can be disabled with `set_option linter.unusedSectionVars false`
warning: SM/ConcurrenceOrder.lean:139:10: This simp argument is unused:
  or_comm

Hint: Omit it from the simp argument list.
  [apply] simp [or_left_comm]

Note: This linter can be disabled with `set_option linter.unusedSimpArgs false`
⚠ [3698/3738] Replayed SM.FusionGeometry
warning: SM/FusionGeometry.lean:16:0: automatically included section variable(s) unused in theorem `SM.fusionScale_pos`:
  [NeZero n]
consider restructuring your `variable` declarations so that the variables are not in scope or explicitly omit them:
  omit [NeZero n] in theorem ...

Note: This linter can be disabled with `set_option linter.unusedSectionVars false`
warning: SM/FusionGeometry.lean:21:0: automatically included section variable(s) unused in theorem `SM.fusionParameter_interior`:
  [NeZero n]
consider restructuring your `variable` declarations so that the variables are not in scope or explicitly omit them:
  omit [NeZero n] in theorem ...

Note: This linter can be disabled with `set_option linter.unusedSectionVars false`
warning: SM/FusionGeometry.lean:62:6: This simp argument is unused:
  edge_deleteVertex_last

Hint: Omit it from the simp argument list.
  [apply] simp only [fusionParameter, ↓reduceIte, edgePoint, deleteVertex_last, edge, neg_add_cancel, deleteVertex_zero]

Note: This linter can be disabled with `set_option linter.unusedSimpArgs false`
warning: SM/FusionGeometry.lean:69:8: This simp argument is unused:
  edge_deleteVertex_last

Hint: Omit it from the simp argument list.
  [apply] simp only [fusionParameter, hk, ↓reduceIte, edgePoint, deleteVertex_last, edge, sub_add_cancel,
    neg_add_cancel, deleteVertex_zero]

Note: This linter can be disabled with `set_option linter.unusedSimpArgs false`
⚠ [3699/3738] Replayed SM.FusionCrossings
warning: SM/FusionCrossings.lean:19:2: Try this: 
  letI̵

The goal is a proposition, so `let` is preferred over `letI`.
The difference between `let` and `letI` is that `letI` inlines the value.
But this is not relevant for proofs because of proof irrelevance.

Note: This linter can be disabled with `set_option linter.style.haveILetI false`
⚠ [3701/3738] Replayed SM.FusionParameterOrder
warning: SM/FusionParameterOrder.lean:11:0: automatically included section variable(s) unused in theorem `SM.fusionParameter_strictMono`:
  [NeZero n]
consider restructuring your `variable` declarations so that the variables are not in scope or explicitly omit them:
  omit [NeZero n] in theorem ...

Note: This linter can be disabled with `set_option linter.unusedSectionVars false`
warning: SM/FusionParameterOrder.lean:24:2: Try this: 
  letI̵

The goal is a proposition, so `let` is preferred over `letI`.
The difference between `let` and `letI` is that `letI` inlines the value.
But this is not relevant for proofs because of proof irrelevance.

Note: This linter can be disabled with `set_option linter.style.haveILetI false`
⚠ [3703/3738] Replayed SM.SortedCompressedCut
warning: SM/SortedCompressedCut.lean:39:28: `if_pos` has been deprecated: Use `ite_eq_left` instead
warning: SM/SortedCompressedCut.lean:39:40: `if_pos` has been deprecated: Use `ite_eq_left` instead
warning: SM/SortedCompressedCut.lean:48:28: `if_neg` has been deprecated: Use `ite_eq_right` instead
warning: SM/SortedCompressedCut.lean:48:40: `if_neg` has been deprecated: Use `ite_eq_right` instead
warning: SM/SortedCompressedCut.lean:62:28: `if_neg` has been deprecated: Use `ite_eq_right` instead
warning: SM/SortedCompressedCut.lean:62:40: `if_pos` has been deprecated: Use `ite_eq_left` instead
⚠ [3704/3738] Replayed SM.GeometricOrderStability
warning: SM/GeometricOrderStability.lean:38:0: automatically included section variable(s) unused in theorem `SM.crossingSign_locally_constant_of_geometry`:
  [NeZero n]
consider restructuring your `variable` declarations so that the variables are not in scope or explicitly omit them:
  omit [NeZero n] in theorem ...

Note: This linter can be disabled with `set_option linter.unusedSectionVars false`
⚠ [3705/3738] Replayed SM.GeometricRecords
warning: SM/GeometricRecords.lean:17:2: Try this: 
  letI̵

The goal is a proposition, so `let` is preferred over `letI`.
The difference between `let` and `letI` is that `letI` inlines the value.
But this is not relevant for proofs because of proof irrelevance.

Note: This linter can be disabled with `set_option linter.style.haveILetI false`
⚠ [3714/3797] Replayed SM.RelativeGeneralPosition
warning: SM/RelativeGeneralPosition.lean:11:0: automatically included section variable(s) unused in theorem `SM.WallGerm.isolates_shifted_path`:
  [NeZero n]
consider restructuring your `variable` declarations so that the variables are not in scope or explicitly omit them:
  omit [NeZero n] in theorem ...

Note: This linter can be disabled with `set_option linter.unusedSectionVars false`
⚠ [3719/3797] Replayed SM.FlatFusionData
warning: SM/FlatFusionData.lean:56:2: Try this: 
  letI̵

The goal is a proposition, so `let` is preferred over `letI`.
The difference between `let` and `letI` is that `letI` inlines the value.
But this is not relevant for proofs because of proof irrelevance.

Note: This linter can be disabled with `set_option linter.style.haveILetI false`
⚠ [3735/3797] Replayed SM.Smoothing
warning: SM/Smoothing.lean:1794:34: Variable name `hε` is not explicitly referenced.

Hint: The binding can be removed (if unused) or named `_` (if used implicitly). Alternatively, prefix the name with `_` to silence this warning:
  [apply] _hε

Note: This linter can be disabled with `set_option linter.unusedVariables false`
warning: SM/Smoothing.lean:1800:34: Variable name `hε` is not explicitly referenced.

Hint: The binding can be removed (if unused) or named `_` (if used implicitly). Alternatively, prefix the name with `_` to silence this warning:
  [apply] _hε

Note: This linter can be disabled with `set_option linter.unusedVariables false`
warning: SM/Smoothing.lean:1806:34: Variable name `hε` is not explicitly referenced.

Hint: The binding can be removed (if unused) or named `_` (if used implicitly). Alternatively, prefix the name with `_` to silence this warning:
  [apply] _hε

Note: This linter can be disabled with `set_option linter.unusedVariables false`
warning: SM/Smoothing.lean:1812:34: Variable name `hε` is not explicitly referenced.

Hint: The binding can be removed (if unused) or named `_` (if used implicitly). Alternatively, prefix the name with `_` to silence this warning:
  [apply] _hε

Note: This linter can be disabled with `set_option linter.unusedVariables false`
warning: SM/Smoothing.lean:3700:15: `Set.mem_setOf_eq` has been deprecated: Use `Set.mem_ofPred_eq` instead
warning: SM/Smoothing.lean:4331:0: automatically included section variable(s) unused in theorem `SM.Link.Smoothing.origParam_mem`:
  M
consider restructuring your `variable` declarations so that the variables are not in scope or explicitly omit them:
  omit M in theorem ...

Note: This linter can be disabled with `set_option linter.unusedSectionVars false`
warning: SM/Smoothing.lean:4449:61: Variable name `hq` is not explicitly referenced.

Hint: The binding can be removed (if unused) or named `_` (if used implicitly). Alternatively, prefix the name with `_` to silence this warning:
  [apply] _hq

Note: This linter can be disabled with `set_option linter.unusedVariables false`
⚠ [3792/3826] Replayed SM.CBProducts
warning: SM/CBProducts.lean:85:29: Variable name `hc` is not explicitly referenced.

Hint: The binding can be removed (if unused) or named `_` (if used implicitly). Alternatively, prefix the name with `_` to silence this warning:
  [apply] _hc

Note: This linter can be disabled with `set_option linter.unusedVariables false`
warning: SM/CBProducts.lean:89:0: automatically included section variable(s) unused in theorem `SM.CB.gaussPair_val`:
  [NeZero n]
consider restructuring your `variable` declarations so that the variables are not in scope or explicitly omit them:
  omit [NeZero n] in theorem ...

Note: This linter can be disabled with `set_option linter.unusedSectionVars false`
warning: SM/CBProducts.lean:1741:33: Variable name `hT` is not explicitly referenced.

Hint: The binding can be removed (if unused) or named `_` (if used implicitly). Alternatively, prefix the name with `_` to silence this warning:
  [apply] _hT

Note: This linter can be disabled with `set_option linter.unusedVariables false`
warning: SM/CBProducts.lean:1813:47: `Set.mem_setOf_eq` has been deprecated: Use `Set.mem_ofPred_eq` instead
⚠ [3794/3826] Replayed SM.EmbeddedRotation
warning: SM/EmbeddedRotation.lean:180:60: Variable name `hk` is not explicitly referenced.

Hint: The binding can be removed (if unused) or named `_` (if used implicitly). Alternatively, prefix the name with `_` to silence this warning:
  [apply] _hk

Note: This linter can be disabled with `set_option linter.unusedVariables false`
warning: SM/EmbeddedRotation.lean:193:59: Variable name `hk` is not explicitly referenced.

Hint: The binding can be removed (if unused) or named `_` (if used implicitly). Alternatively, prefix the name with `_` to silence this warning:
  [apply] _hk

Note: This linter can be disabled with `set_option linter.unusedVariables false`
warning: SM/EmbeddedRotation.lean:224:26: Variable name `hn` is not explicitly referenced.

Hint: The binding can be removed (if unused) or named `_` (if used implicitly). Alternatively, prefix the name with `_` to silence this warning:
  [apply] _hn

Note: This linter can be disabled with `set_option linter.unusedVariables false`
warning: SM/EmbeddedRotation.lean:266:38: Variable name `hn` is not explicitly referenced.

Hint: The binding can be removed (if unused) or named `_` (if used implicitly). Alternatively, prefix the name with `_` to silence this warning:
  [apply] _hn

Note: This linter can be disabled with `set_option linter.unusedVariables false`
warning: SM/EmbeddedRotation.lean:710:5: Variable name `h` is not explicitly referenced.

Hint: The binding can be removed (if unused) or named `_` (if used implicitly). Alternatively, prefix the name with `_` to silence this warning:
  [apply] _h

Note: This linter can be disabled with `set_option linter.unusedVariables false`
warning: SM/EmbeddedRotation.lean:752:5: Variable name `h` is not explicitly referenced.

Hint: The binding can be removed (if unused) or named `_` (if used implicitly). Alternatively, prefix the name with `_` to silence this warning:
  [apply] _h

Note: This linter can be disabled with `set_option linter.unusedVariables false`
warning: SM/EmbeddedRotation.lean:802:77: Variable name `h` is not explicitly referenced.

Hint: The binding can be removed (if unused) or named `_` (if used implicitly). Alternatively, prefix the name with `_` to silence this warning:
  [apply] _h

Note: This linter can be disabled with `set_option linter.unusedVariables false`
warning: SM/EmbeddedRotation.lean:923:58: Variable name `hn` is not explicitly referenced.

Hint: The binding can be removed (if unused) or named `_` (if used implicitly). Alternatively, prefix the name with `_` to silence this warning:
  [apply] _hn

Note: This linter can be disabled with `set_option linter.unusedVariables false`
⚠ [3797/3826] Replayed SM.ThreeEdgeArc
warning: SM/ThreeEdgeArc.lean:10:0: automatically included section variable(s) unused in theorem `SM.traversalBetween_of_key_lt`:
  [NeZero n]
consider restructuring your `variable` declarations so that the variables are not in scope or explicitly omit them:
  omit [NeZero n] in theorem ...

Note: This linter can be disabled with `set_option linter.unusedSectionVars false`
warning: SM/ThreeEdgeArc.lean:65:29: This simp argument is unused:
  sub_eq_zero

Hint: Omit it from the simp argument list.
  [apply] simp only [traversalShift, sub_eq_iff_eq_add, zero_add, add_comm, add_zero]

Note: This linter can be disabled with `set_option linter.unusedSimpArgs false`
warning: SM/ThreeEdgeArc.lean:65:61: This simp argument is unused:
  zero_add

Hint: Omit it from the simp argument list.
  [apply] simp only [traversalShift, sub_eq_zero, sub_eq_iff_eq_add, add_comm, add_zero]

Note: This linter can be disabled with `set_option linter.unusedSimpArgs false`
warning: SM/ThreeEdgeArc.lean:69:0: automatically included section variable(s) unused in theorem `SM.traversalVertex_evaluation`:
  [NeZero n]
consider restructuring your `variable` declarations so that the variables are not in scope or explicitly omit them:
  omit [NeZero n] in theorem ...

Note: This linter can be disabled with `set_option linter.unusedSectionVars false`
⚠ [3798/3826] Replayed SM.ThreeEdgeCrossingArc
warning: SM/ThreeEdgeCrossingArc.lean:51:0: automatically included section variable(s) unused in theorem `SM.remote_three_consecutive_only_ends`:
  [NeZero n]
consider restructuring your `variable` declarations so that the variables are not in scope or explicitly omit them:
  omit [NeZero n] in theorem ...

Note: This linter can be disabled with `set_option linter.unusedSectionVars false`
⚠ [3799/3826] Replayed SM.ThreeEdgeArcThreads
warning: SM/ThreeEdgeArcThreads.lean:10:0: automatically included section variable(s) unused in theorem `SM.twoStepFirstVisit_ne_last`:
  [NeZero n]
consider restructuring your `variable` declarations so that the variables are not in scope or explicitly omit them:
  omit [NeZero n] in theorem ...

Note: This linter can be disabled with `set_option linter.unusedSectionVars false`
⚠ [3800/3826] Replayed SM.ThreeEdgeEmptyArc
warning: SM/ThreeEdgeEmptyArc.lean:11:0: automatically included section variable(s) unused in theorem `SM.twoStepArc_no_newborn_visit`:
  [NeZero n]
consider restructuring your `variable` declarations so that the variables are not in scope or explicitly omit them:
  omit [NeZero n] in theorem ...

Note: This linter can be disabled with `set_option linter.unusedSectionVars false`
⚠ [3801/3826] Replayed SM.ThreeEdgeClosedArc
warning: SM/ThreeEdgeClosedArc.lean:10:0: automatically included section variable(s) unused in theorem `SM.eq_visitPosition_iff`:
  [NeZero n]
consider restructuring your `variable` declarations so that the variables are not in scope or explicitly omit them:
  omit [NeZero n] in theorem ...

Note: This linter can be disabled with `set_option linter.unusedSectionVars false`
⚠ [3802/3826] Replayed SM.CuspEmptyEdge
warning: SM/CuspEmptyEdge.lean:20:2: Try this: 
  haveI̵

The goal is a proposition, so `have` is preferred over `haveI`.
The difference between `have` and `haveI` is that `haveI` inlines the value.
But this is not relevant for proofs because of proof irrelevance.

Note: This linter can be disabled with `set_option linter.style.haveILetI false`
⚠ [3803/3826] Replayed SM.SilentCenter
warning: SM/SilentCenter.lean:10:0: automatically included section variable(s) unused in theorem `SM.weak_of_geometry_turns_vertices`:
  [NeZero n]
consider restructuring your `variable` declarations so that the variables are not in scope or explicitly omit them:
  omit [NeZero n] in theorem ...

Note: This linter can be disabled with `set_option linter.unusedSectionVars false`
⚠ [3805/3826] Replayed SM.ContactPairGeometry
warning: SM/ContactPairGeometry.lean:31:0: automatically included section variable(s) unused in theorem `SM.edgeInterior_of_closed_ne_endpoints`:
  [NeZero n]
consider restructuring your `variable` declarations so that the variables are not in scope or explicitly omit them:
  omit [NeZero n] in theorem ...

Note: This linter can be disabled with `set_option linter.unusedSectionVars false`
⚠ [3807/3826] Replayed SM.ContactPersistence
warning: SM/ContactPersistence.lean:15:0: automatically included section variable(s) unused in theorem `SM.pair_persists_of_interior_geometry`:
  [NeZero n]
consider restructuring your `variable` declarations so that the variables are not in scope or explicitly omit them:
  omit [NeZero n] in theorem ...

Note: This linter can be disabled with `set_option linter.unusedSectionVars false`
⚠ [3809/3826] Replayed SM.ContactVertices
warning: SM/ContactVertices.lean:10:0: automatically included section variable(s) unused in theorem `SM.interior_vertex_nonincident`:
  [NeZero n]
consider restructuring your `variable` declarations so that the variables are not in scope or explicitly omit them:
  omit [NeZero n] in theorem ...

Note: This linter can be disabled with `set_option linter.unusedSectionVars false`
⚠ [3810/3826] Replayed SM.ContactApproach
warning: SM/ContactApproach.lean:15:0: automatically included section variable(s) unused in theorem `SM.contact_edgePoint_endpoint`:
  [NeZero n]
consider restructuring your `variable` declarations so that the variables are not in scope or explicitly omit them:
  omit [NeZero n] in theorem ...

Note: This linter can be disabled with `set_option linter.unusedSectionVars false`
⚠ [3811/4051] Replayed SM.CuspEmptyDefinition
warning: SM/CuspEmptyDefinition.lean:12:0: automatically included section variable(s) unused in theorem `SM.visitTransport_twoStepFirst`:
  [NeZero n]
consider restructuring your `variable` declarations so that the variables are not in scope or explicitly omit them:
  omit [NeZero n] in theorem ...

Note: This linter can be disabled with `set_option linter.unusedSectionVars false`
warning: SM/CuspEmptyDefinition.lean:17:0: automatically included section variable(s) unused in theorem `SM.visitTransport_twoStepLast`:
  [NeZero n]
consider restructuring your `variable` declarations so that the variables are not in scope or explicitly omit them:
  omit [NeZero n] in theorem ...

Note: This linter can be disabled with `set_option linter.unusedSectionVars false`
⚠ [3812/4051] Replayed SM.CuspRelabel
warning: SM/CuspRelabel.lean:16:0: automatically included section variable(s) unused in theorem `SM.cuspFirst_sub`:
  [NeZero n]
consider restructuring your `variable` declarations so that the variables are not in scope or explicitly omit them:
  omit [NeZero n] in theorem ...

Note: This linter can be disabled with `set_option linter.unusedSectionVars false`
warning: SM/CuspRelabel.lean:33:0: automatically included section variable(s) unused in theorem `SM.isCrossing_shift_support`:
  [NeZero n]
consider restructuring your `variable` declarations so that the variables are not in scope or explicitly omit them:
  omit [NeZero n] in theorem ...

Note: This linter can be disabled with `set_option linter.unusedSectionVars false`
info: SM/CuspRelabel.lean:57:4: Try this:
  [apply] ring_nf
  
  The `ring` tactic failed to close the goal. Use `ring_nf` to obtain a normal form.
    
  Note that `ring` works primarily in *commutative* rings. If you have a noncommutative ring, abelian group or module, consider using `noncomm_ring`, `abel` or `module` instead.
warning: SM/CuspRelabel.lean:49:0: automatically included section variable(s) unused in theorem `SM.visitShift_twoStepFirst`:
  [NeZero n]
consider restructuring your `variable` declarations so that the variables are not in scope or explicitly omit them:
  omit [NeZero n] in theorem ...

Note: This linter can be disabled with `set_option linter.unusedSectionVars false`
info: SM/CuspRelabel.lean:68:4: Try this:
  [apply] ring_nf
  
  The `ring` tactic failed to close the goal. Use `ring_nf` to obtain a normal form.
    
  Note that `ring` works primarily in *commutative* rings. If you have a noncommutative ring, abelian group or module, consider using `noncomm_ring`, `abel` or `module` instead.
warning: SM/CuspRelabel.lean:60:0: automatically included section variable(s) unused in theorem `SM.visitShift_twoStepLast`:
  [NeZero n]
consider restructuring your `variable` declarations so that the variables are not in scope or explicitly omit them:
  omit [NeZero n] in theorem ...

Note: This linter can be disabled with `set_option linter.unusedSectionVars false`
⚠ [3815/4051] Replayed SM.NamedWallsDefinition
warning: SM/NamedWallsDefinition.lean:42:21: Variable name `h` is not explicitly referenced.

Hint: The binding can be removed (if unused) or named `_` (if used implicitly). Alternatively, prefix the name with `_` to silence this warning:
  [apply] _h

Note: This linter can be disabled with `set_option linter.unusedVariables false`
warning: SM/NamedWallsDefinition.lean:45:24: Variable name `h` is not explicitly referenced.

Hint: The binding can be removed (if unused) or named `_` (if used implicitly). Alternatively, prefix the name with `_` to silence this warning:
  [apply] _h

Note: This linter can be disabled with `set_option linter.unusedVariables false`
⚠ [3816/4051] Replayed SM.ContactWindowGap
warning: SM/ContactWindowGap.lean:80:16: `if_pos` has been deprecated: Use `ite_eq_left` instead
⚠ [3818/4051] Replayed SM.ContactVisitWindows
warning: SM/ContactVisitWindows.lean:17:0: automatically included section variable(s) unused in theorem `SM.contactAffected_iff_leg`:
  [NeZero n]
consider restructuring your `variable` declarations so that the variables are not in scope or explicitly omit them:
  omit [NeZero n] in theorem ...

Note: This linter can be disabled with `set_option linter.unusedSectionVars false`
warning: SM/ContactVisitWindows.lean:51:0: automatically included section variable(s) unused in theorem `SM.unaffected_visit_outside_window`:
  [NeZero n]
consider restructuring your `variable` declarations so that the variables are not in scope or explicitly omit them:
  omit [NeZero n] in theorem ...

Note: This linter can be disabled with `set_option linter.unusedSectionVars false`
⚠ [3819/4051] Replayed SM.ContactVisitOrder
warning: SM/ContactVisitOrder.lean:22:0: automatically included section variable(s) unused in theorem `SM.contactVisitTransport_support`:
  [NeZero n]
consider restructuring your `variable` declarations so that the variables are not in scope or explicitly omit them:
  omit [NeZero n] in theorem ...

Note: This linter can be disabled with `set_option linter.unusedSectionVars false`
warning: SM/ContactVisitOrder.lean:27:0: automatically included section variable(s) unused in theorem `SM.contactVisitTransport_edge`:
  [NeZero n]
consider restructuring your `variable` declarations so that the variables are not in scope or explicitly omit them:
  omit [NeZero n] in theorem ...

Note: This linter can be disabled with `set_option linter.unusedSectionVars false`
⚠ [3820/4051] Replayed SM.ContactCrossingTest
warning: SM/ContactCrossingTest.lean:16:0: automatically included section variable(s) unused in theorem `SM.continuousAt_baseLegSideProduct`:
  [NeZero n]
consider restructuring your `variable` declarations so that the variables are not in scope or explicitly omit them:
  omit [NeZero n] in theorem ...

Note: This linter can be disabled with `set_option linter.unusedSectionVars false`
⚠ [3822/4051] Replayed SM.ContactCrossingPatterns
warning: SM/ContactCrossingPatterns.lean:33:2: Try this: 
  letI̵

The goal is a proposition, so `let` is preferred over `letI`.
The difference between `let` and `letI` is that `letI` inlines the value.
But this is not relevant for proofs because of proof irrelevance.

Note: This linter can be disabled with `set_option linter.style.haveILetI false`
warning: SM/ContactCrossingPatterns.lean:31:0: automatically included section variable(s) unused in theorem `SM.contact_pairs_distinct`:
  [NeZero n]
consider restructuring your `variable` declarations so that the variables are not in scope or explicitly omit them:
  omit [NeZero n] in theorem ...

Note: This linter can be disabled with `set_option linter.unusedSectionVars false`
warning: SM/ContactCrossingPatterns.lean:41:0: automatically included section variable(s) unused in theorem `SM.contact_pair_flips`:
  [NeZero n]
consider restructuring your `variable` declarations so that the variables are not in scope or explicitly omit them:
  omit [NeZero n] in theorem ...

Note: This linter can be disabled with `set_option linter.unusedSectionVars false`
warning: SM/ContactCrossingPatterns.lean:82:0: automatically included section variable(s) unused in theorem `SM.contact_bigon_of_tests`:
  [NeZero n]
consider restructuring your `variable` declarations so that the variables are not in scope or explicitly omit them:
  omit [NeZero n] in theorem ...

Note: This linter can be disabled with `set_option linter.unusedSectionVars false`
warning: SM/ContactCrossingPatterns.lean:96:0: automatically included section variable(s) unused in theorem `SM.contact_sliding_of_tests`:
  [NeZero n]
consider restructuring your `variable` declarations so that the variables are not in scope or explicitly omit them:
  omit [NeZero n] in theorem ...

Note: This linter can be disabled with `set_option linter.unusedSectionVars false`
⚠ [4049/4101] Replayed SM.Curl
warning: SM/Curl.lean:597:32: Used `tac1 <;> tac2` where `(tac1; tac2)` would suffice

Note: This linter can be disabled with `set_option linter.unnecessarySeqFocus false`
warning: SM/Curl.lean:1079:93: Variable name `hlam` is not explicitly referenced.

Hint: The binding can be removed (if unused) or named `_` (if used implicitly). Alternatively, prefix the name with `_` to silence this warning:
  [apply] _hlam

Note: This linter can be disabled with `set_option linter.unusedVariables false`
warning: SM/Curl.lean:1114:93: Variable name `hlam` is not explicitly referenced.

Hint: The binding can be removed (if unused) or named `_` (if used implicitly). Alternatively, prefix the name with `_` to silence this warning:
  [apply] _hlam

Note: This linter can be disabled with `set_option linter.unusedVariables false`
warning: SM/Curl.lean:1152:24: Variable name `hpos` is not explicitly referenced.

Hint: The binding can be removed (if unused) or named `_` (if used implicitly). Alternatively, prefix the name with `_` to silence this warning:
  [apply] _hpos

Note: This linter can be disabled with `set_option linter.unusedVariables false`
warning: SM/Curl.lean:1173:50: Variable name `hlam` is not explicitly referenced.

Hint: The binding can be removed (if unused) or named `_` (if used implicitly). Alternatively, prefix the name with `_` to silence this warning:
  [apply] _hlam

Note: This linter can be disabled with `set_option linter.unusedVariables false`
warning: SM/Curl.lean:1173:75: Variable name `hη` is not explicitly referenced.

Hint: The binding can be removed (if unused) or named `_` (if used implicitly). Alternatively, prefix the name with `_` to silence this warning:
  [apply] _hη

Note: This linter can be disabled with `set_option linter.unusedVariables false`
warning: SM/Curl.lean:1197:24: Variable name `hneg` is not explicitly referenced.

Hint: The binding can be removed (if unused) or named `_` (if used implicitly). Alternatively, prefix the name with `_` to silence this warning:
  [apply] _hneg

Note: This linter can be disabled with `set_option linter.unusedVariables false`
warning: SM/Curl.lean:1306:40: Variable name `hs` is not explicitly referenced.

Hint: The binding can be removed (if unused) or named `_` (if used implicitly). Alternatively, prefix the name with `_` to silence this warning:
  [apply] _hs

Note: This linter can be disabled with `set_option linter.unusedVariables false`
warning: SM/Curl.lean:1332:77: Used `tac1 <;> tac2` where `(tac1; tac2)` would suffice

Note: This linter can be disabled with `set_option linter.unnecessarySeqFocus false`
warning: SM/Curl.lean:2742:54: Variable name `hα'` is not explicitly referenced.

Hint: The binding can be removed (if unused) or named `_` (if used implicitly). Alternatively, prefix the name with `_` to silence this warning:
  [apply] _hα'

Note: This linter can be disabled with `set_option linter.unusedVariables false`
warning: SM/Curl.lean:2742:72: Variable name `hβ'` is not explicitly referenced.

Hint: The binding can be removed (if unused) or named `_` (if used implicitly). Alternatively, prefix the name with `_` to silence this warning:
  [apply] _hβ'

Note: This linter can be disabled with `set_option linter.unusedVariables false`
warning: SM/Curl.lean:2743:62: Variable name `hr` is not explicitly referenced.

Hint: The binding can be removed (if unused) or named `_` (if used implicitly). Alternatively, prefix the name with `_` to silence this warning:
  [apply] _hr

Note: This linter can be disabled with `set_option linter.unusedVariables false`
warning: SM/Curl.lean:6049:22: `dif_pos` has been deprecated: Use `dite_eq_left` instead
warning: SM/Curl.lean:6054:6: `dif_neg` has been deprecated: Use `dite_eq_right` instead
⚠ [4091/4101] Replayed SM.RegularPoleCount
warning: SM/RegularPoleCount.lean:752:78: Variable name `hP` is not explicitly referenced.

Hint: The binding can be removed (if unused) or named `_` (if used implicitly). Alternatively, prefix the name with `_` to silence this warning:
  [apply] _hP

Note: This linter can be disabled with `set_option linter.unusedVariables false`
⚠ [4096/4188] Replayed SM.FrontRealizeSlots
warning: SM/FrontRealizeSlots.lean:296:51: This simp argument is unused:
  hw

Hint: Omit it from the simp argument list.
  [apply] simp [hA]

Note: This linter can be disabled with `set_option linter.unusedSimpArgs false`
warning: SM/FrontRealizeSlots.lean:297:49: This simp argument is unused:
  hw'

Hint: Omit it from the simp argument list.
  [apply] simp [hA]

Note: This linter can be disabled with `set_option linter.unusedSimpArgs false`
warning: SM/FrontRealizeSlots.lean:945:22: Used `tac1 <;> tac2` where `(tac1; tac2)` would suffice

Note: This linter can be disabled with `set_option linter.unnecessarySeqFocus false`
warning: SM/FrontRealizeSlots.lean:1135:66: Used `tac1 <;> tac2` where `(tac1; tac2)` would suffice

Note: This linter can be disabled with `set_option linter.unnecessarySeqFocus false`
⚠ [4097/4188] Replayed SM.FrontRealize
warning: SM/FrontRealize.lean:266:33: Used `tac1 <;> tac2` where `(tac1; tac2)` would suffice

Note: This linter can be disabled with `set_option linter.unnecessarySeqFocus false`
warning: SM/FrontRealize.lean:269:84: Used `tac1 <;> tac2` where `(tac1; tac2)` would suffice

Note: This linter can be disabled with `set_option linter.unnecessarySeqFocus false`
warning: SM/FrontRealize.lean:402:37: This simp argument is unused:
  hb

Hint: Omit it from the simp argument list.
  [apply] simp [Shape.left, Placement.A_zero_fst]

Note: This linter can be disabled with `set_option linter.unusedSimpArgs false`
warning: SM/FrontRealize.lean:465:68: Variable name `t` is not explicitly referenced.

Hint: The binding can be removed (if unused) or named `_` (if used implicitly). Alternatively, prefix the name with `_` to silence this warning:
  [apply] _t

Note: This linter can be disabled with `set_option linter.unusedVariables false`
warning: SM/FrontRealize.lean:465:70: Variable name `t'` is not explicitly referenced.

Hint: The binding can be removed (if unused) or named `_` (if used implicitly). Alternatively, prefix the name with `_` to silence this warning:
  [apply] _t'

Note: This linter can be disabled with `set_option linter.unusedVariables false`
warning: SM/FrontRealize.lean:703:61: Used `tac1 <;> tac2` where `(tac1; tac2)` would suffice

Note: This linter can be disabled with `set_option linter.unnecessarySeqFocus false`
warning: SM/FrontRealize.lean:776:47: Used `tac1 <;> tac2` where `(tac1; tac2)` would suffice

Note: This linter can be disabled with `set_option linter.unnecessarySeqFocus false`
warning: SM/FrontRealize.lean:1042:23: Used `tac1 <;> tac2` where `(tac1; tac2)` would suffice

Note: This linter can be disabled with `set_option linter.unnecessarySeqFocus false`
warning: SM/FrontRealize.lean:1042:35: Used `tac1 <;> tac2` where `(tac1; tac2)` would suffice

Note: This linter can be disabled with `set_option linter.unnecessarySeqFocus false`
warning: SM/FrontRealize.lean:1054:31: Used `tac1 <;> tac2` where `(tac1; tac2)` would suffice

Note: This linter can be disabled with `set_option linter.unnecessarySeqFocus false`
warning: SM/FrontRealize.lean:1054:43: Used `tac1 <;> tac2` where `(tac1; tac2)` would suffice

Note: This linter can be disabled with `set_option linter.unnecessarySeqFocus false`
warning: SM/FrontRealize.lean:1156:57: Unused tactic linter: `push_cast` does nothing

Note: This linter can be disabled with `set_option linter.unusedTactic false`
⚠ [4098/4188] Replayed SM.FrontRealizeCorrespondence
warning: SM/FrontRealizeCorrespondence.lean:168:84: Used `tac1 <;> tac2` where `(tac1; tac2)` would suffice

Note: This linter can be disabled with `set_option linter.unnecessarySeqFocus false`
warning: SM/FrontRealizeCorrespondence.lean:485:83: Unused tactic linter: `omega` does nothing

Note: This linter can be disabled with `set_option linter.unusedTactic false`
warning: SM/FrontRealizeCorrespondence.lean:485:83: this tactic is never executed

Note: This linter can be disabled with `set_option linter.unreachableTactic false`
warning: SM/FrontRealizeCorrespondence.lean:627:55: Unused tactic linter: `push_cast` does nothing

Note: This linter can be disabled with `set_option linter.unusedTactic false`
warning: SM/FrontRealizeCorrespondence.lean:633:55: Unused tactic linter: `push_cast` does nothing

Note: This linter can be disabled with `set_option linter.unusedTactic false`
warning: SM/FrontRealizeCorrespondence.lean:647:47: Unused tactic linter: `push_cast` does nothing

Note: This linter can be disabled with `set_option linter.unusedTactic false`
warning: SM/FrontRealizeCorrespondence.lean:647:76: Unused tactic linter: `ring` does nothing

Note: This linter can be disabled with `set_option linter.unusedTactic false`
warning: SM/FrontRealizeCorrespondence.lean:648:47: Unused tactic linter: `push_cast` does nothing

Note: This linter can be disabled with `set_option linter.unusedTactic false`
warning: SM/FrontRealizeCorrespondence.lean:648:61: Unused tactic linter: `field_simp` does nothing

Note: This linter can be disabled with `set_option linter.unusedTactic false`
warning: SM/FrontRealizeCorrespondence.lean:648:76: Unused tactic linter: `ring` does nothing

Note: This linter can be disabled with `set_option linter.unusedTactic false`
warning: SM/FrontRealizeCorrespondence.lean:647:76: this tactic is never executed

Note: This linter can be disabled with `set_option linter.unreachableTactic false`
warning: SM/FrontRealizeCorrespondence.lean:648:47: this tactic is never executed

Note: This linter can be disabled with `set_option linter.unreachableTactic false`
warning: SM/FrontRealizeCorrespondence.lean:648:61: this tactic is never executed

Note: This linter can be disabled with `set_option linter.unreachableTactic false`
warning: SM/FrontRealizeCorrespondence.lean:648:76: this tactic is never executed

Note: This linter can be disabled with `set_option linter.unreachableTactic false`
warning: SM/FrontRealizeCorrespondence.lean:647:43: Used `tac1 <;> tac2` where `(tac1; tac2)` would suffice

Note: This linter can be disabled with `set_option linter.unnecessarySeqFocus false`
warning: SM/FrontRealizeCorrespondence.lean:647:57: Used `tac1 <;> tac2` where `(tac1; tac2)` would suffice

Note: This linter can be disabled with `set_option linter.unnecessarySeqFocus false`
⚠ [4099/4188] Replayed SM.FrontRealizeGeometry
warning: SM/FrontRealizeGeometry.lean:166:0: automatically included section variable(s) unused in theorem `SM.FrontRealize.piecePt_fst_mem`:
  hW
consider restructuring your `variable` declarations so that the variables are not in scope or explicitly omit them:
  omit hW in theorem ...

Note: This linter can be disabled with `set_option linter.unusedSectionVars false`
warning: SM/FrontRealizeGeometry.lean:172:0: automatically included section variable(s) unused in theorem `SM.FrontRealize.piecePt_fst_eq_left`:
  hW
consider restructuring your `variable` declarations so that the variables are not in scope or explicitly omit them:
  omit hW in theorem ...

Note: This linter can be disabled with `set_option linter.unusedSectionVars false`
warning: SM/FrontRealizeGeometry.lean:172:63: Variable name `h1` is not explicitly referenced.

Hint: The binding can be removed (if unused) or named `_` (if used implicitly). Alternatively, prefix the name with `_` to silence this warning:
  [apply] _h1

Note: This linter can be disabled with `set_option linter.unusedVariables false`
warning: SM/FrontRealizeGeometry.lean:185:0: automatically included section variable(s) unused in theorem `SM.FrontRealize.piecePt_fst_eq_right`:
  hW
consider restructuring your `variable` declarations so that the variables are not in scope or explicitly omit them:
  omit hW in theorem ...

Note: This linter can be disabled with `set_option linter.unusedSectionVars false`
warning: SM/FrontRealizeGeometry.lean:185:51: Variable name `h0` is not explicitly referenced.

Hint: The binding can be removed (if unused) or named `_` (if used implicitly). Alternatively, prefix the name with `_` to silence this warning:
  [apply] _h0

Note: This linter can be disabled with `set_option linter.unusedVariables false`
warning: SM/FrontRealizeGeometry.lean:221:61: Variable name `hab` is not explicitly referenced.

Hint: The binding can be removed (if unused) or named `_` (if used implicitly). Alternatively, prefix the name with `_` to silence this warning:
  [apply] _hab

Note: This linter can be disabled with `set_option linter.unusedVariables false`
warning: SM/FrontRealizeGeometry.lean:290:0: automatically included section variable(s) unused in theorem `SM.FrontRealize.piecePt_fst_eq_x`:
  hW
consider restructuring your `variable` declarations so that the variables are not in scope or explicitly omit them:
  omit hW in theorem ...

Note: This linter can be disabled with `set_option linter.unusedSectionVars false`
warning: SM/FrontRealizeGeometry.lean:538:36: Variable name `h` is not explicitly referenced.

Hint: The binding can be removed (if unused) or named `_` (if used implicitly). Alternatively, prefix the name with `_` to silence this warning:
  [apply] _h

Note: This linter can be disabled with `set_option linter.unusedVariables false`
warning: SM/FrontRealizeGeometry.lean:600:8: `if_pos` has been deprecated: Use `ite_eq_left` instead
warning: SM/FrontRealizeGeometry.lean:606:8: `if_neg` has been deprecated: Use `ite_eq_right` instead
warning: SM/FrontRealizeGeometry.lean:651:8: `if_pos` has been deprecated: Use `ite_eq_left` instead
warning: SM/FrontRealizeGeometry.lean:658:8: `if_neg` has been deprecated: Use `ite_eq_right` instead
warning: SM/FrontRealizeGeometry.lean:681:30: Variable name `h` is not explicitly referenced.

Hint: The binding can be removed (if unused) or named `_` (if used implicitly). Alternatively, prefix the name with `_` to silence this warning:
  [apply] _h

Note: This linter can be disabled with `set_option linter.unusedVariables false`
warning: SM/FrontRealizeGeometry.lean:738:8: `if_pos` has been deprecated: Use `ite_eq_left` instead
warning: SM/FrontRealizeGeometry.lean:740:8: `if_neg` has been deprecated: Use `ite_eq_right` instead
warning: SM/FrontRealizeGeometry.lean:732:0: automatically included section variable(s) unused in theorem `SM.FrontRealize.isExtSlot_of_extCol`:
  hP
  hE
consider restructuring your `variable` declarations so that the variables are not in scope or explicitly omit them:
  omit hP hE in theorem ...

Note: This linter can be disabled with `set_option linter.unusedSectionVars false`
warning: SM/FrontRealizeGeometry.lean:772:21: This simp argument is unused:
  ↓reduceIte

Hint: Omit it from the simp argument list.
  [apply] simp only [hb] at h

Note: This linter can be disabled with `set_option linter.unusedSimpArgs false`
warning: SM/FrontRealizeGeometry.lean:844:89: Used `tac1 <;> tac2` where `(tac1; tac2)` would suffice

Note: This linter can be disabled with `set_option linter.unnecessarySeqFocus false`
warning: SM/FrontRealizeGeometry.lean:946:8: `if_pos` has been deprecated: Use `ite_eq_left` instead
warning: SM/FrontRealizeGeometry.lean:956:8: `if_neg` has been deprecated: Use `ite_eq_right` instead
warning: SM/FrontRealizeGeometry.lean:937:0: automatically included section variable(s) unused in theorem `SM.FrontRealize.pt_notMem_interior_of_ext`:
  hP
  hW
consider restructuring your `variable` declarations so that the variables are not in scope or explicitly omit them:
  omit hP hW in theorem ...

Note: This linter can be disabled with `set_option linter.unusedSectionVars false`
warning: SM/FrontRealizeGeometry.lean:1008:12: `if_neg` has been deprecated: Use `ite_eq_right` instead
warning: SM/FrontRealizeGeometry.lean:1101:19: `dif_pos` has been deprecated: Use `dite_eq_left` instead
warning: SM/FrontRealizeGeometry.lean:1241:8: `if_neg` has been deprecated: Use `ite_eq_right` instead
warning: SM/FrontRealizeGeometry.lean:1243:8: `if_pos` has been deprecated: Use `ite_eq_left` instead
warning: SM/FrontRealizeGeometry.lean:1280:31: Used `tac1 <;> tac2` where `(tac1; tac2)` would suffice

Note: This linter can be disabled with `set_option linter.unnecessarySeqFocus false`
warning: SM/FrontRealizeGeometry.lean:1285:31: Used `tac1 <;> tac2` where `(tac1; tac2)` would suffice

Note: This linter can be disabled with `set_option linter.unnecessarySeqFocus false`
warning: SM/FrontRealizeGeometry.lean:1393:53: Unused tactic linter: `push_cast` does nothing

Note: This linter can be disabled with `set_option linter.unusedTactic false`
warning: SM/FrontRealizeGeometry.lean:1400:53: Unused tactic linter: `push_cast` does nothing

Note: This linter can be disabled with `set_option linter.unusedTactic false`
warning: SM/FrontRealizeGeometry.lean:1472:0: automatically included section variable(s) unused in theorem `SM.FrontRealize.isExtSlot_σSlotA`:
  hP
  hE
consider restructuring your `variable` declarations so that the variables are not in scope or explicitly omit them:
  omit hP hE in theorem ...

Note: This linter can be disabled with `set_option linter.unusedSectionVars false`
warning: SM/FrontRealizeGeometry.lean:1480:0: automatically included section variable(s) unused in theorem `SM.FrontRealize.isExtSlot_σSlotB`:
  hP
  hE
consider restructuring your `variable` declarations so that the variables are not in scope or explicitly omit them:
  omit hP hE in theorem ...

Note: This linter can be disabled with `set_option linter.unusedSectionVars false`
⚠ [4101/4188] Replayed SM.FrontRealizeStandard
warning: SM/FrontRealizeStandard.lean:419:38: Used `tac1 <;> tac2` where `(tac1; tac2)` would suffice

Note: This linter can be disabled with `set_option linter.unnecessarySeqFocus false`
warning: SM/FrontRealizeStandard.lean:463:42: Variable name `hRi` is not explicitly referenced.

Hint: The binding can be removed (if unused) or named `_` (if used implicitly). Alternatively, prefix the name with `_` to silence this warning:
  [apply] _hRi

Note: This linter can be disabled with `set_option linter.unusedVariables false`
⚠ [4102/4188] Replayed SM.FrontRealizeBase
warning: SM/FrontRealizeBase.lean:146:60: This simp argument is unused:
  hw

Hint: Omit it from the simp argument list.
  [apply] simp [hA]

Note: This linter can be disabled with `set_option linter.unusedSimpArgs false`
warning: SM/FrontRealizeBase.lean:147:49: This simp argument is unused:
  hw'

Hint: Omit it from the simp argument list.
  [apply] simp [hA]

Note: This linter can be disabled with `set_option linter.unusedSimpArgs false`
warning: SM/FrontRealizeBase.lean:327:4: `push_neg` has been deprecated. Prefer using `push Not` instead.
If you'd rather continue using `push_neg` in your project, you can implement it as follows:
```
open Lean.Parser.Tactic in
macro "push_neg" cfg:optConfig loc:(location)? : tactic =>
  `(tactic| push $cfg:optConfig Not $[$loc]?)
```
warning: SM/FrontRealizeBase.lean:380:4: `push_neg` has been deprecated. Prefer using `push Not` instead.
If you'd rather continue using `push_neg` in your project, you can implement it as follows:
```
open Lean.Parser.Tactic in
macro "push_neg" cfg:optConfig loc:(location)? : tactic =>
  `(tactic| push $cfg:optConfig Not $[$loc]?)
```
⚠ [4103/4188] Replayed SM.FrontRealizeDeform
warning: SM/FrontRealizeDeform.lean:67:17: Used `tac1 <;> tac2` where `(tac1; tac2)` would suffice

Note: This linter can be disabled with `set_option linter.unnecessarySeqFocus false`
warning: SM/FrontRealizeDeform.lean:68:17: Used `tac1 <;> tac2` where `(tac1; tac2)` would suffice

Note: This linter can be disabled with `set_option linter.unnecessarySeqFocus false`
⚠ [4106/4188] Replayed SM.FrontRowsW2
warning: SM/FrontRowsW2.lean:13371:0: automatically included section variable(s) unused in theorem `SM.FrontRows.U8R.lexKey_injective`:
  [Fintype α]
  [DecidableEq α]
  [LinearOrder ι]
consider restructuring your `variable` declarations so that the variables are not in scope or explicitly omit them:
  omit [Fintype α] [DecidableEq α] [LinearOrder ι] in theorem ...

Note: This linter can be disabled with `set_option linter.unusedSectionVars false`
warning: SM/FrontRowsW2.lean:13392:0: automatically included section variable(s) unused in theorem `SM.FrontRows.U8R.mem_fib`:
  [DecidableEq α]
consider restructuring your `variable` declarations so that the variables are not in scope or explicitly omit them:
  omit [DecidableEq α] in theorem ...

Note: This linter can be disabled with `set_option linter.unusedSectionVars false`
warning: SM/FrontRowsW2.lean:14057:46: Variable name `q` is not explicitly referenced.

Hint: The binding can be removed (if unused) or named `_` (if used implicitly). Alternatively, prefix the name with `_` to silence this warning:
  [apply] _q

Note: This linter can be disabled with `set_option linter.unusedVariables false`
warning: SM/FrontRowsW2.lean:14176:53: Variable name `t` is not explicitly referenced.

Hint: The binding can be removed (if unused) or named `_` (if used implicitly). Alternatively, prefix the name with `_` to silence this warning:
  [apply] _t

Note: This linter can be disabled with `set_option linter.unusedVariables false`
⚠ [4107/4188] Replayed SM.CeRounding
warning: SM/CeRounding.lean:377:83: This simp argument is unused:
  Prod.fst_zero

Hint: Omit it from the simp argument list.
  [apply] simp only [chart, Prod.fst_add, Prod.snd_add, Prod.smul_mk, smul_eq_mul, Prod.snd_zero]

Note: This linter can be disabled with `set_option linter.unusedSimpArgs false`
warning: SM/CeRounding.lean:378:4: This simp argument is unused:
  Prod.snd_zero

Hint: Omit it from the simp argument list.
  [apply] simp only [chart, Prod.fst_add, Prod.snd_add, Prod.smul_mk, smul_eq_mul, Prod.fst_zero]

Note: This linter can be disabled with `set_option linter.unusedSimpArgs false`
warning: SM/CeRounding.lean:883:2: Try this: 
  letI̵

The goal is a proposition, so `let` is preferred over `letI`.
The difference between `let` and `letI` is that `letI` inlines the value.
But this is not relevant for proofs because of proof irrelevance.

Note: This linter can be disabled with `set_option linter.style.haveILetI false`
warning: SM/CeRounding.lean:893:2: Try this: 
  letI̵

The goal is a proposition, so `let` is preferred over `letI`.
The difference between `let` and `letI` is that `letI` inlines the value.
But this is not relevant for proofs because of proof irrelevance.

Note: This linter can be disabled with `set_option linter.style.haveILetI false`
warning: SM/CeRounding.lean:907:2: Try this: 
  letI̵

The goal is a proposition, so `let` is preferred over `letI`.
The difference between `let` and `letI` is that `letI` inlines the value.
But this is not relevant for proofs because of proof irrelevance.

Note: This linter can be disabled with `set_option linter.style.haveILetI false`
warning: SM/CeRounding.lean:923:2: Try this: 
  letI̵

The goal is a proposition, so `let` is preferred over `letI`.
The difference between `let` and `letI` is that `letI` inlines the value.
But this is not relevant for proofs because of proof irrelevance.

Note: This linter can be disabled with `set_option linter.style.haveILetI false`
warning: SM/CeRounding.lean:939:2: Try this: 
  letI̵

The goal is a proposition, so `let` is preferred over `letI`.
The difference between `let` and `letI` is that `letI` inlines the value.
But this is not relevant for proofs because of proof irrelevance.

Note: This linter can be disabled with `set_option linter.style.haveILetI false`
warning: SM/CeRounding.lean:989:2: Try this: 
  letI̵

The goal is a proposition, so `let` is preferred over `letI`.
The difference between `let` and `letI` is that `letI` inlines the value.
But this is not relevant for proofs because of proof irrelevance.

Note: This linter can be disabled with `set_option linter.style.haveILetI false`
warning: SM/CeRounding.lean:1241:2: Try this: 
  letI̵

The goal is a proposition, so `let` is preferred over `letI`.
The difference between `let` and `letI` is that `letI` inlines the value.
But this is not relevant for proofs because of proof irrelevance.

Note: This linter can be disabled with `set_option linter.style.haveILetI false`
⚠ [4171/4188] Replayed SM.GenericFront
warning: SM/GenericFront.lean:884:27: Variable name `hHs` is not explicitly referenced.

Hint: The binding can be removed (if unused) or named `_` (if used implicitly). Alternatively, prefix the name with `_` to silence this warning:
  [apply] _hHs

Note: This linter can be disabled with `set_option linter.unusedVariables false`
warning: SM/GenericFront.lean:2786:39: Variable name `hf'` is not explicitly referenced.

Hint: The binding can be removed (if unused) or named `_` (if used implicitly). Alternatively, prefix the name with `_` to silence this warning:
  [apply] _hf'

Note: This linter can be disabled with `set_option linter.unusedVariables false`
⚠ [4172/4188] Replayed SM.TransverseNeighborhood
warning: SM/TransverseNeighborhood.lean:2581:69: Variable name `hN` is not explicitly referenced.

Hint: The binding can be removed (if unused) or named `_` (if used implicitly). Alternatively, prefix the name with `_` to silence this warning:
  [apply] _hN

Note: This linter can be disabled with `set_option linter.unusedVariables false`
warning: SM/TransverseNeighborhood.lean:2763:5: Variable name `hκ` is not explicitly referenced.

Hint: The binding can be removed (if unused) or named `_` (if used implicitly). Alternatively, prefix the name with `_` to silence this warning:
  [apply] _hκ

Note: This linter can be disabled with `set_option linter.unusedVariables false`
warning: SM/TransverseNeighborhood.lean:3021:75: Variable name `hN` is not explicitly referenced.

Hint: The binding can be removed (if unused) or named `_` (if used implicitly). Alternatively, prefix the name with `_` to silence this warning:
  [apply] _hN

Note: This linter can be disabled with `set_option linter.unusedVariables false`
warning: SM/TransverseNeighborhood.lean:3033:84: Variable name `hN` is not explicitly referenced.

Hint: The binding can be removed (if unused) or named `_` (if used implicitly). Alternatively, prefix the name with `_` to silence this warning:
  [apply] _hN

Note: This linter can be disabled with `set_option linter.unusedVariables false`
⚠ [4175/4208] Replayed SM.FrontRowsW2S
warning: SM/FrontRowsW2S.lean:270:13: Variable name `a` is not explicitly referenced.

Hint: The binding can be removed (if unused) or named `_` (if used implicitly). Alternatively, prefix the name with `_` to silence this warning:
  [apply] _a

Note: This linter can be disabled with `set_option linter.unusedVariables false`
warning: SM/FrontRowsW2S.lean:270:15: Variable name `b` is not explicitly referenced.

Hint: The binding can be removed (if unused) or named `_` (if used implicitly). Alternatively, prefix the name with `_` to silence this warning:
  [apply] _b

Note: This linter can be disabled with `set_option linter.unusedVariables false`
warning: SM/FrontRowsW2S.lean:271:7: Variable name `a` is not explicitly referenced.

Hint: The binding can be removed (if unused) or named `_` (if used implicitly). Alternatively, prefix the name with `_` to silence this warning:
  [apply] _a

Note: This linter can be disabled with `set_option linter.unusedVariables false`
warning: SM/FrontRowsW2S.lean:2834:45: Variable name `hk` is not explicitly referenced.

Hint: The binding can be removed (if unused) or named `_` (if used implicitly). Alternatively, prefix the name with `_` to silence this warning:
  [apply] _hk

Note: This linter can be disabled with `set_option linter.unusedVariables false`
warning: SM/FrontRowsW2S.lean:2860:40: Variable name `hk` is not explicitly referenced.

Hint: The binding can be removed (if unused) or named `_` (if used implicitly). Alternatively, prefix the name with `_` to silence this warning:
  [apply] _hk

Note: This linter can be disabled with `set_option linter.unusedVariables false`
warning: SM/FrontRowsW2S.lean:4944:45: Variable name `hab` is not explicitly referenced.

Hint: The binding can be removed (if unused) or named `_` (if used implicitly). Alternatively, prefix the name with `_` to silence this warning:
  [apply] _hab

Note: This linter can be disabled with `set_option linter.unusedVariables false`
warning: SM/FrontRowsW2S.lean:5455:32: This simp argument is unused:
  List.mem_singleton

Hint: Omit it from the simp argument list.
  [apply] simp only [List.mem_cons, Prod.mk.injEq, true_and, List.not_mem_nil, or_false] at hmE

Note: This linter can be disabled with `set_option linter.unusedSimpArgs false`
warning: SM/FrontRowsW2S.lean:5555:32: This simp argument is unused:
  List.mem_singleton

Hint: Omit it from the simp argument list.
  [apply] simp only [List.mem_cons, Prod.mk.injEq, true_and, List.not_mem_nil, or_false] at hmE

Note: This linter can be disabled with `set_option linter.unusedSimpArgs false`
warning: SM/FrontRowsW2S.lean:5762:10: `if_pos` has been deprecated: Use `ite_eq_left` instead
warning: SM/FrontRowsW2S.lean:5765:10: `if_neg` has been deprecated: Use `ite_eq_right` instead
warning: SM/FrontRowsW2S.lean:5770:10: `if_pos` has been deprecated: Use `ite_eq_left` instead
warning: SM/FrontRowsW2S.lean:5773:10: `if_neg` has been deprecated: Use `ite_eq_right` instead
warning: SM/FrontRowsW2S.lean:5806:8: `if_neg` has been deprecated: Use `ite_eq_right` instead
warning: SM/FrontRowsW2S.lean:5826:8: `if_pos` has been deprecated: Use `ite_eq_left` instead
warning: SM/FrontRowsW2S.lean:5863:8: `if_neg` has been deprecated: Use `ite_eq_right` instead
warning: SM/FrontRowsW2S.lean:5886:8: `if_pos` has been deprecated: Use `ite_eq_left` instead
warning: SM/FrontRowsW2S.lean:7227:8: `if_pos` has been deprecated: Use `ite_eq_left` instead
warning: SM/FrontRowsW2S.lean:7239:8: `if_neg` has been deprecated: Use `ite_eq_right` instead
warning: SM/FrontRowsW2S.lean:7297:12: This simp argument is unused:
  List.filter_cons

Hint: Omit it from the simp argument list.
  [apply] simp [hP, hQ, hR, ih']

Note: This linter can be disabled with `set_option linter.unusedSimpArgs false`
warning: SM/FrontRowsW2S.lean:7318:14: This simp argument is unused:
  List.filter_cons

Hint: Omit it from the simp argument list.
  [apply] simp [hP, hQ', hR, hQL, hPL]

Note: This linter can be disabled with `set_option linter.unusedSimpArgs false`
warning: SM/FrontRowsW2S.lean:7321:14: This simp argument is unused:
  List.filter_cons

Hint: Omit it from the simp argument list.
  [apply] simp [hP, hQ', hR', ih']

Note: This linter can be disabled with `set_option linter.unusedSimpArgs false`
warning: SM/FrontRowsW2S.lean:7498:6: `if_neg` has been deprecated: Use `ite_eq_right` instead
warning: SM/FrontRowsW2S.lean:7498:32: `if_neg` has been deprecated: Use `ite_eq_right` instead
warning: SM/FrontRowsW2S.lean:7502:6: `if_neg` has been deprecated: Use `ite_eq_right` instead
warning: SM/FrontRowsW2S.lean:7502:32: `if_neg` has been deprecated: Use `ite_eq_right` instead
warning: SM/FrontRowsW2S.lean:7817:6: `if_neg` has been deprecated: Use `ite_eq_right` instead
warning: SM/FrontRowsW2S.lean:7817:52: `if_pos` has been deprecated: Use `ite_eq_left` instead
warning: SM/FrontRowsW2S.lean:7822:6: `if_neg` has been deprecated: Use `ite_eq_right` instead
warning: SM/FrontRowsW2S.lean:7822:52: `if_pos` has been deprecated: Use `ite_eq_left` instead
warning: SM/FrontRowsW2S.lean:7833:6: `if_pos` has been deprecated: Use `ite_eq_left` instead
warning: SM/FrontRowsW2S.lean:7845:6: `if_pos` has been deprecated: Use `ite_eq_left` instead
warning: SM/FrontRowsW2S.lean:7862:32: This simp argument is unused:
  List.mem_singleton

Hint: Omit it from the simp argument list.
  [apply] simp only [List.mem_cons, List.not_mem_nil, or_false] at hp

Note: This linter can be disabled with `set_option linter.unusedSimpArgs false`
warning: SM/FrontRowsW2S.lean:7869:32: This simp argument is unused:
  List.mem_singleton

Hint: Omit it from the simp argument list.
  [apply] simp only [List.mem_cons, List.not_mem_nil, or_false] at hp

Note: This linter can be disabled with `set_option linter.unusedSimpArgs false`
warning: SM/FrontRowsW2S.lean:7882:27: `if_pos` has been deprecated: Use `ite_eq_left` instead
warning: SM/FrontRowsW2S.lean:7884:27: `if_neg` has been deprecated: Use `ite_eq_right` instead
warning: SM/FrontRowsW2S.lean:7895:27: `if_pos` has been deprecated: Use `ite_eq_left` instead
warning: SM/FrontRowsW2S.lean:7897:27: `if_neg` has been deprecated: Use `ite_eq_right` instead
warning: SM/FrontRowsW2S.lean:7908:27: `if_pos` has been deprecated: Use `ite_eq_left` instead
warning: SM/FrontRowsW2S.lean:7910:27: `if_neg` has been deprecated: Use `ite_eq_right` instead
warning: SM/FrontRowsW2S.lean:8111:37: `if_pos` has been deprecated: Use `ite_eq_left` instead
warning: SM/FrontRowsW2S.lean:8112:55: `if_neg` has been deprecated: Use `ite_eq_right` instead
warning: SM/FrontRowsW2S.lean:8114:47: `if_pos` has been deprecated: Use `ite_eq_left` instead
warning: SM/FrontRowsW2S.lean:8115:53: `if_neg` has been deprecated: Use `ite_eq_right` instead
warning: SM/FrontRowsW2S.lean:8145:8: `if_pos` has been deprecated: Use `ite_eq_left` instead
warning: SM/FrontRowsW2S.lean:8145:19: `if_pos` has been deprecated: Use `ite_eq_left` instead
warning: SM/FrontRowsW2S.lean:8151:20: `if_neg` has been deprecated: Use `ite_eq_right` instead
warning: SM/FrontRowsW2S.lean:8151:45: `if_pos` has been deprecated: Use `ite_eq_left` instead
warning: SM/FrontRowsW2S.lean:8157:20: `if_neg` has been deprecated: Use `ite_eq_right` instead
warning: SM/FrontRowsW2S.lean:8157:45: `if_pos` has been deprecated: Use `ite_eq_left` instead
warning: SM/FrontRowsW2S.lean:8163:14: `if_pos` has been deprecated: Use `ite_eq_left` instead
warning: SM/FrontRowsW2S.lean:8171:14: `if_neg` has been deprecated: Use `ite_eq_right` instead
⚠ [4176/4208] Replayed SM.FrontRowsW3
warning: SM/FrontRowsW3.lean:6379:118: Unused tactic linter: `omega` does nothing

Note: This linter can be disabled with `set_option linter.unusedTactic false`
warning: SM/FrontRowsW3.lean:6449:118: Unused tactic linter: `omega` does nothing

Note: This linter can be disabled with `set_option linter.unusedTactic false`
warning: SM/FrontRowsW3.lean:7802:118: Unused tactic linter: `omega` does nothing

Note: This linter can be disabled with `set_option linter.unusedTactic false`
warning: SM/FrontRowsW3.lean:7872:118: Unused tactic linter: `omega` does nothing

Note: This linter can be disabled with `set_option linter.unusedTactic false`
warning: SM/FrontRowsW3.lean:8647:43: Variable name `c` is not explicitly referenced.

Hint: The binding can be removed (if unused) or named `_` (if used implicitly). Alternatively, prefix the name with `_` to silence this warning:
  [apply] _c

Note: This linter can be disabled with `set_option linter.unusedVariables false`
warning: SM/FrontRowsW3.lean:8647:45: Variable name `c'` is not explicitly referenced.

Hint: The binding can be removed (if unused) or named `_` (if used implicitly). Alternatively, prefix the name with `_` to silence this warning:
  [apply] _c'

Note: This linter can be disabled with `set_option linter.unusedVariables false`
warning: SM/FrontRowsW3.lean:8786:19: Used `tac1 <;> tac2` where `(tac1; tac2)` would suffice

Note: This linter can be disabled with `set_option linter.unnecessarySeqFocus false`
warning: SM/FrontRowsW3.lean:10281:98: Unused tactic linter: `omega` does nothing

Note: This linter can be disabled with `set_option linter.unusedTactic false`
warning: SM/FrontRowsW3.lean:10283:98: Unused tactic linter: `omega` does nothing

Note: This linter can be disabled with `set_option linter.unusedTactic false`
warning: SM/FrontRowsW3.lean:10281:98: this tactic is never executed

Note: This linter can be disabled with `set_option linter.unreachableTactic false`
warning: SM/FrontRowsW3.lean:10283:98: this tactic is never executed

Note: This linter can be disabled with `set_option linter.unreachableTactic false`
warning: SM/FrontRowsW3.lean:10298:97: Unused tactic linter: `omega` does nothing

Note: This linter can be disabled with `set_option linter.unusedTactic false`
warning: SM/FrontRowsW3.lean:10325:97: Unused tactic linter: `omega` does nothing

Note: This linter can be disabled with `set_option linter.unusedTactic false`
warning: SM/FrontRowsW3.lean:10352:97: Unused tactic linter: `omega` does nothing

Note: This linter can be disabled with `set_option linter.unusedTactic false`
warning: SM/FrontRowsW3.lean:10379:97: Unused tactic linter: `omega` does nothing

Note: This linter can be disabled with `set_option linter.unusedTactic false`
warning: SM/FrontRowsW3.lean:10416:118: Unused tactic linter: `omega` does nothing

Note: This linter can be disabled with `set_option linter.unusedTactic false`
warning: SM/FrontRowsW3.lean:10441:118: Unused tactic linter: `omega` does nothing

Note: This linter can be disabled with `set_option linter.unusedTactic false`
warning: SM/FrontRowsW3.lean:10624:43: Variable name `c` is not explicitly referenced.

Hint: The binding can be removed (if unused) or named `_` (if used implicitly). Alternatively, prefix the name with `_` to silence this warning:
  [apply] _c

Note: This linter can be disabled with `set_option linter.unusedVariables false`
warning: SM/FrontRowsW3.lean:10624:45: Variable name `c'` is not explicitly referenced.

Hint: The binding can be removed (if unused) or named `_` (if used implicitly). Alternatively, prefix the name with `_` to silence this warning:
  [apply] _c'

Note: This linter can be disabled with `set_option linter.unusedVariables false`
warning: SM/FrontRowsW3.lean:10756:19: Used `tac1 <;> tac2` where `(tac1; tac2)` would suffice

Note: This linter can be disabled with `set_option linter.unnecessarySeqFocus false`
warning: SM/FrontRowsW3.lean:12260:98: Unused tactic linter: `omega` does nothing

Note: This linter can be disabled with `set_option linter.unusedTactic false`
warning: SM/FrontRowsW3.lean:12262:98: Unused tactic linter: `omega` does nothing

Note: This linter can be disabled with `set_option linter.unusedTactic false`
warning: SM/FrontRowsW3.lean:12260:98: this tactic is never executed

Note: This linter can be disabled with `set_option linter.unreachableTactic false`
warning: SM/FrontRowsW3.lean:12262:98: this tactic is never executed

Note: This linter can be disabled with `set_option linter.unreachableTactic false`
warning: SM/FrontRowsW3.lean:12277:98: Unused tactic linter: `omega` does nothing

Note: This linter can be disabled with `set_option linter.unusedTactic false`
warning: SM/FrontRowsW3.lean:12304:98: Unused tactic linter: `omega` does nothing

Note: This linter can be disabled with `set_option linter.unusedTactic false`
warning: SM/FrontRowsW3.lean:12331:98: Unused tactic linter: `omega` does nothing

Note: This linter can be disabled with `set_option linter.unusedTactic false`
warning: SM/FrontRowsW3.lean:12358:98: Unused tactic linter: `omega` does nothing

Note: This linter can be disabled with `set_option linter.unusedTactic false`
warning: SM/FrontRowsW3.lean:12395:119: Unused tactic linter: `omega` does nothing

Note: This linter can be disabled with `set_option linter.unusedTactic false`
warning: SM/FrontRowsW3.lean:12420:119: Unused tactic linter: `omega` does nothing

Note: This linter can be disabled with `set_option linter.unusedTactic false`
warning: SM/FrontRowsW3.lean:12584:43: Variable name `c` is not explicitly referenced.

Hint: The binding can be removed (if unused) or named `_` (if used implicitly). Alternatively, prefix the name with `_` to silence this warning:
  [apply] _c

Note: This linter can be disabled with `set_option linter.unusedVariables false`
warning: SM/FrontRowsW3.lean:12584:45: Variable name `c'` is not explicitly referenced.

Hint: The binding can be removed (if unused) or named `_` (if used implicitly). Alternatively, prefix the name with `_` to silence this warning:
  [apply] _c'

Note: This linter can be disabled with `set_option linter.unusedVariables false`
⚠ [4177/4208] Replayed SM.FrontRowsW3b
warning: SM/FrontRowsW3b.lean:1066:98: Unused tactic linter: `omega` does nothing

Note: This linter can be disabled with `set_option linter.unusedTactic false`
warning: SM/FrontRowsW3b.lean:1068:98: Unused tactic linter: `omega` does nothing

Note: This linter can be disabled with `set_option linter.unusedTactic false`
warning: SM/FrontRowsW3b.lean:1066:98: this tactic is never executed

Note: This linter can be disabled with `set_option linter.unreachableTactic false`
warning: SM/FrontRowsW3b.lean:1068:98: this tactic is never executed

Note: This linter can be disabled with `set_option linter.unreachableTactic false`
warning: SM/FrontRowsW3b.lean:1083:97: Unused tactic linter: `omega` does nothing

Note: This linter can be disabled with `set_option linter.unusedTactic false`
warning: SM/FrontRowsW3b.lean:1110:97: Unused tactic linter: `omega` does nothing

Note: This linter can be disabled with `set_option linter.unusedTactic false`
warning: SM/FrontRowsW3b.lean:1137:97: Unused tactic linter: `omega` does nothing

Note: This linter can be disabled with `set_option linter.unusedTactic false`
warning: SM/FrontRowsW3b.lean:1164:97: Unused tactic linter: `omega` does nothing

Note: This linter can be disabled with `set_option linter.unusedTactic false`
warning: SM/FrontRowsW3b.lean:1201:118: Unused tactic linter: `omega` does nothing

Note: This linter can be disabled with `set_option linter.unusedTactic false`
warning: SM/FrontRowsW3b.lean:1226:118: Unused tactic linter: `omega` does nothing

Note: This linter can be disabled with `set_option linter.unusedTactic false`
warning: SM/FrontRowsW3b.lean:1391:43: Variable name `c` is not explicitly referenced.

Hint: The binding can be removed (if unused) or named `_` (if used implicitly). Alternatively, prefix the name with `_` to silence this warning:
  [apply] _c

Note: This linter can be disabled with `set_option linter.unusedVariables false`
warning: SM/FrontRowsW3b.lean:1391:45: Variable name `c'` is not explicitly referenced.

Hint: The binding can be removed (if unused) or named `_` (if used implicitly). Alternatively, prefix the name with `_` to silence this warning:
  [apply] _c'

Note: This linter can be disabled with `set_option linter.unusedVariables false`
warning: SM/FrontRowsW3b.lean:3003:98: Unused tactic linter: `omega` does nothing

Note: This linter can be disabled with `set_option linter.unusedTactic false`
warning: SM/FrontRowsW3b.lean:3005:98: Unused tactic linter: `omega` does nothing

Note: This linter can be disabled with `set_option linter.unusedTactic false`
warning: SM/FrontRowsW3b.lean:3003:98: this tactic is never executed

Note: This linter can be disabled with `set_option linter.unreachableTactic false`
warning: SM/FrontRowsW3b.lean:3005:98: this tactic is never executed

Note: This linter can be disabled with `set_option linter.unreachableTactic false`
warning: SM/FrontRowsW3b.lean:3020:98: Unused tactic linter: `omega` does nothing

Note: This linter can be disabled with `set_option linter.unusedTactic false`
warning: SM/FrontRowsW3b.lean:3047:98: Unused tactic linter: `omega` does nothing

Note: This linter can be disabled with `set_option linter.unusedTactic false`
warning: SM/FrontRowsW3b.lean:3074:98: Unused tactic linter: `omega` does nothing

Note: This linter can be disabled with `set_option linter.unusedTactic false`
warning: SM/FrontRowsW3b.lean:3101:98: Unused tactic linter: `omega` does nothing

Note: This linter can be disabled with `set_option linter.unusedTactic false`
warning: SM/FrontRowsW3b.lean:3138:119: Unused tactic linter: `omega` does nothing

Note: This linter can be disabled with `set_option linter.unusedTactic false`
warning: SM/FrontRowsW3b.lean:3163:119: Unused tactic linter: `omega` does nothing

Note: This linter can be disabled with `set_option linter.unusedTactic false`
⚠ [4183/4208] Replayed SM.TripleOrder
warning: SM/TripleOrder.lean:17:2: Try this: 
  letI̵

The goal is a proposition, so `let` is preferred over `letI`.
The difference between `let` and `letI` is that `letI` inlines the value.
But this is not relevant for proofs because of proof irrelevance.

Note: This linter can be disabled with `set_option linter.style.haveILetI false`
⚠ [4186/4208] Replayed SM.TripleAdjacency
warning: SM/TripleAdjacency.lean:28:2: Try this: 
  letI̵

The goal is a proposition, so `let` is preferred over `letI`.
The difference between `let` and `letI` is that `letI` inlines the value.
But this is not relevant for proofs because of proof irrelevance.

Note: This linter can be disabled with `set_option linter.style.haveILetI false`
warning: SM/TripleAdjacency.lean:29:2: Try this: 
  letI̵

The goal is a proposition, so `let` is preferred over `letI`.
The difference between `let` and `letI` is that `letI` inlines the value.
But this is not relevant for proofs because of proof irrelevance.

Note: This linter can be disabled with `set_option linter.style.haveILetI false`
⚠ [4187/4208] Replayed SM.TripleSides
warning: SM/TripleSides.lean:15:0: automatically included section variable(s) unused in theorem `SM.isCrossing_pair_reverse`:
  [NeZero n]
consider restructuring your `variable` declarations so that the variables are not in scope or explicitly omit them:
  omit [NeZero n] in theorem ...

Note: This linter can be disabled with `set_option linter.unusedSectionVars false`
warning: SM/TripleSides.lean:35:2: Try this: 
  letI̵

The goal is a proposition, so `let` is preferred over `letI`.
The difference between `let` and `letI` is that `letI` inlines the value.
But this is not relevant for proofs because of proof irrelevance.

Note: This linter can be disabled with `set_option linter.style.haveILetI false`
⚠ [4188/4208] Replayed SM.TripleExchanges
warning: SM/TripleExchanges.lean:42:0: automatically included section variable(s) unused in theorem `SM.triangleOrderExchanges_all`:
  [NeZero n]
consider restructuring your `variable` declarations so that the variables are not in scope or explicitly omit them:
  omit [NeZero n] in theorem ...

Note: This linter can be disabled with `set_option linter.unusedSectionVars false`
⚠ [4191/4208] Replayed SM.CarrierFloor
warning: SM/CarrierFloor.lean:602:44: Variable name `hturn` is not explicitly referenced.

Hint: The binding can be removed (if unused) or named `_` (if used implicitly). Alternatively, prefix the name with `_` to silence this warning:
  [apply] _hturn

Note: This linter can be disabled with `set_option linter.unusedVariables false`
warning: SM/CarrierFloor.lean:2358:55: Variable name `hu` is not explicitly referenced.

Hint: The binding can be removed (if unused) or named `_` (if used implicitly). Alternatively, prefix the name with `_` to silence this warning:
  [apply] _hu

Note: This linter can be disabled with `set_option linter.unusedVariables false`
⚠ [4193/4208] Replayed SM.CornerChainUnits
warning: SM/CornerChainUnits.lean:6948:0: automatically included section variable(s) unused in theorem `SM.sfta_insert_next_att`:
  [DecidableEq α]
consider restructuring your `variable` declarations so that the variables are not in scope or explicitly omit them:
  omit [DecidableEq α] in theorem ...

Note: This linter can be disabled with `set_option linter.unusedSectionVars false`
warning: SM/CornerChainUnits.lean:7086:64: Variable name `S` is not explicitly referenced.

Hint: The binding can be removed (if unused) or named `_` (if used implicitly). Alternatively, prefix the name with `_` to silence this warning:
  [apply] _S

Note: This linter can be disabled with `set_option linter.unusedVariables false`
warning: SM/CornerChainUnits.lean:7086:66: Variable name `T` is not explicitly referenced.

Hint: The binding can be removed (if unused) or named `_` (if used implicitly). Alternatively, prefix the name with `_` to silence this warning:
  [apply] _T

Note: This linter can be disabled with `set_option linter.unusedVariables false`
warning: SM/CornerChainUnits.lean:7686:8: `if_neg` has been deprecated: Use `ite_eq_right` instead
warning: SM/CornerChainUnits.lean:7729:0: automatically included section variable(s) unused in theorem `SM.sfta_markKey_visit_eq`:
  [NeZero n]
consider restructuring your `variable` declarations so that the variables are not in scope or explicitly omit them:
  omit [NeZero n] in theorem ...

Note: This linter can be disabled with `set_option linter.unusedSectionVars false`
warning: SM/CornerChainUnits.lean:7762:68: `if_neg` has been deprecated: Use `ite_eq_right` instead
warning: SM/CornerChainUnits.lean:7762:79: `if_neg` has been deprecated: Use `ite_eq_right` instead
warning: SM/CornerChainUnits.lean:7774:40: `if_neg` has been deprecated: Use `ite_eq_right` instead
warning: SM/CornerChainUnits.lean:7788:40: `if_neg` has been deprecated: Use `ite_eq_right` instead
warning: SM/CornerChainUnits.lean:7811:0: automatically included section variable(s) unused in theorem `SM.sfta_soft_new_key`:
  hP
consider restructuring your `variable` declarations so that the variables are not in scope or explicitly omit them:
  omit hP in theorem ...

Note: This linter can be disabled with `set_option linter.unusedSectionVars false`
warning: SM/CornerChainUnits.lean:7826:49: `if_neg` has been deprecated: Use `ite_eq_right` instead
warning: SM/CornerChainUnits.lean:7839:51: `if_neg` has been deprecated: Use `ite_eq_right` instead
warning: SM/CornerChainUnits.lean:7860:8: `if_neg` has been deprecated: Use `ite_eq_right` instead
warning: SM/CornerChainUnits.lean:7847:0: automatically included section variable(s) unused in theorem `SM.sfta_soft_zero_keys`:
  hP
consider restructuring your `variable` declarations so that the variables are not in scope or explicitly omit them:
  omit hP in theorem ...

Note: This linter can be disabled with `set_option linter.unusedSectionVars false`
warning: SM/CornerChainUnits.lean:9718:64: Variable name `S` is not explicitly referenced.

Hint: The binding can be removed (if unused) or named `_` (if used implicitly). Alternatively, prefix the name with `_` to silence this warning:
  [apply] _S

Note: This linter can be disabled with `set_option linter.unusedVariables false`
warning: SM/CornerChainUnits.lean:9718:66: Variable name `T` is not explicitly referenced.

Hint: The binding can be removed (if unused) or named `_` (if used implicitly). Alternatively, prefix the name with `_` to silence this warning:
  [apply] _T

Note: This linter can be disabled with `set_option linter.unusedVariables false`
warning: SM/CornerChainUnits.lean:10577:0: automatically included section variable(s) unused in theorem `SM.sftd_soft_key_a`:
  hP
consider restructuring your `variable` declarations so that the variables are not in scope or explicitly omit them:
  omit hP in theorem ...

Note: This linter can be disabled with `set_option linter.unusedSectionVars false`
warning: SM/CornerChainUnits.lean:10583:0: automatically included section variable(s) unused in theorem `SM.sftd_soft_key_b`:
  hP
consider restructuring your `variable` declarations so that the variables are not in scope or explicitly omit them:
  omit hP in theorem ...

Note: This linter can be disabled with `set_option linter.unusedSectionVars false`
warning: SM/CornerChainUnits.lean:10617:6: `push_neg` has been deprecated. Prefer using `push Not` instead.
If you'd rather continue using `push_neg` in your project, you can implement it as follows:
```
open Lean.Parser.Tactic in
macro "push_neg" cfg:optConfig loc:(location)? : tactic =>
  `(tactic| push $cfg:optConfig Not $[$loc]?)
```
warning: SM/CornerChainUnits.lean:10658:6: `push_neg` has been deprecated. Prefer using `push Not` instead.
If you'd rather continue using `push_neg` in your project, you can implement it as follows:
```
open Lean.Parser.Tactic in
macro "push_neg" cfg:optConfig loc:(location)? : tactic =>
  `(tactic| push $cfg:optConfig Not $[$loc]?)
```
warning: SM/CornerChainUnits.lean:11673:52: Variable name `hS` is not explicitly referenced.

Hint: The binding can be removed (if unused) or named `_` (if used implicitly). Alternatively, prefix the name with `_` to silence this warning:
  [apply] _hS

Note: This linter can be disabled with `set_option linter.unusedVariables false`
⚠ [4195/4208] Replayed SM.TripleVisitExchanges
warning: SM/TripleVisitExchanges.lean:28:0: automatically included section variable(s) unused in theorem `SM.exactTriangleVisitOrders_of_parameters`:
  [NeZero n]
consider restructuring your `variable` declarations so that the variables are not in scope or explicitly omit them:
  omit [NeZero n] in theorem ...

Note: This linter can be disabled with `set_option linter.unusedSectionVars false`
⚠ [4198/4208] Replayed SM.CSilent
warning: SM/CSilent.lean:992:5: Variable name `hnv` is not explicitly referenced.

Hint: The binding can be removed (if unused) or named `_` (if used implicitly). Alternatively, prefix the name with `_` to silence this warning:
  [apply] _hnv

Note: This linter can be disabled with `set_option linter.unusedVariables false`
⚠ [4203/4208] Built SM.CornerPolygon (6.2s)
warning: SM/CornerPolygon.lean:65:54: Variable name `hn` is not explicitly referenced.

Hint: The binding can be removed (if unused) or named `_` (if used implicitly). Alternatively, prefix the name with `_` to silence this warning:
  [apply] _hn

Note: This linter can be disabled with `set_option linter.unusedVariables false`
✔ [4204/4208] Built SM.CuspDeletionGeneric (5.7s)
⚠ [4205/4208] Built SM.AnchorValues (6.7s)
warning: SM/AnchorValues.lean:27:34: Variable name `hn` is not explicitly referenced.

Hint: The binding can be removed (if unused) or named `_` (if used implicitly). Alternatively, prefix the name with `_` to silence this warning:
  [apply] _hn

Note: This linter can be disabled with `set_option linter.unusedVariables false`
warning: SM/AnchorValues.lean:30:31: Variable name `hn` is not explicitly referenced.

Hint: The binding can be removed (if unused) or named `_` (if used implicitly). Alternatively, prefix the name with `_` to silence this warning:
  [apply] _hn

Note: This linter can be disabled with `set_option linter.unusedVariables false`
✔ [4206/4208] Built SM.AnchorValuesRow (6.8s)
✔ [4207/4208] Built SM.Comparison (7.0s)
✔ [4208/4208] Built SM.CInherits (6.9s)
Build completed successfully (4208 jobs).
